﻿{
	"array":
	[
		{
			"id": "one_hero_firstDay_main_hero_easy",
			"tasks":
			[
				{
					"task": "one_hero_scout_main_firstDay_tasks"
				}
			]
		},





		{
			"id": "one_hero_lastChance_main_hero_easy",
			"tasks":
			[
				{
					"task": "one_hero_lastChance_main_hero_tasks",
					"conditions":
					{
						"logic": "And",
						"array":
						[
							{
								"condition": "strategyDayGreaterOrEqual",
                                "param": [ "3" ]
							}
						]
					}
				},
				{
					"task": "one_hero_lastChance_main_hero_needArmy_tasks"
				}
			]
		},





		{
			"id": "one_hero_defenceActive_main_hero_easy",
			"tasks":
			[
				{
					"task": "one_hero_defenceActive_main_hero_tasks_customScenario_AttackMarkedHero",
					"conditions":
					{
						"logic": "And",
						"array":
						[
							{
								"condition": "haveMarkedHero"
							},
							{
								"condition": "isMarkedHeroCloserMarkedEnemyCity"
							},
							{
								"condition": "mainValueMoreMarkedHero",
								"param": [ "1.0" ]
							}
						]
					}
				},
				{
					"task": "one_hero_defenceActive_main_hero_tasks_customScenario_AttackMarkedCity",
					"conditions":
					{
						"logic": "And",
						"array":
						[
							{
								"condition": "haveMarkedEnemyCity"
							},
							{
								"condition": "isMarkedHeroFurtherMarkedEnemyCity"
							},
							{
								"condition": "mainValueMoreMarkedCity",
								"param": [ "1.0" ]
							},
							{
								"condition": "mainValueMoreMarkedHeroAndCity",
								"param": [ "1.0" ]
							}
						]
					}
				},
				{
					"task": "one_hero_defenceActive_main_hero_tasks_customScenario_AttackMarkedHero",
					"conditions":
					{
						"logic": "And",
						"array":
						[
							{
								"condition": "haveMarkedHero"
							},
							{
								"condition": "mainValueMoreMarkedHero",
								"param": [ "1.0" ]
							}
						]
					}
				},
				{
					"task": "one_hero_defenceActive_main_hero_tasks_customScenario_AttackMarkedCity",
					"conditions":
					{
						"logic": "And",
						"array":
						[
							{
								"condition": "haveMarkedEnemyCity"
							},
							{
								"condition": "mainValueMoreMarkedCity",
								"param": [ "1.0" ]
							},
							{
								"condition": "mainValueMoreMarkedHeroAndCity",
								"param": [ "1.0" ]
							}
						]
					}
				},
				{
					"task": "one_hero_defenceActive_main_hero_tasks"
				}
			]
		},

	



		{
			"id": "one_hero_defencePassive_main_hero_easy",
			"tasks":
			[
				{
					"task": "one_hero_defencePassive_main_hero_tasks"
				}
			]
		},





		{
			"id": "one_hero_captureArea_main_hero_easy",
			"tasks":
			
			[
				{
					"task": "one_hero_captureArea_main_hero_tasks"
				}
			]
		},





		{
			"id": "one_hero_expandArea_main_hero_easy",
			"tasks":
			[
				{
					"task": "one_hero_expandArea_main_hero_tasks_customScenario_UpgradeUnitsInMarkedCity",
					"conditions":
					{
						"logic": "And",
						"array":
						[
							{
								"condition": "haveMarkedCityForUpgrade"
							},
							{
								"condition": "mainUpgradeUnitsInCityPercentMore",
								"param": [ "0.6" ]
							}
						]
					}
				},
				{
					"task": "one_hero_expandArea_main_hero_tasks_customScenario_TakeGarnisonFromMarkedCityToCourier",
					"conditions":
					{
						"logic": "And",
						"array":
						[
							{
								"condition": "haveMarkedCityToCourier"
							},
							{
								"condition": "heroValueLessMarkedCityGarnison",
								"param": [ "0.65" ]
							}
						]
					}
				},
				{
					"task": "one_hero_expandArea_main_hero_tasks",
					"conditions":
					{
						"logic": "And",
						"array":
						[
							{
								"condition": "mainStrongerWeakedFrontier",
								"param": [ "0.8" ]
							}
						]
					}
				},
				{
					"task": "one_hero_expandArea_main_hero_needValue_tasks"
				}
			]
		},





		{
			"id": "one_hero_defaultWar_main_hero_easy",
			"tasks":
			[
				{
					"task": "one_hero_defaultWar_main_hero_tasks_customScenario_TakeGarnisonFromMarkedCityToCourier",
					"conditions":
					{
						"logic": "And",
						"array":
						[
							{
								"condition": "haveMarkedCityToCourier"
							},
							{
								"condition": "heroValueLessMarkedCityGarnison",
								"param": [ "0.65" ]
							}
						]
					}
				},
				{
					"task": "one_hero_defaultWar_main_hero_tasks_customScenario_UpgradeUnitsInMarkedCity",
					"conditions":
					{
						"logic": "And",
						"array":
						[
							{
								"condition": "haveMarkedCityForUpgrade"
							},
							{
								"condition": "mainUpgradeUnitsInCityPercentMore",
								"param": [ "0.6" ]
							}
						]
					}
				},
				{
					"task": "one_hero_defaultWar_main_hero_tasks_customScenario_AttackMarkedHero",
					"conditions":
					{
						"logic": "And",
						"array":
						[
							{
								"condition": "haveMarkedHero"
							},
							{
								"condition": "isMarkedHeroCloserMarkedEnemyCity"
							},
							{
								"condition": "mainValueMoreMarkedHero",
								"param": [ "1.0" ]
							}
						]
					}
				},
				{
					"task": "one_hero_defaultWar_main_hero_tasks_customScenario_AttackMarkedCity",
					"conditions":
					{
						"logic": "And",
						"array":
						[
							{
								"condition": "haveMarkedEnemyCity"
							},
							{
								"condition": "isMarkedHeroFurtherMarkedEnemyCity"
							},
							{
								"condition": "mainValueMoreMarkedCity",
								"param": [ "1.0" ]
							},
							{
								"condition": "mainValueMoreMarkedHeroAndCity",
								"param": [ "1.0" ]
							}
						]
					}
				},
				{
					"task": "one_hero_defaultWar_main_hero_tasks_customScenario_AttackMarkedHero",
					"conditions":
					{
						"logic": "And",
						"array":
						[
							{
								"condition": "haveMarkedHero"
							},
							{
								"condition": "mainValueMoreMarkedHero",
								"param": [ "1.0" ]
							}
						]
					}
				},
				{
					"task": "one_hero_defaultWar_main_hero_tasks_customScenario_AttackMarkedCity",
					"conditions":
					{
						"logic": "And",
						"array":
						[
							{
								"condition": "haveMarkedEnemyCity"
							},
							{
								"condition": "mainValueMoreMarkedCity",
								"param": [ "1.0" ]
							},
							{
								"condition": "mainValueMoreMarkedHeroAndCity",
								"param": [ "1.0" ]
							}
						]
					}
				},
				{
					"task": "one_hero_defaultWar_main_hero_tasks"
				}
			]
		},





		{
			"id": "one_hero_default_main_hero_easy",
			"tasks":
			[				
				{
					"task": "one_hero_default_main_hero_tasks_customScenario_TakeGarnisonFromMarkedCityToCourier",
					"conditions":
					{
						"logic": "And",
						"array":
						[
							{
								"condition": "haveMarkedCityToCourier"
							},
							{
								"condition": "heroValueLessMarkedCityGarnison",
								"param": [ "0.65" ]
							}
						]
					}
				},
				{
					"task": "one_hero_default_main_hero_tasks_customScenario_UpgradeUnitsInMarkedCity",
					"conditions":
					{
						"logic": "And",
						"array":
						[
							{
								"condition": "haveMarkedCityForUpgrade"
							},
							{
								"condition": "mainUpgradeUnitsInCityPercentMore",
								"param": [ "0.6" ]
							}
						]
					}
				},
				{
					"task": "one_hero_default_main_hero_tasks_customScenario_GoToMarkedNode",
					"conditions":
					{
						"logic": "And",
						"array":
						[
							{
								"condition": "heroNotInMarkedNodeArea"
							},
							{
								"condition": "isAreaMarkedPointNotLocked"
							},
							{
								"condition": "heroValueMoreMarkedCityGarnison",
								"param": [ "0.65" ]
							}
						]
					}
				},
				{
					"task": "one_hero_default_main_hero_tasks"
				}
			]
		}
	]
}
