﻿{
	"timeToPick": "60000",
	"busySlotChance": 0.1,
	
	"applySkillReplace": true,
	"newSkillLevel": 2,
	"numHeroLevelup": 7,
	"numPickMagic": 8,
	"statsNumBonus": 0,
	"magicLevelChances":
	[
		200, 100, 50, 25
	],

	"magicShcoolRollMultipler": 
	[
		1, 0.5, 0.25 
	],
	"magicDeniedNextRoundMultipler": 0.0,

	"numPickItems": 8,

	"buffs":
	[
		{
			"heroClass": "might",
			"buffs": [ "arena_might_buff_1", "arena_might_buff_2", "arena_might_buff_3" ]
		},
		{
			"heroClass": "magic",
			"buffs": [ "arena_mage_buff_1", "arena_mage_buff_2", "arena_mage_buff_3" ]
		}
	],

	"unitTiersChance":
	[
		1500, 2000, 2500, 3000, 2500, 2000, 1500
	],

	"itemsMultipler":
	[
		{
			"multiplerByNum":
			[
				1.00, 1.25, 1.50, 1.25
			],
			"items": 
			[ 
				"shamaniac_soul_iridescent_cloak_artifact",
				"shamaniac_soul_gemwood_mask_artifact",
				"shamaniac_soul_shaman_staff_artifact",
				"shamaniac_soul_clutching_ring_artifact" 
			]
		},
		{
			"multiplerByNum":
			[
				1.00, 1.50, 1.25, 1.75, 0.75
			],
			"items": 
			[ 
				"knights_honor_plate_armor_artifact",
				"knights_honor_armet_artifact",
				"knights_honor_drums_of_war_artifact",
				"knights_honor_misericorde_artifact",
				"knights_honor_lance_artifact" 
			]
		},
		{
			"multiplerByNum":
			[
				1.00, 1.50, 1.10, 1.50, 1.20, 1.50
			],
			"items": 
			[
				"paupers_glory_wooden_ring_artifact",
				"paupers_glory_straw_hat_artifact",
				"paupers_glory_rope_belt_artifact",
				"paupers_glory_rags_artifact",
				"paupers_glory_dumb_club_artifact",
				"paupers_glory_last_coin_artifact"
			]
		},
		{
			"multiplerByNum":
			[
				1.00, 1.25, 1.50, 1.25, 1.25, 1.00
			],
			"items": 
			[
				"angelic_alliance_armor_of_wonder_artifact",
				"angelic_alliance_celestial_sash_of_bliss_artifact",
				"angelic_alliance_sandals_of_the_saint_artifact",
				"angelic_alliance_helm_of_heavenly_enlightenment_artifact",
				"angelic_alliance_lions_shield_of_courage_artifact",
				"angelic_alliance_sword_of_judgement_artifact"
			]
		},
		{
			"multiplerByNum":
			[
				1.00, 1.25, 1.50, 1.50
			],
			"items": 
			[
				"gifts_of_dwarven_lords_automated_antimagic_shield_artifact",
				"gifts_of_dwarven_lords_protective_belt_artifact",
				"gifts_of_dwarven_lords_crimson_resonance_controller_artifact",
				"gifts_of_dwarven_lords_emerald_resonance_controller_artifact"
			]
		},
		{
			"multiplerByNum":
			[
				1.00, 1.00, 1.00
			],
			"items": 
			[
				"elixir_of_life_flask_of_oblivion_artifact",
				"elixir_of_life_lifeblood_fairy_artifact",
				"elixir_of_life_ring_of_life_artifact"
			]
		},
		{
			"multiplerByNum":
			[
				1.00, 1.25, 1.25, 1.00
			],
			"items": 
			[
				"shadow_of_death_cursed_armor_artifact",
				"shadow_of_death_second_shade_artifact",
				"shadow_of_death_bone_boots_artifact",
				"shadow_of_death_dark_hatchet_artifact"
			]
		},
		{
			"multiplerByNum":
			[
				1.00, 1.25, 1.50
			],
			"items": 
			[
				"living_arrows_light_and_shade_cloak_artifact",
				"living_arrows_quivering_quiver_artifact",
				"living_arrows_shroomwood_bow_artifact"
			]
		},
		{
			"multiplerByNum":
			[
				1.00, 1.25, 1.50
			],
			"items": 
			[
				"duelists_pride_buckler_artifact",
				"duelists_pride_rapier_artifact",
				"duelists_pride_brass_knuckles_artifact"
			]
		},
		{
			"multiplerByNum":
			[
				1.00, 1.25, 1.50, 1.75
			],
			"items": 
			[
				"ethereal_knowledge_vortex_dress_artifact",
				"ethereal_knowledge_mirror_shoes_artifact",
				"ethereal_knowledge_third_eye_artifact",
				"ethereal_knowledge_glass_dagger_artifact"
			]
		},
		{
			"multiplerByNum":
			[
				1.00, 1.25, 1.00, 1.25, 1.00, 1.25, 1.50, 1.00
			],
			"items": 
			[
				"power_of_the_dragon_father_dragon_scale_armor_artifact",
				"power_of_the_dragon_father_dragon_wing_artifact",
				"power_of_the_dragon_father_slithering_sash_artifact",
				"power_of_the_dragon_father_dragonbone_greaves_artifact",
				"power_of_the_dragon_father_dragon_crest_artifact",
				"power_of_the_dragon_father_dragon_scale_shield_artifact",
				"power_of_the_dragon_father_red_dragon_flame_tongue_artifact",
				"power_of_the_dragon_father_piercing_eye_of_a_dragon_artifact"
			]
		},
		{
			"multiplerByNum":
			[
				1.00, 1.25, 1.25, 1.50
			],
			"items": 
			[
				"beelzebubs_blessing_heartbeat_artifact",
				"beelzebubs_blessing_demon_crest_artifact",
				"beelzebubs_blessing_chitinous_shield_artifact",
				"beelzebubs_blessing_demon_claw_artifact"
			]
		},
		{
			"multiplerByNum":
			[
				1.00, 1.00, 1.25, 1.25
			],
			"items": 
			[
				"rule_of_shadow_liquid_silence_artifact",
				"rule_of_shadow_the_truthmaker_artifact",
				"rule_of_shadow_the_truthseeker_artifact",
				"rule_of_shadow_nostrias_gaze_artifact"
			]
		},
		{
			"multiplerByNum":
			[
				1.00, 0.50, 0.25, 0.00
			],
			"items": 
			[
				"catechism_of_primal_magic_artifact",
				"catechism_of_daylight_magic_artifact",
				"catechism_of_night_magic_artifact",
				"catechism_of_spacetime_magic_artifact"
			]
		},

		{
			"multiplerByNum":
			[
				1.00, 0.75
			],
			"items": 
			[
				"warriors_strength_warriors_oberegus_artifact",
				"warriors_strength_warriors_belt_artifact"
			]
		},
		{
			"multiplerByNum":
			[
				1.00, 0.75
			],
			"items": 
			[
				"keepers_fortitude_keepers_oberegus_artifact",
				"keepers_fortitude_keepers_ring_artifact"
			]
		},
		{
			"multiplerByNum":
			[
				1.00, 0.75
			],
			"items": 
			[
				"wizards_might_wizards_oberegus_artifact",
				"wizards_might_wizards_cloak_artifact"
			]
		},
		{
			"multiplerByNum":
			[
				1.00, 0.75
			],
			"items": 
			[
				"scholars_wisdom_scholars_oberegus_artifact",
				"scholars_wisdom_scholars_tiara_artifact"
			]
		}
	],

	"itemsGroup":
	[
		{
			"debugName": "oldCommon",
			"chance": 1600,
			"items": 
			[ 
				{ "subGroups": [ "i_might" ], 	"chance": 100,	"sid":"paupers_glory_dumb_club_artifact" },
				{ "subGroups": [ "i_all" ], 	"chance": 100,	"sid":"paupers_glory_last_coin_artifact" },
				{ "subGroups": [ "i_magic" ], 	"chance": 100,	"sid":"paupers_glory_rags_artifact" },
				{ "subGroups": [ "i_might" ], 	"chance": 100,	"sid":"paupers_glory_rope_belt_artifact" },
				{ "subGroups": [ "i_magic" ], 	"chance": 100,	"sid":"paupers_glory_straw_hat_artifact" },
				{ "subGroups": [ "i_all" ], 	"chance": 100,	"sid":"paupers_glory_wooden_ring_artifact" },

				{ "subGroups": [ "i_might" ], 	"chance": 100,	"sid":"power_of_the_dragon_father_piercing_eye_of_a_dragon_artifact" },
				{ "subGroups": [ "i_magic" ], 	"chance": 100,	"sid":"power_of_the_dragon_father_dragonbone_greaves_artifact" },

				{ "subGroups": [ "i_all" ], 	"chance": 100,	"sid":"ethereal_knowledge_mirror_shoes_artifact" },

				{ "subGroups": [ "i_all" ], 	"chance": 100,	"sid":"shamaniac_soul_clutching_ring_artifact" },

				{ "subGroups": [ "i_all" ], 	"chance": 100,	"sid":"inner_song_fancy_mask_artifact" },

				{ "subGroups": [ "i_might" ], 	"chance": 100,	"sid":"boreolos_foot_artifact" },
				{ "subGroups": [ "i_might" ], 	"chance": 100,	"sid":"boreolos_hand_artifact" },
				{ "subGroups": [ "i_magic" ], 	"chance": 100,	"sid":"boreolos_head_artifact" },
				{ "subGroups": [ "i_magic" ], 	"chance": 100,	"sid":"boreolos_heart_artifact" },

				{ "subGroups": [ "i_might" ], 	"chance": 100,	"sid":"shoddy_shield_artifact" },
				{ "subGroups": [ "i_might" ], 	"chance": 100,	"sid":"chain_mail_artifact" },
				{ "subGroups": [ "i_all" ], 	"chance": 100,	"sid":"omencaller_artifact" },
				{ "subGroups": [ "i_all" ], 	"chance": 100,	"sid":"soulless_sash_artifact" }
			]
		},
		{
			"debugName": "oldRare",
			"chance": 2400,
			"items": 
			[ 
				{ "subGroups": [ "i_might" ], 	"chance": 100,		"sid":"power_of_the_dragon_father_red_dragon_flame_tongue_artifact" },
				{ "subGroups": [ "i_magic" ], 	"chance": 100,		"sid":"power_of_the_dragon_father_dragon_wing_artifact" },

				{ "subGroups": [ "i_all" ], 	"chance": 100,		"sid":"gifts_of_dwarven_lords_automated_antimagic_shield_artifact" },
				{ "subGroups": [ "i_all" ], 	"chance": 100,		"sid":"gifts_of_dwarven_lords_emerald_resonance_controller_artifact" },

				{ "subGroups": [ "i_all" ], 	"chance": 100,		"sid":"elixir_of_life_lifeblood_fairy_artifact" },
				{ "subGroups": [ "i_all" ], 	"chance": 100,		"sid":"elixir_of_life_flask_of_oblivion_artifact" },

				{ "subGroups": [ "i_all" ], 	"chance": 100,		"sid":"ukhtabar_seal_tabar_seal_artifact" },
				{ "subGroups": [ "i_all" ], 	"chance": 100,		"sid":"ukhtabar_seal_ukh_seal_artifact" },

				{ "subGroups": [ "i_might" ], 	"chance": 100,		"sid":"knights_honor_armet_artifact" },
				{ "subGroups": [ "i_might" ], 	"chance": 100,		"sid":"knights_honor_drums_of_war_artifact" },
				{ "subGroups": [ "i_might" ], 	"chance": 100,		"sid":"knights_honor_lance_artifact" },
				{ "subGroups": [ "i_might" ], 	"chance": 100,		"sid":"knights_honor_misericorde_artifact" },
				{ "subGroups": [ "i_might" ], 	"chance": 100,		"sid":"knights_honor_plate_armor_artifact" },

				{ "subGroups": [ "i_might" ], 	"chance": 100,		"sid":"duelists_pride_rapier_artifact" },

				{ "subGroups": [ "i_all" ], 	"chance": 100,		"sid":"rule_of_shadow_liquid_silence_artifact" },

				{ "subGroups": [ "i_all" ], 	"chance": 100,		"sid":"inner_song_singing_pan_pipe_artifact" },

				{ "subGroups": [ "i_all" ], 	"chance": 100,		"sid":"lords_ring_artifact" },
				{ "subGroups": [ "i_all" ], 	"chance": 100,		"sid":"monster_head_artifact" },

				{ "subGroups": [ "i_might" ], 	"chance": 100,		"sid":"warriors_strength_warriors_oberegus_artifact" },
				{ "subGroups": [ "i_might" ], 	"chance": 100,		"sid":"warriors_strength_warriors_belt_artifact" },
				{ "subGroups": [ "i_might" ], 	"chance": 100,		"sid":"keepers_fortitude_keepers_oberegus_artifact" },
				{ "subGroups": [ "i_might" ], 	"chance": 100,		"sid":"keepers_fortitude_keepers_ring_artifact" },
				{ "subGroups": [ "i_magic" ], 	"chance": 100,		"sid":"wizards_might_wizards_oberegus_artifact" },
				{ "subGroups": [ "i_magic" ], 	"chance": 100,		"sid":"wizards_might_wizards_cloak_artifact" },
				{ "subGroups": [ "i_magic" ], 	"chance": 100,		"sid":"scholars_wisdom_scholars_oberegus_artifact" },
				{ "subGroups": [ "i_magic" ], 	"chance": 100,		"sid":"scholars_wisdom_scholars_tiara_artifact" },

				{ "subGroups": [ "i_all" ], 	"chance": 100,		"sid":"cards_deck_artifact" },
				{ "subGroups": [ "i_all" ], 	"chance": 100,		"sid":"runestone_shards_artifact" }
			]
		},
		{
			"debugName": "oldEpic",
			"chance": 2400,
			"items": 
			[ 
				{ "subGroups": [ "i_magic" ], 	"chance": 100,	"sid":"power_of_the_dragon_father_slithering_sash_artifact" },
				{ "subGroups": [ "i_might" ], 	"chance": 100,	"sid":"power_of_the_dragon_father_dragon_scale_shield_artifact" },

				{ "subGroups": [ "i_magic" ], 	"chance": 100,	"sid":"ethereal_knowledge_glass_dagger_artifact" },
				{ "subGroups": [ "i_all" ], 	"chance": 100,	"sid":"ethereal_knowledge_vortex_dress_artifact" },

				{ "subGroups": [ "i_all" ], 	"chance": 100,	"sid":"gifts_of_dwarven_lords_crimson_resonance_controller_artifact" },
				{ "subGroups": [ "i_all" ], 	"chance": 100,	"sid":"gifts_of_dwarven_lords_protective_belt_artifact" },

				{ "subGroups": [ "i_all" ], 	"chance": 100,	"sid":"elixir_of_life_ring_of_life_artifact" },

				{ "subGroups": [ "i_all" ], 	"chance": 100,	"sid":"angelic_alliance_celestial_sash_of_bliss_artifact" },
				{ "subGroups": [ "i_all" ], 	"chance": 100,	"sid":"angelic_alliance_helm_of_heavenly_enlightenment_artifact" },
				{ "subGroups": [ "i_all" ], 	"chance": 100,	"sid":"angelic_alliance_sandals_of_the_saint_artifact" },

				{ "subGroups": [ "i_might" ], 	"chance": 100,	"sid":"duelists_pride_buckler_artifact" },

				{ "subGroups": [ "i_magic" ], 	"chance": 100,	"sid":"shamaniac_soul_iridescent_cloak_artifact" },
				{ "subGroups": [ "i_magic" ], 	"chance": 100,	"sid":"shamaniac_soul_shaman_staff_artifact" },

				{ "subGroups": [ "i_all" ], 	"chance": 100,	"sid":"rule_of_shadow_the_truthmaker_artifact" },
				{ "subGroups": [ "i_all" ], 	"chance": 100,	"sid":"rule_of_shadow_the_truthseeker_artifact" },

				{ "subGroups": [ "i_all" ], 	"chance": 100,	"sid":"inner_song_music_sheet_artifact" },

				{ "subGroups": [ "i_might" ], 	"chance": 100,	"sid":"living_arrows_light_and_shade_cloak_artifact" },
				{ "subGroups": [ "i_might" ], 	"chance": 100,	"sid":"living_arrows_quivering_quiver_artifact" },
				{ "subGroups": [ "i_might" ], 	"chance": 100,	"sid":"living_arrows_shroomwood_bow_artifact" },

				{ "subGroups": [ "i_might" ], 	"chance": 100,	"sid":"shadow_of_death_dark_hatchet_artifact" },
				{ "subGroups": [ "i_magic" ], 	"chance": 100,	"sid":"shadow_of_death_second_shade_artifact" },
				{ "subGroups": [ "i_magic" ], 	"chance": 100,	"sid":"shadow_of_death_bone_boots_artifact" },
				{ "subGroups": [ "i_might" ], 	"chance": 100,	"sid":"shadow_of_death_cursed_armor_artifact" },

				{ "subGroups": [ "i_magic" ], 	"chance": 100,	"sid":"resonant_sphere_orb_of_daylight_artifact" },
				{ "subGroups": [ "i_magic" ], 	"chance": 100,	"sid":"resonant_sphere_orb_of_eternity_artifact" },
				{ "subGroups": [ "i_magic" ], 	"chance": 100,	"sid":"resonant_sphere_orb_of_twilight_artifact" },
				{ "subGroups": [ "i_magic" ], 	"chance": 100,	"sid":"resonant_sphere_primal_orb_artifact" },

				{ "subGroups": [ "i_magic" ], 	"chance": 100,	"sid":"tunic_of_the_cyclops_king_artifact" },
				{ "subGroups": [ "i_might" ], 	"chance": 100,	"sid":"tarq_of_the_rampaging_ogre_artifact" },
				{ "subGroups": [ "i_might" ], 	"chance": 100,	"sid":"ogres_club_of_havoc_artifact" },
				{ "subGroups": [ "i_magic" ], 	"chance": 100,	"sid":"crown_of_the_supreme_magi_artifact" },

				{ "subGroups": [ "i_all" ], 	"chance": 0,	"sid":"tactical_guide_artifact" },				
				{ "subGroups": [ "i_all" ], 	"chance": 50,	"sid":"chain_link_artifact" },
				{ "subGroups": [ "i_all" ], 	"chance": 100,	"sid":"ring_of_neutrality_artifact" },
				{ "subGroups": [ "i_all" ], 	"chance": 100,	"sid":"fine_wand_artifact" },
				{ "subGroups": [ "i_all" ], 	"chance": 100,	"sid":"garotte_artifact" },

				{ "subGroups": [ "i_all" ], 	"chance": 100,	"sid":"excalibur_artifact" },
				{ "subGroups": [ "i_all" ], 	"chance": 100,	"sid":"caduceus_artifact" },
				{ "subGroups": [ "i_all" ], 	"chance": 100,	"sid":"ancient_idol_artifact" },

				{ "subGroups": [ "i_all" ], 	"chance": 100,	"sid":"clothes_of_enlightenment_artifact" },
				{ "subGroups": [ "i_all" ], 	"chance": 100,	"sid":"spells_in_a_bottle_artifact" }
			]
		},
		{
			"debugName": "oldLegendary",
			"chance": 1200,
			"items": 
			[ 
				{ "subGroups": [ "i_might" ], 	"chance": 100,	"sid":"power_of_the_dragon_father_dragon_scale_armor_artifact" },
				{ "subGroups": [ "i_magic" ], 	"chance": 100,	"sid":"power_of_the_dragon_father_dragon_crest_artifact" },

				{ "subGroups": [ "i_all" ], 	"chance": 100,	"sid":"ethereal_knowledge_third_eye_artifact" },

				{ "subGroups": [ "i_all" ], 	"chance": 100,	"sid":"angelic_alliance_armor_of_wonder_artifact" },
				{ "subGroups": [ "i_all" ], 	"chance": 100,	"sid":"angelic_alliance_lions_shield_of_courage_artifact" },
				{ "subGroups": [ "i_all" ], 	"chance": 100,	"sid":"angelic_alliance_sword_of_judgement_artifact" },

				{ "subGroups": [ "i_might" ], 	"chance": 100,	"sid":"duelists_pride_brass_knuckles_artifact" },

				{ "subGroups": [ "i_all" ], 	"chance": 100,	"sid":"rule_of_shadow_nostrias_gaze_artifact" },

				{ "subGroups": [ "i_might" ], 	"chance": 100,	"sid":"beelzebubs_blessing_chitinous_shield_artifact" },
				{ "subGroups": [ "i_might" ], 	"chance": 100,	"sid":"beelzebubs_blessing_demon_claw_artifact" },
				{ "subGroups": [ "i_magic" ], 	"chance": 100,	"sid":"beelzebubs_blessing_demon_crest_artifact" },
				{ "subGroups": [ "i_magic" ], 	"chance": 100,	"sid":"beelzebubs_blessing_heartbeat_artifact" },

				{ "subGroups": [ "i_magic" ], 	"chance": 50,	"sid":"catechism_of_daylight_magic_artifact" },
				{ "subGroups": [ "i_magic" ], 	"chance": 50,	"sid":"catechism_of_night_magic_artifact" },
				{ "subGroups": [ "i_magic" ], 	"chance": 50,	"sid":"catechism_of_primal_magic_artifact" },
				{ "subGroups": [ "i_magic" ], 	"chance": 50,	"sid":"catechism_of_spacetime_magic_artifact" },

				{ "subGroups": [ "i_might" ], 	"chance": 100,	"sid":"warlord_boots_artifact" },
				{ "subGroups": [ "i_magic" ], 	"chance": 100,	"sid":"soulscaller_ring_artifact" },
				{ "subGroups": [ "i_all" ], 	"chance": 100,	"sid":"sixth_finger_artifact" },
				{ "subGroups": [ "i_magic" ], 	"chance": 100,	"sid":"hourglass_of_protection_artifact" },
				{ "subGroups": [ "i_all" ], 	"chance": 100,	"sid":"eagle_armor_artifact" },
				{ "subGroups": [ "i_all" ], 	"chance": 100,	"sid":"orb_of_inhibition_artifact" },

				{ "subGroups": [ "i_all" ], 	"chance": 100,	"sid":"two_faced_mask_artifact" },
				{ "subGroups": [ "i_all" ], 	"chance": 100,	"sid":"orb_of_destruction_artifact" },
				{ "subGroups": [ "i_all" ], 	"chance": 100,	"sid":"seal_of_silence_artifact" },

				{ "subGroups": [ "i_all" ], 	"chance": 100,	"sid":"spellbinders_hat_artifact" }
			]
		}
	],

	"rollToSlots":
	[
		{ "slot":"any", "num": 0 },
		{ "slot":"left_hand", "num": 1 },
		{ "slot":"right_hand", "num": 1 },
		{ "slot":"armor", "num": 1 },
		{ "slot":"head", "num": 1 },
		{ "slot":"boots", "num": 1 },
		{ "slot":"belt", "num": 1 },
		{ "slot":"back", "num": 1 },
		{ "slot":"ring", "num": 2 },
		{ "slot":"item_slot", "num": 4 },
		{ "slot":"unic_slot", "num": 0 }
	],

	"itemSubgroupModifiers":
	[
		{
			"sid": "might",
			"itemsSubgroupsMultiplier":
			[
				{ "subgroup": "i_might", "multipler": 10.1 }
			]
		},
		{
			"sid": "magic",
			"itemsSubgroupsMultiplier":
			[
				{ "subgroup": "i_magic", "multipler": 10.1 }
			]
		}
	],

	"heroes":
	[
		{	"sid":"human_hero_3",			"skills": "arenaGame_humans_might_skills_table",		"chance": 125,
				"itemsSubgroupModifier":	"might",
				"startSkills":		[  ],
				"startMagics":		[  ],
				"startItems":		[  ],
				"unitsModifier":	[ { "sid": "esquire", "multipler": 5.2 }, { "sid": "esquire_upg", "multipler": 5.2 }, { "sid": "esquire_upg_alt", "multipler": 5.2 } ] },
		{	"sid":"human_hero_4",			"skills": "arenaGame_humans_might_skills_table",		"chance": 125,
				"itemsSubgroupModifier":	"might",
				"startSkills":		[  ],
				"startMagics":		[  ],
				"startItems":		[  ],
				"unitsModifier":	[ { "sid": "crossbowman", "multipler": 5.2 }, { "sid": "crossbowman_upg", "multipler": 5.2 }, { "sid": "crossbowman_upg_alt", "multipler": 5.2 } ] },
		{	"sid":"human_hero_5",			"skills": "arenaGame_humans_might_skills_table",		"chance": 125,
				"itemsSubgroupModifier":		"might",	
				"startSkills":		[  ],
				"startMagics":		[  ],
				"startItems":		[  ],
				"unitsModifier":	[  ] },
		{	"sid":"human_hero_7",			"skills": "arenaGame_humans_might_skills_table",		"chance": 125,
				"itemsSubgroupModifier":	"might",
				"startSkills":		[  ],
				"startMagics":		[  ],
				"startItems":		[  ],
				"unitsModifier":	[ { "sid": "sunlight_cavalry", "multipler": 5.2 }, { "sid": "sunlight_cavalry_upg", "multipler": 5.2 }, { "sid": "sunlight_cavalry_upg_alt", "multipler": 5.2 } ] },
		{	"sid":"human_hero_8",			"skills": "arenaGame_humans_might_skills_table",		"chance": 125,
				"itemsSubgroupModifier":	"might",
				"startSkills":		[  ],
				"startMagics":		[  ],
				"startItems":		[  ],
				"unitsModifier":	[  ] },
		{	"sid":"human_hero_9",			"skills": "arenaGame_humans_might_skills_table",		"chance": 125,
				"itemsSubgroupModifier":	"might",
				"startSkills":		[  ],
				"startMagics":		[  ],
				"startItems":		[  ],
				"unitsModifier":	[  ] },
		{	"sid":"human_hero_10",			"skills": "arenaGame_humans_magic_skills_table",		"chance": 107,
				"itemsSubgroupModifier":	"magic",
				"startSkills":		[  ],
				"startMagics":		[  ],
				"startItems":		[  ],
				"unitsModifier":	[  ] },
		{	"sid":"human_hero_11",			"skills": "arenaGame_humans_magic_skills_table",		"chance": 107,
				"itemsSubgroupModifier":	"magic",
				"startSkills":		[  ],
				"startMagics":		[  ],
				"startItems":		[  ],
				"unitsModifier":	[  ] },
		{	"sid":"human_hero_12",			"skills": "arenaGame_humans_magic_skills_table",		"chance": 107,
				"itemsSubgroupModifier":	"magic",
				"startSkills":		[  ],
				"startMagics":		[  ],
				"startItems":		[  ],
				"unitsModifier":	[ { "sid": "sunlight_cavalry", "multipler": 5.2 }, { "sid": "sunlight_cavalry_upg", "multipler": 5.2 }, { "sid": "sunlight_cavalry_upg_alt", "multipler": 5.2 } ] },
		{	"sid":"human_hero_14",			"skills": "arenaGame_humans_magic_skills_table",		"chance": 107,
				"itemsSubgroupModifier":	"magic",
				"startSkills":		[  ],
				"startMagics":		[  ],
				"startItems":		[  ],
				"unitsModifier":	[  ] },
		{	"sid":"human_hero_15",			"skills": "arenaGame_humans_magic_skills_table",		"chance": 107,
				"itemsSubgroupModifier":	"magic",
				"startSkills":		[  ],
				"startMagics":		[  ],
				"startItems":		[  ],
				"unitsModifier":	[  ] },
		{	"sid":"human_hero_16",			"skills": "arenaGame_humans_magic_skills_table",		"chance": 107,
				"itemsSubgroupModifier":	"magic",
				"startSkills":		[  ],
				"startMagics":		[  ],
				"startItems":		[  ],
				"unitsModifier":	[  ] },
		{	"sid":"human_hero_17",			"skills": "arenaGame_humans_magic_skills_table",		"chance": 107,
				"itemsSubgroupModifier":	"magic",
				"startSkills":		[  ],
				"startMagics":		[  ],
				"startItems":		[  ],
				"unitsModifier":	[  ] },

		{	"sid":"necro_hero_1",			"skills": "arenaGame_necros_might_skills_table",		"chance": 125,
				"itemsSubgroupModifier":	"might",
				"startSkills":		[  ],
				"startMagics":		[  ],
				"startItems":		[  ],
				"unitsModifier":	[  ] },
		{	"sid":"necro_hero_3",			"skills": "arenaGame_necros_might_skills_table",		"chance": 125,
				"itemsSubgroupModifier":	"might",
				"startSkills":		[  ],
				"startMagics":		[  ],
				"startItems":		[  ],
				"unitsModifier":	[ { "sid": "skeleton", "multipler": 5.2 }, { "sid": "skeleton_upg", "multipler": 5.2 }, { "sid": "skeleton_upg_alt", "multipler": 5.2 } ] },
		{	"sid":"necro_hero_4",			"skills": "arenaGame_necros_might_skills_table",		"chance": 125,
				"itemsSubgroupModifier":	"might",
				"startSkills":		[  ],
				"startMagics":		[  ],
				"startItems":		[  ],
				"unitsModifier":	[ { "sid": "avatar_of_war", "multipler": 5.2 }, { "sid": "avatar_of_war_upg", "multipler": 5.2 }, { "sid": "avatar_of_war_upg_alt", "multipler": 5.2 } ] },
		{	"sid":"necro_hero_5",			"skills": "arenaGame_necros_might_skills_table",		"chance": 125,
				"itemsSubgroupModifier":	"might",
				"startSkills":		[  ],
				"startMagics":		[  ],
				"startItems":		[  ],
				"unitsModifier":	[ { "sid": "pet", "multipler": 5.2 }, { "sid": "pet_upg", "multipler": 5.2 }, { "sid": "pet_upg_alt", "multipler": 5.2 } ] },
		{	"sid":"necro_hero_6",			"skills": "arenaGame_necros_might_skills_table",		"chance": 125,
				"itemsSubgroupModifier":	"might",
				"startSkills":		[  ],
				"startMagics":		[  ],
				"startItems":		[  ],
				"unitsModifier":	[  ] },
		{	"sid":"necro_hero_7",			"skills": "arenaGame_necros_might_skills_table",		"chance": 125,
				"itemsSubgroupModifier":	"might",
				"startSkills":		[  ],
				"startMagics":		[  ],
				"startItems":		[  ],
				"unitsModifier":	[  ] },
		{	"sid":"necro_hero_11",			"skills": "arenaGame_necros_magic_skills_table",		"chance": 150,
				"itemsSubgroupModifier":	"magic",
				"startSkills":		[  ],
				"startMagics":		[  ],
				"startItems":		[  ],
				"unitsModifier":	[ { "sid": "flicker", "multipler": 5.2 }, { "sid": "flicker_upg", "multipler": 5.2 }, { "sid": "flicker_upg_alt", "multipler": 5.2 } ] },
		{	"sid":"necro_hero_12",			"skills": "arenaGame_necros_magic_skills_table",		"chance": 150,
				"itemsSubgroupModifier":	"magic",
				"startSkills":		[  ],
				"startMagics":		[  ],
				"startItems":		[  ],
				"unitsModifier":	[ { "sid": "lich", "multipler": 5.2 }, { "sid": "lich_upg", "multipler": 5.2 }, { "sid": "lich_upg_alt", "multipler": 5.2 } ] },
		{	"sid":"necro_hero_13",			"skills": "arenaGame_necros_magic_skills_table",		"chance": 150,
				"itemsSubgroupModifier":	"magic",
				"startSkills":		[  ],
				"startMagics":		[  ],
				"startItems":		[  ],
				"unitsModifier":	[ { "sid": "graverobber", "multipler": 5.2 }, { "sid": "graverobber_upg", "multipler": 5.2 }, { "sid": "graverobber_upg_alt", "multipler": 5.2 } ] },
		{	"sid":"necro_hero_15",			"skills": "arenaGame_necros_magic_skills_table",		"chance": 150,
				"itemsSubgroupModifier":	"magic",
				"startSkills":		[  ],
				"startMagics":		[  ],
				"startItems":		[  ],
				"unitsModifier":	[  ] },
		{	"sid":"necro_hero_16",			"skills": "arenaGame_necros_magic_skills_table",		"chance": 150,
				"itemsSubgroupModifier":	"magic",
				"startSkills":		[  ],
				"startMagics":		[  ],
				"startItems":		[  ],
				"unitsModifier":	[  ] },

		{	"sid":"unfrozen_hero_2",		"skills": "arenaGame_unfrozen_might_skills_table",		"chance": 150,
				"itemsSubgroupModifier":	"might",
				"startSkills":		[  ],
				"startMagics":		[  ],
				"startItems":		[  ],
				"unitsModifier":	[  ] },
		{	"sid":"unfrozen_hero_3",		"skills": "arenaGame_unfrozen_might_skills_table",		"chance": 150,
				"itemsSubgroupModifier":	"might",
				"startSkills":		[  ],
				"startMagics":		[  ],
				"startItems":		[  ],
				"unitsModifier":	[  ] },
		{	"sid":"unfrozen_hero_4",		"skills": "arenaGame_unfrozen_might_skills_table",		"chance": 150,
				"itemsSubgroupModifier":	"might",
				"startSkills":		[  ],
				"startMagics":		[  ],
				"startItems":		[  ],
				"unitsModifier":	[ { "sid": "unfrozen_cultist", "multipler": 5.2 }, { "sid": "unfrozen_cultist_upg", "multipler": 5.2 }, { "sid": "unfrozen_cultist_upg_alt", "multipler": 5.2 } ] },
		{	"sid":"unfrozen_hero_5",		"skills": "arenaGame_unfrozen_might_skills_table",		"chance": 150,
				"itemsSubgroupModifier":	"might",
				"startSkills":		[  ],
				"startMagics":		[  ],
				"startItems":		[  ],
				"unitsModifier":	[ { "sid": "frostworm_rider", "multipler": 5.2 }, { "sid": "frostworm_rider_upg", "multipler": 5.2 }, { "sid": "frostworm_rider_upg_alt", "multipler": 5.2 } ] },
		{	"sid":"unfrozen_hero_6",		"skills": "arenaGame_unfrozen_might_skills_table",		"chance": 150,
				"itemsSubgroupModifier":	"might",
				"startSkills":		[  ],
				"startMagics":		[  ],
				"startItems":		[  ],
				"unitsModifier":	[ { "sid": "succubus", "multipler": 5.2 }, { "sid": "succubus_upg", "multipler": 5.2 }, { "sid": "succubus_upg_alt", "multipler": 5.2 } ] },
		{	"sid":"unfrozen_hero_10",		"skills": "arenaGame_unfrozen_magic_skills_table",		"chance": 125,
				"itemsSubgroupModifier":	"magic",
				"startSkills":		[  ],
				"startMagics":		[  ],
				"startItems":		[  ],
				"unitsModifier":	[  ] },
		{	"sid":"unfrozen_hero_11",		"skills": "arenaGame_unfrozen_magic_skills_table",		"chance": 125,
				"itemsSubgroupModifier":	"magic",
				"startSkills":		[  ],
				"startMagics":		[  ],
				"startItems":		[  ],
				"unitsModifier":	[  ] },
		{	"sid":"unfrozen_hero_12",		"skills": "arenaGame_unfrozen_magic_skills_table",		"chance": 125,
				"itemsSubgroupModifier":	"magic",
				"startSkills":		[  ],
				"startMagics":		[  ],
				"startItems":		[  ],
				"unitsModifier":	[ { "sid": "lesser_eldritch", "multipler": 5.2 }, { "sid": "lesser_eldritch_upg", "multipler": 5.2 }, { "sid": "lesser_eldritch_upg_alt", "multipler": 5.2 } ] },
		{	"sid":"unfrozen_hero_13",		"skills": "arenaGame_unfrozen_magic_skills_table",		"chance": 125,
				"itemsSubgroupModifier":	"magic",
				"startSkills":		[  ],
				"startMagics":		[  ],
				"startItems":		[  ],
				"unitsModifier":	[ { "sid": "eldritch_flyer", "multipler": 5.2 }, { "sid": "eldritch_flyer_upg", "multipler": 5.2 }, { "sid": "eldritch_flyer_upg_alt", "multipler": 5.2 } ] },
		{	"sid":"unfrozen_hero_16",		"skills": "arenaGame_unfrozen_magic_skills_table",		"chance": 125,
				"itemsSubgroupModifier":	"magic",
				"startSkills":		[  ],
				"startMagics":		[  ],
				"startItems":		[  ],
				"unitsModifier":	[  ] },
		{	"sid":"unfrozen_hero_17",		"skills": "arenaGame_unfrozen_magic_skills_table",		"chance": 125,
				"itemsSubgroupModifier":	"magic",
				"startSkills":		[  ],
				"startMagics":		[  ],
				"startItems":		[  ],
				"unitsModifier":	[  ] },

		{	"sid":"dungeon_hero_1",			"skills": "arenaGame_dungeon_might_skills_table",		"chance": 107,
				"itemsSubgroupModifier":	"might",
				"startSkills":		[  ],
				"startMagics":		[  ],
				"startItems":		[  ],
				"unitsModifier":	[ { "sid": "medusa", "multipler": 5.2 }, { "sid": "medusa_upg", "multipler": 5.2 }, { "sid": "medusa_upg_alt", "multipler": 5.2 } ] },
		{	"sid":"dungeon_hero_2",			"skills": "arenaGame_dungeon_might_skills_table",		"chance": 107,
				"itemsSubgroupModifier":	"might",
				"startSkills":		[  ],
				"startMagics":		[  ],
				"startItems":		[  ],
				"unitsModifier":	[  ] },
		{	"sid":"dungeon_hero_3",			"skills": "arenaGame_dungeon_might_skills_table",		"chance": 107,
				"itemsSubgroupModifier":	"might",
				"startSkills":		[  ],
				"startMagics":		[  ],
				"startItems":		[  ],
				"unitsModifier":	[  ] },
		{	"sid":"dungeon_hero_4",			"skills": "arenaGame_dungeon_might_skills_table",		"chance": 107,
				"itemsSubgroupModifier":	"might",
				"startSkills":		[  ],
				"startMagics":		[  ],
				"startItems":		[  ],
				"unitsModifier":	[ { "sid": "trogl", "multipler": 5.2 }, { "sid": "trogl_upg", "multipler": 5.2 }, { "sid": "trogl_upg_alt", "multipler": 5.2 } ] },
		{	"sid":"dungeon_hero_5",			"skills": "arenaGame_dungeon_might_skills_table",		"chance": 107,
				"itemsSubgroupModifier":	"might",
				"startSkills":		[  ],
				"startMagics":		[  ],
				"startItems":		[  ],
				"unitsModifier":	[ { "sid": "assassin", "multipler": 5.2 }, { "sid": "assassin_upg", "multipler": 5.2 }, { "sid": "assassin_upg_alt", "multipler": 5.2 } ] },
		{	"sid":"dungeon_hero_6",			"skills": "arenaGame_dungeon_might_skills_table",		"chance": 107,
				"itemsSubgroupModifier":	"might",
				"startSkills":		[  ],
				"startMagics":		[  ],
				"startItems":		[  ],
				"unitsModifier":	[ { "sid": "minos", "multipler": 5.2 }, { "sid": "minos_upg", "multipler": 5.2 }, { "sid": "minos_upg_alt", "multipler": 5.2 } ] },
		{	"sid":"dungeon_hero_8",			"skills": "arenaGame_dungeon_might_skills_table",		"chance": 107,
				"itemsSubgroupModifier":	"might",
				"startSkills":		[  ],
				"startMagics":		[  ],
				"startItems":		[  ],
				"unitsModifier":	[  ] },
		{	"sid":"dungeon_hero_10",		"skills": "arenaGame_dungeon_magic_skills_table",		"chance": 125,
				"itemsSubgroupModifier":	"magic",
				"startSkills":		[  ],
				"startMagics":		[  ],
				"startItems":		[  ],
				"unitsModifier":	[  ] },
		{	"sid":"dungeon_hero_11",		"skills": "arenaGame_dungeon_magic_skills_table",		"chance": 125,
				"itemsSubgroupModifier":	"magic",
				"startSkills":		[  ],
				"startMagics":		[  ],
				"startItems":		[  ],
				"unitsModifier":	[  ] },
		{	"sid":"dungeon_hero_12",		"skills": "arenaGame_dungeon_magic_skills_table",		"chance": 125,
				"itemsSubgroupModifier":	"magic",
				"startSkills":		[  ],
				"startMagics":		[  ],
				"startItems":		[  ],
				"unitsModifier":	[  ] },
		{	"sid":"dungeon_hero_13",		"skills": "arenaGame_dungeon_magic_skills_table",		"chance": 125,
				"itemsSubgroupModifier":	"magic",
				"startSkills":		[  ],
				"startMagics":		[  ],
				"startItems":		[  ],
				"unitsModifier":	[ { "sid": "blade_dancer", "multipler": 5.2 }, { "sid": "blade_dancer_upg", "multipler": 5.2 }, { "sid": "blade_dancer_upg_alt", "multipler": 5.2 } ] },
		{	"sid":"dungeon_hero_16",		"skills": "arenaGame_dungeon_magic_skills_table",		"chance": 125,
				"itemsSubgroupModifier":	"magic",
				"startSkills":		[  ],
				"startMagics":		[  ],
				"startItems":		[  ],
				"unitsModifier":	[ { "sid": "hydra", "multipler": 5.2 }, { "sid": "hydra_upg", "multipler": 5.2 }, { "sid": "hydra_upg_alt", "multipler": 5.2 } ] }
	],

	"magicsByItemsMultipler":
	[
		{
			"multipler": 6.3,
			"who": 
			[ 
				"day_1_magic_healing_water", 
				"day_2_magic_sharp_edge", 
				"day_3_magic_haste", 
				"day_4_magic_favorable_wind",
				"day_5_magic_shorten_shadow",
				"day_6_magic_cleansing_ray",
				"day_7_magic_inner_light",
				"day_8_magic_taunt", 
				"day_9_magic_arinas_hymn", 
				"day_10_magic_second_song", 
				"day_11_magic_masterful_parry", 
				"day_12_magic_radiant_armor", 
				"day_13_magic_holy_arms", 
				"day_14_magic_vengeance", 
				"day_15_magic_judgement",
				"day_16_magic_arinas_chosen"
			],
			"becauseOf":
			[ 
				"resonant_sphere_orb_of_daylight_artifact" 
			]
		},
		{
			"multipler": 0.0,
			"who": 
			[
				"day_1_magic_healing_water", 
				"day_2_magic_sharp_edge", 
				"day_3_magic_haste", 
				"day_4_magic_favorable_wind",
				"day_5_magic_shorten_shadow",
				"day_6_magic_cleansing_ray",
				"day_7_magic_inner_light",
				"day_8_magic_taunt", 
				"day_9_magic_arinas_hymn", 
				"day_10_magic_second_song", 
				"day_11_magic_masterful_parry", 
				"day_12_magic_radiant_armor", 
				"day_13_magic_holy_arms", 
				"day_14_magic_vengeance", 
				"day_15_magic_judgement",
				"day_16_magic_arinas_chosen"
			],
			"becauseOf":
			[
				"catechism_of_daylight_magic_artifact"
			]
		},
		{
			"multipler": 6.3,
			"who": 
			[
				"night_1_magic_unnatural_calm",
				"night_2_magic_web", 
				"night_3_magic_enlarge_shadow", 
				"night_4_magic_despair",
				"night_5_magic_shade_cloak",
				"night_6_magic_deaths_grip",
				"night_7_magic_fatal_decay", 
				"night_8_magic_sleep",
				"night_9_magic_twilight",
				"night_10_magic_silence", 
				"night_11_magic_vulnerability",
				"night_12_magic_summon_starchild",
				"night_13_magic_berserker", 
				"night_14_magic_nairas_kiss",
				"night_15_magic_deaths_call",
				"night_16_magic_shadow_army"
			],
			"becauseOf":
			[
				"resonant_sphere_orb_of_twilight_artifact"
			]
		},
		{
			"multipler": 0.0,
			"who": 
			[
				"night_1_magic_unnatural_calm",
				"night_2_magic_web", 
				"night_3_magic_enlarge_shadow", 
				"night_4_magic_despair",
				"night_5_magic_shade_cloak",
				"night_6_magic_deaths_grip",
				"night_7_magic_fatal_decay", 
				"night_8_magic_sleep",
				"night_9_magic_twilight",
				"night_10_magic_silence", 
				"night_11_magic_vulnerability",
				"night_12_magic_summon_starchild",
				"night_13_magic_berserker", 
				"night_14_magic_nairas_kiss",
				"night_15_magic_deaths_call",
				"night_16_magic_shadow_army"
			],
			"becauseOf":
			[
				"catechism_of_night_magic_artifact"
			]
		},
		{
			"multipler": 6.3,
			"who": 
			[
				"space_1_magic_early_start",
				"space_2_magic_energy_explosion", 
				"space_3_magic_energyze",
				"space_4_magic_optical_illusion",
				"space_5_magic_trap_jaws",
				"space_6_magic_blink", 
				"space_7_magic_shackles", 
				"space_8_magic_carapace",
				"space_9_magic_impending_fate",
				"space_10_magic_mirror_copy",
				"space_11_magic_decimate",
				"space_12_magic_rewind",
				"space_13_magic_black_hole",
				"space_14_magic_doreaths_tide",
				"space_15_magic_trap_snare",
				"space_16_magic_reality_distortion"
			],
			"becauseOf":
			[
				"resonant_sphere_orb_of_eternity_artifact"
			]
		},
		{
			"multipler": 0.0,
			"who":
			[
				"space_1_magic_early_start",
				"space_2_magic_energy_explosion", 
				"space_3_magic_energyze",
				"space_4_magic_optical_illusion",
				"space_5_magic_trap_jaws",
				"space_6_magic_blink", 
				"space_7_magic_shackles", 
				"space_8_magic_carapace",
				"space_9_magic_impending_fate",
				"space_10_magic_mirror_copy",
				"space_11_magic_decimate",
				"space_12_magic_rewind",
				"space_13_magic_black_hole",
				"space_14_magic_doreaths_tide",
				"space_15_magic_trap_snare",
				"space_16_magic_reality_distortion"
			],
			"becauseOf":
			[
				"catechism_of_spacetime_magic_artifact"
			]
		},
		{
			"multipler": 6.3,
			"who":
			[
				"primal_1_magic_thunderbolt",
				"primal_2_magic_thick_hide",
				"primal_3_magic_wean",
				"primal_4_magic_fire_globe", 
				"primal_5_magic_crystal_crown", 
				"primal_6_magic_ice_bolt", 
				"primal_7_magic_wall_of_flame", 
				"primal_8_magic_cave_in", 
				"primal_10_magic_primordial_purity",
				"primal_11_magic_armageddon",
				"primal_12_magic_chain_lightning", 
				"primal_13_magic_avalanche", 
				"primal_14_magic_hksmillas_rampage",
				"primal_15_magic_summon_primal_remnant",
				"primal_16_magic_stone_fangs"
			],
			"becauseOf":
			[
				"resonant_sphere_primal_orb_artifact"
			]
		},
		{
			"multipler": 0.0,
			"who":
			[
				"primal_1_magic_thunderbolt",
				"primal_2_magic_thick_hide",
				"primal_3_magic_wean",
				"primal_4_magic_fire_globe", 
				"primal_5_magic_crystal_crown", 
				"primal_6_magic_ice_bolt", 
				"primal_7_magic_wall_of_flame", 
				"primal_8_magic_cave_in", 
				"primal_10_magic_primordial_purity",
				"primal_11_magic_armageddon",
				"primal_12_magic_chain_lightning", 
				"primal_13_magic_avalanche", 
				"primal_14_magic_hksmillas_rampage",
				"primal_15_magic_summon_primal_remnant",
				"primal_16_magic_stone_fangs"
			],
			"becauseOf":
			[
				"catechism_of_primal_magic_artifact"
			]
		}
	],

	"magicsBySkillsMultipler":
	[
		{
			"multipler": 6.3,
			"who": 
			[
				"day_1_magic_healing_water", 
				"day_2_magic_sharp_edge", 
				"day_3_magic_haste", 
				"day_4_magic_favorable_wind",
				"day_5_magic_shorten_shadow",
				"day_6_magic_cleansing_ray",
				"day_7_magic_inner_light",
				"day_8_magic_taunt", 
				"day_9_magic_arinas_hymn", 
				"day_10_magic_second_song", 
				"day_11_magic_masterful_parry", 
				"day_12_magic_radiant_armor", 
				"day_13_magic_holy_arms", 
				"day_14_magic_vengeance", 
				"day_15_magic_judgement",
				"day_16_magic_arinas_chosen"
			],
			"becauseOf":
			[
				"skill_magic_day"
			]
		},
		{
			"multipler": 6.3,
			"who":
			[
				"night_1_magic_unnatural_calm",
				"night_2_magic_web", 
				"night_3_magic_enlarge_shadow", 
				"night_4_magic_despair",
				"night_5_magic_shade_cloak",
				"night_6_magic_deaths_grip",
				"night_7_magic_fatal_decay", 
				"night_8_magic_sleep",
				"night_9_magic_twilight",
				"night_10_magic_silence", 
				"night_11_magic_vulnerability",
				"night_12_magic_summon_starchild",
				"night_13_magic_berserker", 
				"night_14_magic_nairas_kiss",
				"night_15_magic_deaths_call",
				"night_16_magic_shadow_army"
			],
			"becauseOf":
			[
				"skill_magic_night"
			]
		},
		{
			"multipler": 6.3,
			"who":
			[
				"space_1_magic_early_start",
				"space_2_magic_energy_explosion", 
				"space_3_magic_energyze",
				"space_4_magic_optical_illusion",
				"space_5_magic_trap_jaws",
				"space_6_magic_blink", 
				"space_7_magic_shackles", 
				"space_8_magic_carapace",
				"space_9_magic_impending_fate",
				"space_10_magic_mirror_copy",
				"space_11_magic_decimate",
				"space_12_magic_rewind",
				"space_13_magic_black_hole",
				"space_14_magic_doreaths_tide",
				"space_15_magic_trap_snare",
				"space_16_magic_reality_distortion"
			],
			"becauseOf":
			[
				"skill_magic_space"
			]
		},
		{
			"multipler": 6.3,
			"who":
			[
				"primal_1_magic_thunderbolt",
				"primal_2_magic_thick_hide",
				"primal_3_magic_wean",
				"primal_4_magic_fire_globe", 
				"primal_5_magic_crystal_crown", 
				"primal_6_magic_ice_bolt", 
				"primal_7_magic_wall_of_flame", 
				"primal_8_magic_cave_in", 
				"primal_10_magic_primordial_purity",
				"primal_11_magic_armageddon",
				"primal_12_magic_chain_lightning", 
				"primal_13_magic_avalanche", 
				"primal_14_magic_hksmillas_rampage",
				"primal_15_magic_summon_primal_remnant",
				"primal_16_magic_stone_fangs"
			],
			"becauseOf":
			[
				"skill_magic_primal"
			]
		}
	],

	"magics":
	[
		{ "sid": "day_1_magic_healing_water", "chance": 101 },
		{ "sid": "day_2_magic_sharp_edge", "chance": 101 },
		{ "sid": "day_3_magic_haste", "chance": 101 },
			{ "sid": "day_4_magic_favorable_wind", "chance": 151 },
			{ "sid": "day_5_magic_shorten_shadow", "chance": 151 },
			{ "sid": "day_6_magic_cleansing_ray", "chance": 151 },
			{ "sid": "day_7_magic_inner_light", "chance": 151 },
				{ "sid": "day_8_magic_taunt", "chance": 201 },
				{ "sid": "day_9_magic_arinas_hymn", "chance": 201 },
				{ "sid": "day_10_magic_second_song", "chance": 201 },
				{ "sid": "day_11_magic_masterful_parry", "chance": 201 },
					{ "sid": "day_12_magic_radiant_armor", "chance": 251 },
					{ "sid": "day_13_magic_holy_arms", "chance": 251 },
					{ "sid": "day_14_magic_vengeance", "chance": 251 },
						{ "sid": "day_15_magic_judgement", "chance": 301 },
						{ "sid": "day_16_magic_arinas_chosen", "chance": 301 },

		{ "sid": "night_1_magic_unnatural_calm", "chance": 101 },
		{ "sid": "night_2_magic_web", "chance": 101 },
		{ "sid": "night_3_magic_enlarge_shadow", "chance": 101 },
		{ "sid": "night_4_magic_despair", "chance": 101 },
			{ "sid": "night_5_magic_shade_cloak", "chance": 151 },
			{ "sid": "night_6_magic_deaths_grip", "chance": 151 },
			{ "sid": "night_7_magic_fatal_decay", "chance": 151 },
				{ "sid": "night_8_magic_sleep", "chance": 201 },
				{ "sid": "night_9_magic_twilight", "chance": 201 },
				{ "sid": "night_10_magic_silence", "chance": 201 },
					{ "sid": "night_11_magic_vulnerability", "chance": 251 },
					{ "sid": "night_12_magic_summon_starchild", "chance": 251 },
					{ "sid": "night_13_magic_berserker", "chance": 251 },
						{ "sid": "night_14_magic_nairas_kiss", "chance": 301 },
						{ "sid": "night_15_magic_deaths_call", "chance": 301 },
						{ "sid": "night_16_magic_shadow_army", "chance": 301 },

		{ "sid": "space_1_magic_early_start", "chance": 101 },
		{ "sid": "space_2_magic_energy_explosion", "chance": 101 },
		{ "sid": "space_3_magic_energyze", "chance": 101 },
			{ "sid": "space_4_magic_optical_illusion", "chance": 151 },
			{ "sid": "space_5_magic_trap_jaws", "chance": 151 },
			{ "sid": "space_6_magic_blink", "chance": 151 },
				{ "sid": "space_7_magic_shackles", "chance": 201 },
				{ "sid": "space_8_magic_carapace", "chance": 201 },
				{ "sid": "space_9_magic_impending_fate", "chance": 201 },
					{ "sid": "space_10_magic_mirror_copy", "chance": 251 },
					{ "sid": "space_11_magic_decimate", "chance": 251 },
					{ "sid": "space_12_magic_rewind", "chance": 251 },
					{ "sid": "space_15_magic_trap_snare", "chance": 251 },
						{ "sid": "space_14_magic_doreaths_tide", "chance": 301 },
						{ "sid": "space_13_magic_black_hole", "chance": 301 },
						{ "sid": "space_16_magic_reality_distortion", "chance": 301 },

		{ "sid": "primal_1_magic_thunderbolt", "chance": 101 },
		{ "sid": "primal_2_magic_thick_hide", "chance": 101 },
		{ "sid": "primal_3_magic_wean", "chance": 101 },
			{ "sid": "primal_4_magic_fire_globe", "chance": 151 },
			{ "sid": "primal_5_magic_crystal_crown", "chance": 151 },
			{ "sid": "primal_6_magic_ice_bolt", "chance": 151 },
				{ "sid": "primal_7_magic_wall_of_flame", "chance": 201 },
				{ "sid": "primal_8_magic_cave_in", "chance": 201 },
				{ "sid": "primal_16_magic_stone_fangs", "chance": 201 },
					{ "sid": "primal_10_magic_primordial_purity", "chance": 251 },
					{ "sid": "primal_12_magic_chain_lightning", "chance": 251 },
					{ "sid": "primal_13_magic_avalanche", "chance": 251 },
						{ "sid": "primal_14_magic_hksmillas_rampage", "chance": 301 },
						{ "sid": "primal_15_magic_summon_primal_remnant", "chance": 301 },
						{ "sid": "primal_11_magic_armageddon", "chance": 301 }
	],

	"units":
	[
		{ "sid": "esquire", "chance": 100, "stacks": 150 },					{ "sid": "esquire_upg", "chance": 65, "stacks": 115 },					{ "sid": "esquire_upg_alt", "chance": 65, "stacks": 115 },
		{ "sid": "crossbowman", "chance": 70, "stacks": 115 },				{ "sid": "crossbowman_upg", "chance": 45, "stacks": 90 },				{ "sid": "crossbowman_upg_alt", "chance": 45, "stacks": 90 },
		{ "sid": "griffin", "chance": 100, "stacks": 55 },					{ "sid": "griffin_upg", "chance": 65, "stacks": 40 },					{ "sid": "griffin_upg_alt", "chance": 65, "stacks": 40 },
		{ "sid": "lightweaver", "chance": 70, "stacks": 54 },				{ "sid": "lightweaver_upg", "chance": 45, "stacks": 38 },				{ "sid": "lightweaver_upg_alt", "chance": 45, "stacks": 38 },
		{ "sid": "sunlight_cavalry", "chance": 100, "stacks": 22 },			{ "sid": "sunlight_cavalry_upg", "chance": 65, "stacks": 15 },			{ "sid": "sunlight_cavalry_upg_alt", "chance": 65, "stacks": 15 },
		{ "sid": "inquisitor", "chance": 100, "stacks": 22 },				{ "sid": "inquisitor_upg", "chance": 65, "stacks": 14 },				{ "sid": "inquisitor_upg_alt", "chance": 65, "stacks": 14 },
		{ "sid": "angel", "chance": 70, "stacks": 9 },						{ "sid": "angel_upg", "chance": 45, "stacks": 5 },						{ "sid": "angel_upg_alt", "chance": 45, "stacks": 5 },

		{ "sid": "skeleton", "chance": 100, "stacks": 325 },				{ "sid": "skeleton_upg", "chance": 65, "stacks": 250 },					{ "sid": "skeleton_upg_alt", "chance": 45, "stacks": 250 },
		{ "sid": "flicker", "chance": 100, "stacks": 140 },					{ "sid": "flicker_upg", "chance": 65, "stacks": 105 },					{ "sid": "flicker_upg_alt", "chance": 65, "stacks": 105 },
		{ "sid": "pet", "chance": 100, "stacks": 110 },						{ "sid": "pet_upg", "chance": 65, "stacks": 75 },						{ "sid": "pet_upg_alt", "chance": 65, "stacks": 75 },
		{ "sid": "graverobber", "chance": 85, "stacks": 60 },				{ "sid": "graverobber_upg", "chance": 50, "stacks": 42 },				{ "sid": "graverobber_upg_alt", "chance": 50, "stacks": 42 },
		{ "sid": "lich", "chance": 70, "stacks": 51 },						{ "sid": "lich_upg", "chance": 45, "stacks": 35 },						{ "sid": "lich_upg_alt", "chance": 45, "stacks": 35 },
		{ "sid": "avatar_of_war", "chance": 100, "stacks": 28 },			{ "sid": "avatar_of_war_upg", "chance": 65, "stacks": 18 },				{ "sid": "avatar_of_war_upg_alt", "chance": 65, "stacks": 18 },
		{ "sid": "vampire", "chance": 100, "stacks": 18 },					{ "sid": "vampire_upg", "chance": 65, "stacks": 10 },					{ "sid": "vampire_upg_alt", "chance": 65, "stacks": 10 },

		{ "sid": "elf_tracker", "chance": 70, "stacks": 110 },				{ "sid": "elf_tracker_upg", "chance": 45, "stacks": 85 },				{ "sid": "elf_tracker_upg_alt", "chance": 65, "stacks": 85 },
		{ "sid": "twinkle", "chance": 100, "stacks": 85 },					{ "sid": "twinkle_upg", "chance": 65, "stacks": 65 },					{ "sid": "twinkle_upg_alt", "chance": 65, "stacks": 65 },
		{ "sid": "ent", "chance": 100, "stacks": 60 },						{ "sid": "ent_upg", "chance": 65, "stacks": 45 },						{ "sid": "ent_upg_alt", "chance": 65, "stacks": 45 },
		{ "sid": "aqualotl", "chance": 70, "stacks": 40 },					{ "sid": "aqualotl_upg", "chance": 45, "stacks": 28 },					{ "sid": "aqualotl_upg_alt", "chance": 45, "stacks": 28 },
		{ "sid": "druid", "chance": 85, "stacks": 28 },						{ "sid": "druid_upg", "chance": 50, "stacks": 19 },						{ "sid": "druid_upg_alt", "chance": 50, "stacks": 19 },
		{ "sid": "qilin", "chance": 100, "stacks": 16 },					{ "sid": "qilin_upg", "chance": 65, "stacks": 10 },						{ "sid": "qilin_upg_alt", "chance": 65, "stacks": 10 },
		{ "sid": "phoenix", "chance": 100, "stacks": 8 },					{ "sid": "phoenix_upg", "chance": 65, "stacks": 5 },					{ "sid": "phoenix_upg_alt", "chance": 65, "stacks": 5 },

		{ "sid": "lesser_eldritch", "chance": 100, "stacks": 175 },			{ "sid": "lesser_eldritch_upg", "chance": 65, "stacks": 135 },			{ "sid": "lesser_eldritch_upg_alt", "chance": 45, "stacks": 135 },
		{ "sid": "unfrozen_cultist", "chance": 100, "stacks": 90 },			{ "sid": "unfrozen_cultist_upg", "chance": 65, "stacks": 65 },			{ "sid": "unfrozen_cultist_upg_alt", "chance": 65, "stacks": 65 },
		{ "sid": "frostworm_rider", "chance": 100, "stacks": 65 },			{ "sid": "frostworm_rider_upg", "chance": 65, "stacks": 45 },			{ "sid": "frostworm_rider_upg_alt", "chance": 65, "stacks": 45 },
		{ "sid": "eldritch_flyer", "chance": 100, "stacks": 34 },			{ "sid": "eldritch_flyer_upg", "chance": 65, "stacks": 22 },			{ "sid": "eldritch_flyer_upg_alt", "chance": 65, "stacks": 22 },
		{ "sid": "succubus", "chance": 70, "stacks": 32 },					{ "sid": "succubus_upg", "chance": 45, "stacks": 22 },					{ "sid": "succubus_upg_alt", "chance": 45, "stacks": 22 },
		{ "sid": "arbitrator", "chance": 70, "stacks": 20 },				{ "sid": "arbitrator_upg", "chance": 45, "stacks": 13 },				{ "sid": "arbitrator_upg_alt", "chance": 45, "stacks": 13 },
		{ "sid": "unspeakable", "chance": 100, "stacks": 9 },				{ "sid": "unspeakable_upg", "chance": 65, "stacks": 5 },				{ "sid": "unspeakable_upg_alt", "chance": 65, "stacks": 5 },

		{ "sid": "trick_demon", "chance": 100, "stacks": 145 },				{ "sid": "trick_demon_upg", "chance": 65, "stacks": 115 },				{ "sid": "trick_demon_upg_alt", "chance": 65, "stacks": 115 },
		{ "sid": "locust", "chance": 100, "stacks": 95 },					{ "sid": "locust_upg", "chance": 65, "stacks": 70 },					{ "sid": "locust_upg_alt", "chance": 65, "stacks": 70 },
		{ "sid": "wasp", "chance": 100, "stacks": 65 },						{ "sid": "wasp_upg", "chance": 65, "stacks": 45 },						{ "sid": "wasp_upg_alt", "chance": 65, "stacks": 45 },
		{ "sid": "jaw", "chance": 100, "stacks": 56 },						{ "sid": "jaw_upg", "chance": 65, "stacks": 40 },						{ "sid": "jaw_upg_alt", "chance": 65, "stacks": 40 },
		{ "sid": "godslayer", "chance": 100, "stacks": 25 },				{ "sid": "godslayer_upg", "chance": 65, "stacks": 17 },					{ "sid": "godslayer_upg_alt", "chance": 65, "stacks": 17 },
		{ "sid": "olgoi", "chance": 100, "stacks": 19 },					{ "sid": "olgoi_upg", "chance": 65, "stacks": 12 },						{ "sid": "olgoi_upg_alt", "chance": 45, "stacks": 12 },
		{ "sid": "hive_queen", "chance": 100, "stacks": 10 },				{ "sid": "hive_queen_upg", "chance": 65, "stacks": 6 },					{ "sid": "hive_queen_upg_alt", "chance": 65, "stacks": 6 },

		{ "sid": "trogl", "chance": 100, "stacks": 275 },					{ "sid": "trogl_upg", "chance": 65, "stacks": 210 },					{ "sid": "trogl_upg_alt", "chance": 65, "stacks": 210 },
		{ "sid": "assassin", "chance": 100, "stacks": 115 },				{ "sid": "assassin_upg", "chance": 65, "stacks": 85 },					{ "sid": "assassin_upg_alt", "chance": 65, "stacks": 85 },
		{ "sid": "blade_dancer", "chance": 70, "stacks": 100 },				{ "sid": "blade_dancer_upg", "chance": 45, "stacks": 70 },				{ "sid": "blade_dancer_upg_alt", "chance": 45, "stacks": 70 },
		{ "sid": "minos", "chance": 100, "stacks": 40 },					{ "sid": "minos_upg", "chance": 65, "stacks": 28 },						{ "sid": "minos_upg_alt", "chance": 65, "stacks": 28 },
		{ "sid": "medusa", "chance": 70, "stacks": 40 },					{ "sid": "medusa_upg", "chance": 45, "stacks": 27 },					{ "sid": "medusa_upg_alt", "chance": 45, "stacks": 27 },
		{ "sid": "hydra", "chance": 100, "stacks": 18 },					{ "sid": "hydra_upg", "chance": 65, "stacks": 11 },						{ "sid": "hydra_upg_alt", "chance": 65, "stacks": 11 },
		{ "sid": "black_dragon", "chance": 100, "stacks": 8 },				{ "sid": "black_dragon_upg", "chance": 65, "stacks": 4 },				{ "sid": "black_dragon_upg_alt", "chance": 65, "stacks": 4 }
	],

	"numMagicLevelup": 5,
	"magicLevelsPerUp": 3
}
