﻿{
	"statsLimits":
	[
		{ "statName": "offence", "limitType": "min", "lowerLimit": 0, "upperLimit": 0 },
		{ "statName": "defence", "limitType": "min", "lowerLimit": 0, "upperLimit": 0 },
		{ "statName": "spellPower", "limitType": "min", "lowerLimit": 0, "upperLimit": 0 },
		{ "statName": "intelligence", "limitType": "min", "lowerLimit": 0, "upperLimit": 0 },
		{ "statName": "luck", "limitType": "all", "lowerLimit": -5, "upperLimit": 5 },
		{ "statName": "moral", "limitType": "all", "lowerLimit": -5, "upperLimit": 5 },
		{ "statName": "statsNum", "limitType": "min", "lowerLimit": 0, "upperLimit": 0 },
		{ "statName": "viewRadius", "limitType": "min", "lowerLimit": 1, "upperLimit": 0 },
		{ "statName": "slowestUnitSpeed", "limitType": "all", "lowerLimit": 0, "upperLimit": 10 },

		{ "statName": "offencePer", "limitType": "none", "lowerLimit": 0, "upperLimit": 0 },
		{ "statName": "defencePer", "limitType": "none", "lowerLimit": 0, "upperLimit": 0 },
		{ "statName": "spellPowerPer", "limitType": "none", "lowerLimit": 0, "upperLimit": 0 },
		{ "statName": "spellPowerFinal", "limitType": "none", "lowerLimit": 0, "upperLimit": 0 },
		{ "statName": "intelligencePer", "limitType": "none", "lowerLimit": 0, "upperLimit": 0 },

		{ "statName": "movementBonus", "limitType": "none", "lowerLimit": 0, "upperLimit": 0 },
		{ "statName": "movementRestoreBonus", "limitType": "none", "lowerLimit": 0, "upperLimit": 0 },
		{ "statName": "movementPerBonus", "limitType": "none", "lowerLimit": 0, "upperLimit": 0 },
		{ "statName": "movementAfterBattlePerBonus", "limitType": "none", "lowerLimit": 0, "upperLimit": 0 },
		{ "statName": "movementAfterBattleBonus", "limitType": "none", "lowerLimit": 0, "upperLimit": 0 },
		{ "statName": "roadPerBonus", "limitType": "none", "lowerLimit": 0, "upperLimit": 0 },
		{ "statName": "landscapePenaltyPerBonus", "limitType": "min", "lowerLimit": -1, "upperLimit": 0 },
		{ "statName": "flyMotionPerBonus", "limitType": "all", "lowerLimit": -1, "upperLimit": 0 },
		{ "statName": "moveRestoreEnergyBonus", "limitType": "min", "lowerLimit": 0, "upperLimit": 0 },

		{ "statName": "necromancyPerBonus", "limitType": "min", "lowerLimit": 0, "upperLimit": 0 },
		{ "statName": "diplomacyEfficiencyPerBonus", "limitType": "min", "lowerLimit": 0, "upperLimit": 0 },
		{ "statName": "diplomacySumValuePerBonus", "limitType": "min", "lowerLimit": 0, "upperLimit": 0 },
		{ "statName": "diplomacyFractionPerBonus", "limitType": "min", "lowerLimit": 0, "upperLimit": 0 },
		{ "statName": "diplomacyCostPerBonus", "limitType": "min", "lowerLimit": -1, "upperLimit": 0 },
		{ "statName": "diplomacyUnitsCountBonus", "limitType": "min", "lowerLimit": -1, "upperLimit": 0 },
		{ "statName": "capitulationCostPerBonus", "limitType": "min", "lowerLimit": -1, "upperLimit": 0 },

		{ "statName": "expPerBonus", "limitType": "min", "lowerLimit": -1, "upperLimit": 0 },
		{ "statName": "sideExpPerBonus", "limitType": "min", "lowerLimit": -1, "upperLimit": 0 },

		{ "statName": "finalDamageBonusPercent", "limitType": "none", "lowerLimit": 0, "upperLimit": 0 },
		{ "statName": "finalHealingBonusPercent", "limitType": "none", "lowerLimit": 0, "upperLimit": 0 },
		{ "statName": "finalManaCostBonusPercent", "limitType": "none", "lowerLimit": 0, "upperLimit": 0 },
		{ "statName": "finalSummonBonusPercent", "limitType": "none", "lowerLimit": 0, "upperLimit": 0 },

		{ "statName": "minAllowedMagicRank", "limitType": "all", "lowerLimit": 1, "upperLimit": 5 },
		{ "statName": "maxAllowedMagicRank", "limitType": "all", "lowerLimit": 1, "upperLimit": 5 },
		{ "statName": "magicCastsPerRound", "limitType": "none", "lowerLimit": 0, "upperLimit": 0 },
		{ "statName": "magicOverloadsPerRound", "limitType": "none", "lowerLimit": 0, "upperLimit": 0 },
		{ "statName": "magicOverloadPercent", "limitType": "none", "lowerLimit": 0, "upperLimit": 0 },
		{ "statName": "magicUsageLimitBonus", "limitType": "none", "lowerLimit": 0, "upperLimit": 0 },
		{ "statName": "magicAttackPerBonus", "limitType": "none", "lowerLimit": 0, "upperLimit": 0 },
		{ "statName": "crit", "limitType": "min", "lowerLimit": -1, "upperLimit": 0 },
		{ "statName": "anticrit", "limitType": "max", "lowerLimit": 0, "upperLimit": 1 },

		{ "statName": "manaBonus", "limitType": "none", "lowerLimit": 0, "upperLimit": 0 },
		{ "statName": "manaBonusPercent", "limitType": "none", "lowerLimit": 0, "upperLimit": 0 },
		{ "statName": "manaCostBonus", "limitType": "none", "lowerLimit": 0, "upperLimit": 0 },
		{ "statName": "manaCostBonusPercent", "limitType": "none", "lowerLimit": 0, "upperLimit": 0 },
		{ "statName": "manaRestoreBonus", "limitType": "none", "lowerLimit": 0, "upperLimit": 0 },
		{ "statName": "manaRestoreBonusPercent", "limitType": "none", "lowerLimit": 0, "upperLimit": 0 },

		{ "statName": "outComingGlobalBuffDuration", "limitType": "none", "lowerLimit": 0, "upperLimit": 0 },
		{ "statName": "outComingBuffDuration", "limitType": "none", "lowerLimit": 0, "upperLimit": 0 },
		{ "statName": "outComingDebuffDuration", "limitType": "none", "lowerLimit": 0, "upperLimit": 0 },

		{ "statName": "obstacleHpBonus", "limitType": "min", "lowerLimit": 0, "upperLimit": 0 },
		{ "statName": "karaDurationBonus", "limitType": "min", "lowerLimit": 0, "upperLimit": 0 },
		{ "statName": "tacticsPlacementSize", "limitType": "all", "lowerLimit": 0, "upperLimit": 4 }
	]
}