﻿{
	"timersSettings":
	{
		"basicTimersEnabled": false,
		"startTimeSide": 60,
		"extraTimeDay": 60,
		"incTimeDay": 15,
		"extraTimeWeek": 60,
		"incTimeWeek": 60,

		"maxAccumulationTimes": 600,

		"battlePVETimerEnabled": false,
		"startPVETime": 30,

		"battlePVPTimersEnabled": false,
		"startTimePvP": 60,
		"extraTimePvP": 30,

		"arenaPVPTimersEnabled": false,
		"arenaStartPVPTime": 60,
		"arenaExtraPVPTime": 30,

		"arenaPreparationTimerEnabled": false,
		"arenaPreparationTime": 3600,

		"minTimeAfterFight": 5,
		"extraTimeAfterFight": 5,
		"minExtraTimeInFight": 5
	},

	"difficulties": [
		{
			"economy": 0,
			"neutrals": 0,
			"ai": 0
		},
		{
			"economy": 1,
			"neutrals": 1,
			"ai": 0
		},
		{
			"economy": 2,
			"neutrals": 2,
			"ai": 1
		},
		{
			"economy": 3,
			"neutrals": 3,
			"ai": 1
		},
		{
			"economy": 4,
			"neutrals": 4,
			"ai": 2
		},
		{
			"economy": 5,
			"neutrals": 5,
			"ai": 2
		}
	],

	"classicMaps": [
		"Jebus Cross",
		"Crossroads",
		"Shamrock",
		"Fair'n Square"
	],

	"singleHeroMaps": [
		"Jebus Outcast",
		"Harmony",
		"Helltide",
		"Memory Lane"
	]
}
