﻿{
	"unitsArr":
	[
		{ "sid": "esquire", "amount": 35 },					{ "sid": "esquire_upg", "amount": 25 },					{ "sid": "esquire_upg_alt", "amount": 25 },
		{ "sid": "crossbowman", "amount": 35 },				{ "sid": "crossbowman_upg", "amount": 25 },				{ "sid": "crossbowman_upg_alt", "amount": 25 },
		{ "sid": "griffin", "amount": 22 },					{ "sid": "griffin_upg", "amount": 16 },					{ "sid": "griffin_upg_alt", "amount": 16 },
		{ "sid": "lightweaver", "amount": 26 },				{ "sid": "lightweaver_upg", "amount": 18 },				{ "sid": "lightweaver_upg_alt", "amount": 18 },
		{ "sid": "sunlight_cavalry", "amount": 13 },		{ "sid": "sunlight_cavalry_upg", "amount": 9 },			{ "sid": "sunlight_cavalry_upg_alt", "amount": 9 },
		{ "sid": "inquisitor", "amount": 14 },				{ "sid": "inquisitor_upg", "amount": 9 },				{ "sid": "inquisitor_upg_alt", "amount": 9 },
		{ "sid": "angel", "amount": 6 },					{ "sid": "angel_upg", "amount": 4 },					{ "sid": "angel_upg_alt", "amount": 4 },

		{ "sid": "skeleton", "amount": 75 },				{ "sid": "skeleton_upg", "amount": 60 },				{ "sid": "skeleton_upg_alt", "amount": 60 },
		{ "sid": "flicker", "amount": 40 },					{ "sid": "flicker_upg", "amount": 30 },					{ "sid": "flicker_upg_alt", "amount": 30 },
		{ "sid": "pet", "amount": 42 },						{ "sid": "pet_upg", "amount": 30 },						{ "sid": "pet_upg_alt", "amount": 30 },
		{ "sid": "graverobber", "amount": 29 },				{ "sid": "graverobber_upg", "amount": 20 },				{ "sid": "graverobber_upg_alt", "amount": 20 },
		{ "sid": "lich", "amount": 29 },					{ "sid": "lich_upg", "amount": 20 },					{ "sid": "lich_upg_alt", "amount": 20 },
		{ "sid": "avatar_of_war", "amount": 18 },			{ "sid": "avatar_of_war_upg", "amount": 11 },			{ "sid": "avatar_of_war_upg_alt", "amount": 11 },
		{ "sid": "vampire", "amount": 11 },					{ "sid": "vampire_upg", "amount": 7 },					{ "sid": "vampire_upg_alt", "amount": 7 },

		{ "sid": "elf_tracker", "amount": 25 },				{ "sid": "elf_tracker_upg", "amount": 20 },				{ "sid": "elf_tracker_upg_alt", "amount": 20 },
		{ "sid": "twinkle", "amount": 25 },					{ "sid": "twinkle_upg", "amount": 20 },					{ "sid": "twinkle_upg_alt", "amount": 20 },
		{ "sid": "ent", "amount": 24 },						{ "sid": "ent_upg", "amount": 18 },						{ "sid": "ent_upg_alt", "amount": 18 },
		{ "sid": "aqualotl", "amount": 20 },				{ "sid": "aqualotl_upg", "amount": 14 },				{ "sid": "aqualotl_upg_alt", "amount": 14 },
		{ "sid": "druid", "amount": 16 },					{ "sid": "druid_upg", "amount": 11 },					{ "sid": "druid_upg_alt", "amount": 11 },
		{ "sid": "qilin", "amount": 11 },					{ "sid": "qilin_upg", "amount": 7 },					{ "sid": "qilin_upg_alt", "amount": 7 },
		{ "sid": "phoenix", "amount": 5 },					{ "sid": "phoenix_upg", "amount": 3 },					{ "sid": "phoenix_upg_alt", "amount": 3 },

		{ "sid": "lesser_eldritch", "amount": 40 },			{ "sid": "lesser_eldritch_upg", "amount": 30 },			{ "sid": "lesser_eldritch_upg_alt", "amount": 30 },
		{ "sid": "unfrozen_cultist", "amount": 25 },		{ "sid": "unfrozen_cultist_upg", "amount": 20 },		{ "sid": "unfrozen_cultist_upg_alt", "amount": 20 },
		{ "sid": "frostworm_rider", "amount": 24 },			{ "sid": "frostworm_rider_upg", "amount": 18 },			{ "sid": "frostworm_rider_upg_alt", "amount": 18 },
		{ "sid": "eldritch_flyer", "amount": 16 },			{ "sid": "eldritch_flyer_upg", "amount": 11 },			{ "sid": "eldritch_flyer_upg_alt", "amount": 11 },
		{ "sid": "succubus", "amount": 18 },				{ "sid": "succubus_upg", "amount": 12 },				{ "sid": "succubus_upg_alt", "amount": 12 },
		{ "sid": "arbitrator", "amount": 13 },				{ "sid": "arbitrator_upg", "amount": 8 },				{ "sid": "arbitrator_upg_alt", "amount": 8 },
		{ "sid": "unspeakable", "amount": 6 },				{ "sid": "unspeakable_upg", "amount": 4 },				{ "sid": "unspeakable_upg_alt", "amount": 4 },

		{ "sid": "trick_demon", "amount": 35 },				{ "sid": "trick_demon_upg", "amount": 25 },				{ "sid": "trick_demon_upg_alt", "amount": 25 },
		{ "sid": "locust", "amount": 30 },					{ "sid": "locust_upg", "amount": 20 },					{ "sid": "locust_upg_alt", "amount": 20 },
		{ "sid": "wasp", "amount": 24 },					{ "sid": "wasp_upg", "amount": 18 },					{ "sid": "wasp_upg_alt", "amount": 18 },
		{ "sid": "jaw", "amount": 27 },						{ "sid": "jaw_upg", "amount": 19 },						{ "sid": "jaw_upg_alt", "amount": 19 },
		{ "sid": "godslayer", "amount": 14 },				{ "sid": "godslayer_upg", "amount": 10 },				{ "sid": "godslayer_upg_alt", "amount": 10 },
		{ "sid": "olgoi", "amount": 12 },					{ "sid": "olgoi_upg", "amount": 8 },					{ "sid": "olgoi_upg_alt", "amount": 8 },
		{ "sid": "hive_queen", "amount": 6 },				{ "sid": "hive_queen_upg", "amount": 4 },				{ "sid": "hive_queen_upg_alt", "amount": 4 },

		{ "sid": "trogl", "amount": 65 },					{ "sid": "trogl_upg", "amount": 50 },					{ "sid": "trogl_upg_alt", "amount": 50 },
		{ "sid": "assassin", "amount": 35 },				{ "sid": "assassin_upg", "amount": 25 },				{ "sid": "assassin_upg_alt", "amount": 25 },
		{ "sid": "blade_dancer", "amount": 38 },			{ "sid": "blade_dancer_upg", "amount": 26 },			{ "sid": "blade_dancer_upg_alt", "amount": 26 },
		{ "sid": "minos", "amount": 19 },					{ "sid": "minos_upg", "amount": 13 },					{ "sid": "minos_upg_alt", "amount": 13 },
		{ "sid": "medusa", "amount": 22 },					{ "sid": "medusa_upg", "amount": 15 },					{ "sid": "medusa_upg_alt", "amount": 15 },
		{ "sid": "hydra", "amount": 12 },					{ "sid": "hydra_upg", "amount": 7 },					{ "sid": "hydra_upg_alt", "amount": 7 },
		{ "sid": "black_dragon", "amount": 5 },				{ "sid": "black_dragon_upg", "amount": 3 },				{ "sid": "black_dragon_upg_alt", "amount": 3 },

		{ "sid": "lich_dragon", "amount": 1 },
	
		{ "sid": "sentinel", "amount": 3 },

		{ "sid": "mech_guard", "amount": 8 },
		{ "sid": "coatl", "amount": 8 },
		{ "sid": "dragon_hunter", "amount": 8 },

		{ "sid": "fairy_dragon", "amount": 11 },
		{ "sid": "giant_turtle", "amount": 11 },

		{ "sid": "kitten_horn", "amount": 13 },
		{ "sid": "star_child", "amount": 13 },
		{ "sid": "primal_remnant", "amount": 13 },
		{ "sid": "unicorn", "amount": 13 },

		{ "sid": "gorilla", "amount": 20 },		
		{ "sid": "animated_armor", "amount": 20 },

		{ "sid": "goblin_rogue", "amount": 30 },
		{ "sid": "halfling", "amount": 30 },
		{ "sid": "peasant", "amount": 30 }
	]
}
