{
	"array": 
	[
		{
			"id": "wall_arc",
			"name": "defense_wall_name",
			"vfx": "wall_arc",
			"takeDamageEffect": "effects/siege/siege_damage",
			"destroyedEffect": "effects/siege/siege_explosion",

			"tags": [ "obstacle", "defense_structure" ],

			"startTime": 0.1,	"endTime": 1,

			"stats": 
			{
				"hp": 200,
				"hpPerBuilding": 20
			}
		},
		{
			"id": "wall_30",
			"name": "defense_wall_name",
			"vfx": "wall_30",
			"takeDamageEffect": "effects/siege/siege_damage",
			"destroyedEffect": "effects/siege/siege_explosion",

			"tags": [ "obstacle", "defense_structure" ],

			"startTime": 0.1,	"endTime": 1,

			"stats": 
			{
				"hp": 200,
				"hpPerBuilding": 20
			}
		},
		{
			"id": "wall_30_neg",
			"name": "defense_wall_name",
			"vfx": "wall_30_neg",
			"takeDamageEffect": "effects/siege/siege_damage",
			"destroyedEffect": "effects/siege/siege_explosion",

			"tags": [ "obstacle", "defense_structure" ],

			"startTime": 0.1,	"endTime": 1,

			"stats": 
			{
				"hp": 200,
				"hpPerBuilding": 20
			}
		},
		{
			"id": "wall_90",
			"name": "defense_wall_name",
			"vfx": "wall_90",
			"takeDamageEffect": "effects/siege/siege_damage",
			"destroyedEffect": "effects/siege/siege_explosion",

			"tags": [ "obstacle", "defense_structure" ],

			"startTime": 0.1,	"endTime": 1,

			"stats": 
			{
				"hp": 200,
				"hpPerBuilding": 20
			}
		},
		{
			"id": "wall_90_neg",
			"name": "defense_wall_name",
			"vfx": "wall_90_neg",
			"takeDamageEffect": "effects/siege/siege_damage",
			"destroyedEffect": "effects/siege/siege_explosion",

			"tags": [ "obstacle", "defense_structure" ],

			"startTime": 0.1,	"endTime": 1,

			"stats": 
			{
				"hp": 200,
				"hpPerBuilding": 20
			}
		},
		
		{
			"id": "gate_multiblock",
			"name": "defense_wall_name",
			"vfx": "gate_multiblock",
			"takeDamageEffect": "effects/siege/siege_damage",
			"destroyedEffect": "effects/siege/siege_explosion",

			"tags": [ "obstacle", "defense_structure" ],

			"startTime": 0.1,	"endTime": 1,

			"stats": 
			{
				"hp": 500,
				"hpPerBuilding": 50
			},

			"multiblock": true,
			"pattern": 
			{
				"charX": 1, "charY": 1,
				"dimX":  2, "dimY":  3,
				"damagePattern": 
				[
					  2, 0,
					0, 4,
					  2, 0
				]
			}
		},

		{
			"id": "gate_backdoor",
			"name": "defense_wall_name",
			"vfx": "gate_backdoor",
			"takeDamageEffect": "effects/siege/siege_damage",
			"destroyedEffect": "effects/siege/siege_explosion",

			"tags": [ "obstacle", "defense_structure" ],

			"startTime": 0.1,	"endTime": 1,

			"transparency": "solid_for_enemy",
			"stats": 
			{
				"hp": 200,
				"hpPerBuilding": 20
			}
		},

		{
			"id": "gate_backdoor_neg",
			"name": "defense_wall_name",
			"vfx": "gate_backdoor_neg",
			"takeDamageEffect": "effects/siege/siege_damage",
			"destroyedEffect": "effects/siege/siege_explosion",

			"tags": [ "obstacle", "defense_structure" ],

			"startTime": 0.1,	"endTime": 1,

			"transparency": "solid_for_enemy",
			"stats": 
			{
				"hp": 200,
				"hpPerBuilding": 20
			}
		},

		{
			"id": "stockade",
			"name": "stockade_name",
			"vfx": "stockade",

			"tags": ["unit"],

			"startTime": 0,	"endTime": 0,

			"stats": 
			{
				"hp": 1
			}
		},

		{
			"id": "obstacles_stockade",
			"name": "stockade_name",
			"vfx": "obstacles/human_siege_elements/fence_wooden_spicky",
			"isEffect": true,

			"tags": [ "obstacle", "attackable_object" ],

			"startTime": 0, "endTime": 0,

			"stats": 
			{
				"hp": 1, "maxInDmg": 1
			}
		},
		{
			"id": "obstacles_stockade_human",
			"name": "stockade_name",
			"vfx": "obstacles/human_siege_elements/human_obstacle_wall",
			"isEffect": true,
			"randomRotation": true,

			"tags": [ "obstacle", "attackable_object" ],

			"startTime": 0, "endTime": 0,

			"stats": 
			{
				"hp": 1, "maxInDmg": 1
			}
		},
		{
			"id": "obstacles_stockade_undead",
			"name": "stockade_name",
			"vfx": "obstacles/undead_siege_elements/undead_obstacle_wall",
			"isEffect": true,
			"randomRotation": true,

			"tags": [ "obstacle", "attackable_object" ],

			"startTime": 0, "endTime": 0,

			"stats": 
			{
				"hp": 1, "maxInDmg": 1
			}
		},
		{
			"id": "obstacles_stockade_nature",
			"name": "stockade_name",
			"vfx": "obstacles/nature_siege_elements/nature_obstacle_wall",
			"isEffect": true,
			"randomRotation": true,

			"tags": [ "obstacle", "attackable_object" ],

			"startTime": 0, "endTime": 0,

			"stats": 
			{
				"hp": 1, "maxInDmg": 1
			}
		},
		{
			"id": "obstacles_stockade_demon",
			"name": "stockade_name",
			"vfx": "obstacles/demon_siege_elements/demon_obstacle_wall",
			"randomRotation": true,
			"isEffect": true,

			"tags": [ "obstacle", "attackable_object" ],

			"startTime": 0, "endTime": 0,

			"stats": 
			{
				"hp": 1, "maxInDmg": 1
			}
		},
		{
			"id": "obstacles_stockade_unfrozen",
			"name": "stockade_name",
			"vfx": "obstacles/unfrozen_siege_elements/unfrozen_obstacle_wall",
			"isEffect": true,
			"randomRotation": true,

			"tags": [ "obstacle", "attackable_object" ],

			"startTime": 0, "endTime": 0,

			"stats": 
			{
				"hp": 1, "maxInDmg": 1
			}
		},
		{
			"id": "obstacles_stockade_dungeon",
			"name": "stockade_name",
			"vfx": "obstacles/dungeon_siege_elements/dungeon_obstacle_wall",
			"isEffect": true,
			"randomRotation": true,

			"tags": [ "obstacle", "attackable_object" ],

			"startTime": 0, "endTime": 0,

			"stats": 
			{
				"hp": 1, "maxInDmg": 1
			}
		},

		{
			"id": "obstacles_null",		
			"name": "stockade_name",	
			"vfx": "debug/EmptyObstacle",
			"isEffect": true,
			
			"tags": [ "not_attackable_object" ],

			"stats": 
			{
				"hp": 1000, "maxInDmg": 1
			}
		}
	]  
}
