{
	"array":
	[
		{
			"id": "human",
			"name": "human_name",
			"desc": "human_desc",
			"narrativeDesc": "human_narrative_desc",
			"icon": "fraction_human",
			"iconFractionLaws": "Scroll_Faction_Human",
			"biome": "Grass",
			"resourceName": "gemstones",

			"fractionLawsLines":
			[
				{
					"groups":
					[
						{ "laws": [ "fraction_law_human_1",  "fraction_law_human_2",  "fraction_law_human_3" ] },
						{ "laws": [ "fraction_law_human_4",  "fraction_law_human_10", "fraction_law_human_5" ] }
					],
					"countToUnlock": 0
				},
				{
					"groups":
					[
						{ "laws": [ "fraction_law_human_22", "fraction_law_human_28" ] },
						{ "laws": [ "fraction_law_human_11", "fraction_law_human_17", "fraction_law_human_12", "fraction_law_human_13" ] }
					],
					"countToUnlock": 5
				},
				{
					"groups":
					[
						{ "laws": [ "fraction_law_human_14", "fraction_law_human_21", "fraction_law_human_15", "fraction_law_human_16" ] },
						{ "laws": [ "fraction_law_human_18", "fraction_law_human_19", "fraction_law_human_20" ] }
					],
					"countToUnlock": 15
				},
				{
					"groups":
					[
						{ "laws": [ "fraction_law_human_6",  "fraction_law_human_7",  "fraction_law_human_8",  "fraction_law_human_9" ] },
						{ "laws": [ "fraction_law_human_23", "fraction_law_human_24", "fraction_law_human_25" ] }
					],
					"countToUnlock": 30
				},
				{
					"groups":
					[
						{ "laws": [ "fraction_law_human_27", "fraction_law_human_29" ] },
						{ "laws": [ "fraction_law_human_30", "fraction_law_human_26", "fraction_law_human_32" ] }
					],
					"countToUnlock": 50
				}
			],

			"classicModeUniqueMagics":
			[
				{
					"magics":
					[
						{
							"sid": "neutral_magic_second_sight",
							"costsToUnlock": [ 35, 90, 170, 275 ],
							"unlockPointsModifiers": [ 1, 1, 1, 1, 1 ],
							"unlockBuildingsModifier": 2
						}
					]
				},
				{
					"magics":
					[
						{
							"sid": "neutral_magic_shadow_form",
							"costsToUnlock": [ 45, 105, 190, 300 ],
							"unlockPointsModifiers": [ 1, 1, 1, 1, 1 ],
							"unlockBuildingsModifier": 2
						}
					]
				},
				{
					"magics":
					[
						{
							"sid": "neutral_magic_light_gate",
							"costsToUnlock": [ 55, 120, 210, 325 ],
							"unlockPointsModifiers": [ 1, 1, 1, 1, 1 ],
							"unlockBuildingsModifier": 2
						}
					]
				},
				{
					"magics":
					[
						{
							"sid": "neutral_magic_town_portal",
							"costsToUnlock": [ 65, 135, 230, 350 ],
							"unlockPointsModifiers": [ 1, 1, 1, 1, 1 ],
							"unlockBuildingsModifier": 2
						}
					]
				},
				{
					"magics":
					[
						{
							"sid": "neutral_magic_dimension_door",
							"costsToUnlock": [ 75, 150, 250, 375 ],
							"unlockPointsModifiers": [ 1, 1, 1, 1, 1 ],
							"unlockBuildingsModifier": 2
						}
					]
				}
			],

			"singleHeroModeUniqueMagics":
			[
				{
					"magics":
					[
						{
							"sid": "neutral_magic_second_sight",
							"costsToUnlock": [ 35, 90, 170, 275 ],
							"unlockPointsModifiers": [ 1, 1, 1, 1, 1 ],
							"unlockBuildingsModifier": 2
						}
					]
				},
				{
					"magics":
					[
						{
							"sid": "neutral_magic_shadow_form",
							"costsToUnlock": [ 65, 135, 230, 350 ],
							"unlockPointsModifiers": [ 1, 1, 1, 1, 1 ],
							"unlockBuildingsModifier": 2
						}
					]
				},
				{
					"magics":
					[
						{
							"sid": "neutral_magic_light_gate",
							"costsToUnlock": [ 55, 120, 210, 325 ],
							"unlockPointsModifiers": [ 1, 1, 1, 1, 1 ],
							"unlockBuildingsModifier": 2
						}
					]
				},
				{
					"magics":
					[
						{
							"sid": "neutral_magic_town_portal",
							"costsToUnlock": [ 45, 105, 190, 300 ],
							"unlockPointsModifiers": [ 1, 1, 1, 1, 1 ],
							"unlockBuildingsModifier": 2
						}
					]
				},
				{
					"magics":
					[
						{
							"sid": "neutral_magic_dimension_door",
							"costsToUnlock": [ 75, 150, 250, 375 ],
							"unlockPointsModifiers": [ 1, 1, 1, 1, 1 ],
							"unlockBuildingsModifier": 2
						}
					]
				}
			],

			"cityNames":
			[
				"human_city_name_1",
				"human_city_name_2",
				"human_city_name_3",
				"human_city_name_4",
				"human_city_name_5",
				"human_city_name_6",
				"human_city_name_7",
				"human_city_name_8",
				"human_city_name_9",
				"human_city_name_10",
				"human_city_name_11",
				"human_city_name_12",
				"human_city_name_13",
				"human_city_name_14",
				"human_city_name_15",
				"human_city_name_16",
				"human_city_name_17",
				"human_city_name_18",
				"human_city_name_19",
				"human_city_name_20"
			]
		}
	]
}