{
	"array":
	[
		{
			"id": "undead",
			"name": "undead_name",
			"desc": "undead_desc",
			"narrativeDesc": "undead_narrative_desc",
			"icon": "fraction_undead",
			"iconFractionLaws": "Scroll_Faction_Undead",
			"biome": "Deathland",
			"resourceName": "mercury",

			"fractionLawsLines":
			[
				{
					"groups":
					[
						{ "laws": [ "fraction_law_undead_1",  "fraction_law_undead_2", "fraction_law_undead_3" ] },
						{ "laws": [ "fraction_law_undead_4",  "fraction_law_undead_5" ] }
					],
					"countToUnlock": 0
				},
				{
					"groups":
					[
						{ "laws": [ "fraction_law_undead_6",  "fraction_law_undead_7",  "fraction_law_undead_8", "fraction_law_undead_12" ] },
						{ "laws": [ "fraction_law_undead_9",  "fraction_law_undead_10", "fraction_law_undead_11" ] }
					],
					"countToUnlock": 5
				},
				{
					"groups":
					[
						{ "laws": [ "fraction_law_undead_13", "fraction_law_undead_14", "fraction_law_undead_15", "fraction_law_undead_16" ] },
						{ "laws": [ "fraction_law_undead_17", "fraction_law_undead_18", "fraction_law_undead_19", "fraction_law_undead_26" ] }
					],
					"countToUnlock": 15
				},
				{
					"groups":
					[
						{ "laws": [ "fraction_law_undead_20", "fraction_law_undead_21", "fraction_law_undead_22" ] },
						{ "laws": [ "fraction_law_undead_23", "fraction_law_undead_24", "fraction_law_undead_29" ] }
					],
					"countToUnlock": 30
				},
				{
					"groups":
					[
						{ "laws": [ "fraction_law_undead_27", "fraction_law_undead_28" ] },
						{ "laws": [ "fraction_law_undead_30", "fraction_law_undead_31" ] }
					],
					"countToUnlock": 50
				}
			],

			"classicModeUniqueMagics":
			[
				{
					"magics":
					[
						{
							"sid": "neutral_magic_second_sight",
							"costsToUnlock": [ 35, 90, 170, 275 ],
							"unlockPointsModifiers": [ 1, 1, 1, 1, 1 ],
							"unlockBuildingsModifier": 2
						}
					]
				},
				{
					"magics":
					[
						{
							"sid": "neutral_magic_shadow_form",
							"costsToUnlock": [ 45, 105, 190, 300 ],
							"unlockPointsModifiers": [ 1, 1, 1, 1, 1 ],
							"unlockBuildingsModifier": 2
						}
					]
				},
				{
					"magics":
					[
						{
							"sid": "neutral_magic_light_gate",
							"costsToUnlock": [ 55, 120, 210, 325 ],
							"unlockPointsModifiers": [ 1, 1, 1, 1, 1 ],
							"unlockBuildingsModifier": 2
						}
					]
				},
				{
					"magics":
					[
						{
							"sid": "neutral_magic_town_portal",
							"costsToUnlock": [ 65, 135, 230, 350 ],
							"unlockPointsModifiers": [ 1, 1, 1, 1, 1 ],
							"unlockBuildingsModifier": 2
						}
					]
				},
				{
					"magics":
					[
						{
							"sid": "neutral_magic_dimension_door",
							"costsToUnlock": [ 75, 150, 250, 375 ],
							"unlockPointsModifiers": [ 1, 1, 1, 1, 1 ],
							"unlockBuildingsModifier": 2
						}
					]
				}
			],

			"singleHeroModeUniqueMagics":
			[
				{
					"magics":
					[
						{
							"sid": "neutral_magic_second_sight",
							"costsToUnlock": [ 35, 90, 170, 275 ],
							"unlockPointsModifiers": [ 1, 1, 1, 1, 1 ],
							"unlockBuildingsModifier": 2
						}
					]
				},
				{
					"magics":
					[
						{
							"sid": "neutral_magic_shadow_form",
							"costsToUnlock": [ 65, 135, 230, 350 ],
							"unlockPointsModifiers": [ 1, 1, 1, 1, 1 ],
							"unlockBuildingsModifier": 2
						}
					]
				},
				{
					"magics":
					[
						{
							"sid": "neutral_magic_light_gate",
							"costsToUnlock": [ 55, 120, 210, 325 ],
							"unlockPointsModifiers": [ 1, 1, 1, 1, 1 ],
							"unlockBuildingsModifier": 2
						}
					]
				},
				{
					"magics":
					[
						{
							"sid": "neutral_magic_town_portal",
							"costsToUnlock": [ 45, 105, 190, 300 ],
							"unlockPointsModifiers": [ 1, 1, 1, 1, 1 ],
							"unlockBuildingsModifier": 2
						}
					]
				},
				{
					"magics":
					[
						{
							"sid": "neutral_magic_dimension_door",
							"costsToUnlock": [ 75, 150, 250, 375 ],
							"unlockPointsModifiers": [ 1, 1, 1, 1, 1 ],
							"unlockBuildingsModifier": 2
						}
					]
				}
			],

			"cityNames":
			[
				"undead_city_name_1",
				"undead_city_name_2",
				"undead_city_name_3",
				"undead_city_name_4",
				"undead_city_name_5",
				"undead_city_name_6",
				"undead_city_name_7",
				"undead_city_name_8",
				"undead_city_name_9",
				"undead_city_name_10",
				"undead_city_name_11",
				"undead_city_name_12",
				"undead_city_name_13",
				"undead_city_name_14",
				"undead_city_name_15",
				"undead_city_name_16",
				"undead_city_name_17",
				"undead_city_name_18",
				"undead_city_name_19",
				"undead_city_name_20"
			]
		}
	]
}