{
	"array":
	[
		{
			"id": "dungeon",
			"name": "dungeon_name",
			"desc": "dungeon_desc",
			"narrativeDesc": "dungeon_narrative_desc",
			"icon": "fraction_dungeon",
			"iconFractionLaws": "Scroll_Faction_Dungeon",
			"biome": "Dirt",
			"resourceName": "gemstones",

			"fractionLawsLines":
			[
				{
					"groups":
					[
						{ "laws": [ "fraction_law_dungeon_1",   "fraction_law_dungeon_2",   "fraction_law_dungeon_3" ] },
						{ "laws": [ "fraction_law_dungeon_4",   "fraction_law_dungeon_5",   "fraction_law_dungeon_6" ] }
					],
					"countToUnlock": 0
				},
				{
					"groups":
					[
						{ "laws": [ "fraction_law_dungeon_7",   "fraction_law_dungeon_8",   "fraction_law_dungeon_9" ] },
						{ "laws": [ "fraction_law_dungeon_10",  "fraction_law_dungeon_11",  "fraction_law_dungeon_12",  "fraction_law_dungeon_13" ] }
					],
					"countToUnlock": 5
				},
				{
					"groups":
					[
						{ "laws": [ "fraction_law_dungeon_14", "fraction_law_dungeon_15", "fraction_law_dungeon_16", "fraction_law_dungeon_17" ] },
						{ "laws": [ "fraction_law_dungeon_18", "fraction_law_dungeon_19", "fraction_law_dungeon_20", "fraction_law_dungeon_21" ] }
					],
					"countToUnlock": 15
				},
				{
					"groups":
					[
						{ "laws": [ "fraction_law_dungeon_22", "fraction_law_dungeon_23", "fraction_law_dungeon_24" ] },
						{ "laws": [ "fraction_law_dungeon_25", "fraction_law_dungeon_26", "fraction_law_dungeon_27" ] }
					],
					"countToUnlock": 30
				},
				{
					"groups":
					[
						{ "laws": [ "fraction_law_dungeon_28", "fraction_law_dungeon_29", "fraction_law_dungeon_30" ] },
						{ "laws": [ "fraction_law_dungeon_31", "fraction_law_dungeon_32" ] }
					],
					"countToUnlock": 50
				}
			],

			"classicModeUniqueMagics":
			[
				{
					"magics":
					[
						{
							"sid": "neutral_magic_second_sight",
							"costsToUnlock": [ 35, 90, 170, 275 ],
							"unlockPointsModifiers": [ 1, 1, 1, 1, 1 ],
							"unlockBuildingsModifier": 2
						}
					]
				},
				{
					"magics":
					[
						{
							"sid": "neutral_magic_shadow_form",
							"costsToUnlock": [ 45, 105, 190, 300 ],
							"unlockPointsModifiers": [ 1, 1, 1, 1, 1 ],
							"unlockBuildingsModifier": 2
						}
					]
				},
				{
					"magics":
					[
						{
							"sid": "neutral_magic_light_gate",
							"costsToUnlock": [ 55, 120, 210, 325 ],
							"unlockPointsModifiers": [ 1, 1, 1, 1, 1 ],
							"unlockBuildingsModifier": 2
						}
					]
				},
				{
					"magics":
					[
						{
							"sid": "neutral_magic_town_portal",
							"costsToUnlock": [ 65, 135, 230, 350 ],
							"unlockPointsModifiers": [ 1, 1, 1, 1, 1 ],
							"unlockBuildingsModifier": 2
						}
					]
				},
				{
					"magics":
					[
						{
							"sid": "neutral_magic_dimension_door",
							"costsToUnlock": [ 75, 150, 250, 375 ],
							"unlockPointsModifiers": [ 1, 1, 1, 1, 1 ],
							"unlockBuildingsModifier": 2
						}
					]
				}
			],

			"singleHeroModeUniqueMagics":
			[
				{
					"magics":
					[
						{
							"sid": "neutral_magic_second_sight",
							"costsToUnlock": [ 35, 90, 170, 275 ],
							"unlockPointsModifiers": [ 1, 1, 1, 1, 1 ],
							"unlockBuildingsModifier": 2
						}
					]
				},
				{
					"magics":
					[
						{
							"sid": "neutral_magic_shadow_form",
							"costsToUnlock": [ 65, 135, 230, 350 ],
							"unlockPointsModifiers": [ 1, 1, 1, 1, 1 ],
							"unlockBuildingsModifier": 2
						}
					]
				},
				{
					"magics":
					[
						{
							"sid": "neutral_magic_light_gate",
							"costsToUnlock": [ 55, 120, 210, 325 ],
							"unlockPointsModifiers": [ 1, 1, 1, 1, 1 ],
							"unlockBuildingsModifier": 2
						}
					]
				},
				{
					"magics":
					[
						{
							"sid": "neutral_magic_town_portal",
							"costsToUnlock": [ 45, 105, 190, 300 ],
							"unlockPointsModifiers": [ 1, 1, 1, 1, 1 ],
							"unlockBuildingsModifier": 2
						}
					]
				},
				{
					"magics":
					[
						{
							"sid": "neutral_magic_dimension_door",
							"costsToUnlock": [ 75, 150, 250, 375 ],
							"unlockPointsModifiers": [ 1, 1, 1, 1, 1 ],
							"unlockBuildingsModifier": 2
						}
					]
				}
			],

			"cityNames":
			[
				"dungeon_city_name_1",
				"dungeon_city_name_2",
				"dungeon_city_name_3",
				"dungeon_city_name_4",
				"dungeon_city_name_5",
				"dungeon_city_name_6",
				"dungeon_city_name_7",
				"dungeon_city_name_8",
				"dungeon_city_name_9",
				"dungeon_city_name_10",
				"dungeon_city_name_11",
				"dungeon_city_name_12",
				"dungeon_city_name_13",
				"dungeon_city_name_14",
				"dungeon_city_name_15",
				"dungeon_city_name_16",
				"dungeon_city_name_17",
				"dungeon_city_name_18",
				"dungeon_city_name_19",
				"dungeon_city_name_20"
			]
		}
	]
}