﻿{
	"array":
	[

	{
	"id": "attack_reach_massive_x1_x50_x50",
	"sid": "attack_reach_massive_x1_x50_x50",
	"rotations": 
		[
			{
			"dimX": 4,
			"dimY": 3,
			"charX": 1,
			"charY": 2,

				"damagePattern": 
				[
				  0.5, 0.5, 0.5, 0.0,
				0.0, 0.5, 0.5, 0.5,
				  0.0, 0.5, 0.5, 0.5
				]
			},

			{
			"dimX": 3,
			"dimY": 5,
			"charX": 0,
			"charY": 2,

				"damagePattern": 
				[
				  0.0, 0.5, 0.0,
				0.0, 0.5, 0.5,
				  0.5, 0.5, 0.5,
				0.0, 0.5, 0.5,
				  0.0, 0.5, 0.0
				]
			},

			{
			"dimX": 4,
			"dimY": 3,
			"charX": 1,
			"charY": 0,

				"damagePattern": 
				[
				  0.0, 0.5, 0.5, 0.5,
				0.0, 0.5, 0.5, 0.5,
				  0.5, 0.5, 0.5, 0.0
				]
			}
		]
	}

	]
}