{
	"array":
	[

    {
	"id": "attack_swirl_x2_x100",
	"sid": "attack_swirl_x2_x100",
	"rotations": 
      	[
			{
			"dimX": 5,
			"dimY": 5,
			"charX": 2,
			"charY": 2,

				"damagePattern": 
				[
				  0.0, 1.0, 1.0, 1.0, 0.0,
				0.0, 1.0, 1.0, 1.0, 1.0,
				  1.0, 1.0, 0.0, 1.0, 1.0,
				0.0, 1.0, 1.0, 1.0, 1.0,
			      0.0, 1.0, 1.0, 1.0, 0.0
				]
			},

			{
			"dimX": 5,
			"dimY": 5,
			"charX": 2,
			"charY": 2,

				"damagePattern": 
				[
				  0.0, 1.0, 1.0, 1.0, 0.0,
				0.0, 1.0, 1.0, 1.0, 1.0,
				  1.0, 1.0, 0.0, 1.0, 1.0,
				0.0, 1.0, 1.0, 1.0, 1.0,
				  0.0, 1.0, 1.0, 1.0, 0.0
				]
			},

			{
			"dimX": 5,
			"dimY": 5,
			"charX": 2,
			"charY": 2,

				"damagePattern": 
				[
				  0.0, 1.0, 1.0, 1.0, 0.0,
				0.0, 1.0, 1.0, 1.0, 1.0,
				  1.0, 1.0, 0.0, 1.0, 1.0,
				0.0, 1.0, 1.0, 1.0, 1.0,
				  0.0, 1.0, 1.0, 1.0, 0.0
				]
			}
		]
    }
    
  	]
}