﻿{
	"array":
	[

	{
	"id": "attack_rumble_without_self_x1_x200_x200",
	"sid": "attack_rumble_without_self_x1_x200_x200",
	"rotations": 
		[
			{
			"dimX": 3,
			"dimY": 3,
			"charX": 1,
			"charY": 1,

				"damagePattern": 
				[
				  2.0, 2.0, 0.0,
				2.0, 2.0, 2.0,
				  0.0, 2.0, 0.0
				]
			},

			{
			"dimX": 3,
			"dimY": 3,
			"charX": 1,
			"charY": 1,

				"damagePattern": 
				[
				  2.0, 2.0, 0.0,
				0.0, 2.0, 2.0,
				  2.0, 2.0, 0.0
				]
			},

			{
			"dimX": 3,
			"dimY": 3,
			"charX": 1,
			"charY": 1,

				"damagePattern": 
				[
				  0.0, 2.0, 0.0,
				2.0, 2.0, 2.0,
				  2.0, 2.0, 0.0
				]
			}
		]
	}

	]
}