﻿{
	"array":
	[

	{
	"id": "attack_massive_x1_x100_x100_with_dalay_black_dragon",
	"sid": "attack_massive_x1_x100_x100_with_dalay_black_dragon",
	"rotations": 
		[
			{
			"dimX": 4,
			"dimY": 3,
			"charX": 2,
			"charY": 1,

				"damagePattern": 
				[
					1.0, 1.0, 1.0, 0.0,
				  0.0, 1.0, 1.0, 1.0,
					0.0, 0.0, 1.0, 1.0
				],

				"delayPattern": 
				[
				  0.7, 0.6, 0.5, 0.0,
				0.0, 0.0, 0.1, 0.4,
				  0.0, 0.0, 0.2, 0.3
				]
			},

			{
			"dimX": 2,
			"dimY": 5,
			"charX": 0,
			"charY": 2,

				"damagePattern": 
				[
					1.0, 0.0,
				  1.0, 1.0,
					1.0, 1.0,
				  1.0, 1.0,
					1.0, 0.0
				],

				"delayPattern": 
				[
				  0.7, 0.0,
				0.0, 0.6,
				  0.1, 0.5,
				0.2, 0.4,
				  0.3, 0.0
				]
			},

			{
			"dimX": 4,
			"dimY": 3,
			"charX": 2,
			"charY": 1,

				"damagePattern": 
				[
				  0.0, 0.0, 0.5, 0.5,
				0.0, 0.5, 0.5, 0.5,
				  0.5, 0.5, 0.5, 0.0
				],

				"delayPattern": 
				[
					0.0, 0.0, 1.0, 1.0,
				  0.0, 1.0, 1.0, 1.0,
					1.0, 1.0, 1.0, 0.0
				]
			}
		]
	}

	]
}