{
	"array":
	[

    {
	"id": "attack_swirl_x1_x50",
	"sid": "attack_swirl_x1_x50",
	"rotations": 
      	[
			{
			"dimX": 3,
			"dimY": 3,
			"charX": 1,
			"charY": 1,

				"damagePattern": 
				[
				  0.5, 0.5, 0.0,
				0.5, 0.0, 0.5,
				  0.5, 0.5, 0.0
				]
			},

			{
			"dimX": 3,
			"dimY": 3,
			"charX": 1,
			"charY": 1,

				"damagePattern": 
				[
				  0.5, 0.5, 0.0,
				0.5, 0.0, 0.5,
				  0.5, 0.5, 0.0
				]
			},

			{
			"dimX": 3,
			"dimY": 3,
			"charX": 1,
			"charY": 1,

				"damagePattern": 
				[
				  0.5, 0.5, 0.0,
				0.5, 0.0, 0.5,
				  0.5, 0.5, 0.0
				]
			}
		]
    }
    
  	]
}