{
	"array":
	[

    {
	"id": "attack_swirl_x1_x100",
	"sid": "attack_swirl_x1_x100",
	"rotations": 
      	[
			{
			"dimX": 3,
			"dimY": 3,
			"charX": 1,
			"charY": 1,

				"damagePattern": 
				[
				  1.0, 1.0, 0.0,
				1.0, 0.0, 1.0,
				  1.0, 1.0, 0.0
				]
			},

			{
			"dimX": 3,
			"dimY": 3,
			"charX": 1,
			"charY": 1,

				"damagePattern": 
				[
				  1.0, 1.0, 0.0,
				1.0, 0.0, 1.0,
				  1.0, 1.0, 0.0
				]
			},

			{
			"dimX": 3,
			"dimY": 3,
			"charX": 1,
			"charY": 1,

				"damagePattern": 
				[
				  1.0, 1.0, 0.0,
				1.0, 0.0, 1.0,
				  1.0, 1.0, 0.0
				]
			}
		]
    }
    
  	]
}