﻿{
	"array":
	[
    
    {
	"id": "attack_rumble_x3_x100",
	"sid": "attack_rumble_x3_x100",
	"rotations": 
		[
			{
			"dimX": 7,
			"dimY": 7,
			"charX": 3,
			"charY": 3,

				"damagePattern": 
				[
				  0.0, 1.0, 1.0, 1.0, 1.0, 0.0, 0.0,
				0.0, 1.0, 1.0, 1.0, 1.0, 1.0, 0.0,
				  1.0, 1.0, 1.0, 1.0, 1.0, 1.0, 0.0,
				0.1, 1.0, 1.0, 1.0, 1.0, 1.0, 1.0,
				  1.0, 1.0, 1.0, 1.0, 1.0, 1.0, 0.0,
				0.0, 1.0, 1.0, 1.0, 1.0, 1.0, 0.0,
				  0.0, 1.0, 1.0, 1.0, 1.0, 0.0, 0.0
				]
			},

			{
			"dimX": 7,
			"dimY": 7,
			"charX": 3,
			"charY": 3,

				"damagePattern": 
				[
				  0.0, 1.0, 1.0, 1.0, 1.0, 0.0, 0.0,
				0.0, 1.0, 1.0, 1.0, 1.0, 1.0, 0.0,
				  1.0, 1.0, 1.0, 1.0, 1.0, 1.0, 0.0,
				0.1, 1.0, 1.0, 1.0, 1.0, 1.0, 1.0,
				  1.0, 1.0, 1.0, 1.0, 1.0, 1.0, 0.0,
				0.0, 1.0, 1.0, 1.0, 1.0, 1.0, 0.0,
				  0.0, 1.0, 1.0, 1.0, 1.0, 0.0, 0.0
				]
			},

			{
			"dimX": 7,
			"dimY": 7,
			"charX": 3,
			"charY": 3,

				"damagePattern": 
				[
				  0.0, 1.0, 1.0, 1.0, 1.0, 0.0, 0.0,
				0.0, 1.0, 1.0, 1.0, 1.0, 1.0, 0.0,
				  1.0, 1.0, 1.0, 1.0, 1.0, 1.0, 0.0,
				0.1, 1.0, 1.0, 1.0, 1.0, 1.0, 1.0,
				  1.0, 1.0, 1.0, 1.0, 1.0, 1.0, 0.0,
				0.0, 1.0, 1.0, 1.0, 1.0, 1.0, 0.0,
				  0.0, 1.0, 1.0, 1.0, 1.0, 0.0, 0.0
				]
			}
		]
    }

	]
}