{
	"array":
	[

	{
	"id": "attack_swipe_x50_x50",
	"sid": "attack_swipe_x50_x50",
	"rotations": 
		[
			{
			"dimX": 3,
			"dimY": 2,
			"charX": 1,
			"charY": 0,

				"damagePattern": 
				[
				0.5, 0.5, 0.0,
				  0.0, 0.5, 0.0
				]
			},

			{
			"dimX": 1,
			"dimY": 3,
			"charX": 0,
			"charY": 1,

				"damagePattern": 
				[
				  0.5,
				0.5,
				  0.5
				]
			},

			{
			"dimX": 3,
			"dimY": 2,
			"charX": 1,
			"charY": 1,

				"damagePattern": 
				[
				0.0, 0.0, 0.5,
				  0.5, 0.5, 0.0
				]
			}
		]
	}

	]
}