﻿{
	"array":
	[

    {
	"id": "attack_reach_x2_x100_x100_x100_with_delay",
	"sid": "attack_reach_x2_x100_x100_x100_with_delay",
	"rotations": 
		[
			{
			"dimX": 2,
			"dimY": 3,
			"charX": 0,
			"charY": 2,

				"damagePattern": 
				[
				  0.0, 1.0,
				0.0, 1.0,
				  1.0, 0.0
				],

				"delayPattern": 
				[
				  0.0, 0.2,
				0.0, 0.1,
				  0.0, 0.0
				]
			},

			{
			"dimX": 3,
			"dimY": 1,
			"charX": 0,
			"charY": 0,

				"damagePattern": 
				[
					1.0, 1.0, 1.0
				],

				"delayPattern": 
				[
					0.0, 0.1, 0.2
				]
			},

			{
			"dimX": 2,
			"dimY": 3,
			"charX": 0,
			"charY": 0,

				"damagePattern": 
				[
				  1.0, 0.0,
				0.0, 1.0,
				  0.0, 1.0
				],

				"delayPattern": 
				[
				  0.0, 0.0,
				0.0, 0.1,
				  0.0, 0.2
				]
			}
		]
	}

	]
}