{
	"array":
	[
		{
			"id": "fraction_law_undead_1",
			"icon": "fraction_law_undead_1_icon",
			"name": "fraction_law_undead_1_name",
			"desc": "fraction_law_undead_1_desc",
		
			"parametersPerLevel":
			[
				{
					"cost": 1,
					"bonuses":
					[
						{
							"type": "sideRes",
							"parameters": [ "gold", 250 ]
						}
					]
				},
				{
					"cost": 1,
					"bonuses":
					[
						{
							"type": "sideRes",
							"parameters": [ "gold", 500 ]
						}
					]
				},
				{
					"cost": 1,
					"bonuses":
					[
						{
							"type": "sideRes",
							"parameters": [ "gold", 750 ]
						}
					]
				}
			]
		},
		{
			"id": "fraction_law_undead_2",
			"icon": "fraction_law_undead_2_icon",
			"name": "fraction_law_undead_2_name",
			"desc": "fraction_law_undead_2_desc",
		
			"parametersPerLevel":
			[
				{
					"cost": 3,
					"bonuses":
					[
						{
							"type": "heroStat",
							"parameters": [ "necromancyPerBonus", "0.01" ]
						}
					]
				}
			]
		},
		{
			"id": "fraction_law_undead_3",
			"icon": "fraction_law_undead_3_icon",
			"name": "fraction_law_undead_3_name",
			"desc": "fraction_law_undead_3_desc",
		
			"parametersPerLevel":
			[
				{
					"cost": 1,
					"bonuses":
					[
						{
							"type": "sideOneTimeAddRes",
							"parameters": [ "gold", "2500" ]
						},
						{
							"type": "sideOneTimeAddRes",
							"parameters": [ "wood", "5" ]
						},
						{
							"type": "sideOneTimeAddRes",
							"parameters": [ "ore", "5" ]
						}
					]
				}
			]
		},
		{
			"id": "fraction_law_undead_4",
			"icon": "fraction_law_undead_4_icon",
			"name": "fraction_law_undead_4_name",
			"desc": "fraction_law_undead_4_desc",
		
			"parametersPerLevel":
			[
				{
					"cost": 3,
					"bonuses":
					[
						{
							"type": "cityUnitsIncrement",
							"parameters": [ "skeleton", "4" ]
						},
						{
							"type": "unitStat",
							"receivers": [ "skeleton", "skeleton_upg", "skeleton_upg_alt" ],
							"parameters": [ "offence", "2" ]
						},
						{
							"type": "unitStat",
							"receivers": [ "skeleton", "skeleton_upg", "skeleton_upg_alt" ],
							"parameters": [ "defence", "2" ]
						}
					]
				},
				{
					"cost": 2,
					"bonuses":
					[
						{
							"type": "cityUnitsIncrement",
							"parameters": [ "skeleton", "8" ]
						},
						{
							"type": "unitStat",
							"receivers": [ "skeleton", "skeleton_upg", "skeleton_upg_alt" ],
							"parameters": [ "offence", "2" ]
						},
						{
							"type": "unitStat",
							"receivers": [ "skeleton", "skeleton_upg", "skeleton_upg_alt" ],
							"parameters": [ "defence", "2" ]
						}
					]
				}
			]
		},
		{
			"id": "fraction_law_undead_5",
			"icon": "fraction_law_undead_5_icon",
			"name": "fraction_law_undead_5_name",
			"desc": "fraction_law_undead_5_desc",
		
			"parametersPerLevel":
			[
				{
					"cost": 3,
					"bonuses":
					[
						{
							"type": "cityUnitsIncrement",
							"parameters": [ "flicker", "4" ]
						},
						{
							"type": "unitStat",
							"receivers": [ "flicker", "flicker_upg", "flicker_upg_alt" ],
							"parameters": [ "damageMin", "1" ]
						}
					]
				},
				{
					"cost": 2,
					"bonuses":
					[
						{
							"type": "cityUnitsIncrement",
							"parameters": [ "flicker", "8" ]
						},
						{
							"type": "unitStat",
							"receivers": [ "flicker", "flicker_upg", "flicker_upg_alt" ],
							"parameters": [ "damageMin", "1" ]
						}
					]
				}
			]
		},



		{
			"id": "fraction_law_undead_6",
			"icon": "fraction_law_undead_6_icon",
			"name": "fraction_law_undead_6_name",
			"desc": "fraction_law_undead_6_desc",
		
			"parametersPerLevel":
			[
				{
					"cost": 2,
					"bonuses":
					[
						{
							"type": "heroStat",
							"parameters": [ "defence", "1" ]
						}
					]
				},
				{
					"cost": 2,
					"bonuses":
					[
						{
							"type": "heroStat",
							"parameters": [ "defence", "2" ]
						}
					]
				},
				{
					"cost": 2,
					"bonuses":
					[
						{
							"type": "heroStat",
							"parameters": [ "defence", "3" ]
						}
					]
				}
			]
		},
		{
			"id": "fraction_law_undead_7",
			"icon": "fraction_law_undead_7_icon",
			"name": "fraction_law_undead_7_name",
			"desc": "fraction_law_undead_7_desc",
		
			"parametersPerLevel":
			[
				{
					"cost": 3,
					"bonuses":
					[
						{
							"type": "heroStat",
							"parameters": [ "necromancyPerBonus", "0.01" ]
						}
					]
				}
			]
		},
		{
			"id": "fraction_law_undead_8",
			"icon": "fraction_law_undead_8_icon",
			"name": "fraction_law_undead_8_name",
			"desc": "fraction_law_undead_8_desc",
		
			"parametersPerLevel":
			[
				{
					"cost": 1,
					"bonuses":
					[
						{
							"type": "sideStat",
							"parameters": [ "cityExpCoef", "0.2" ]
						}
					]
				},
				{
					"cost": 1,
					"bonuses":
					[
						{
							"type": "sideStat",
							"parameters": [ "cityExpCoef", "0.4" ]
						}
					]
				},
				{
					"cost": 1,
					"bonuses":
					[
						{
							"type": "sideStat",
							"parameters": [ "cityExpCoef", "0.6" ]
						}
					]
				}
			]
		},
		{
			"id": "fraction_law_undead_9",
			"icon": "fraction_law_undead_9_icon",
			"name": "fraction_law_undead_9_name",
			"desc": "fraction_law_undead_9_desc",
		
			"parametersPerLevel":
			[
				{
					"cost": 3,
					"bonuses":
					[
						{
							"type": "unitBoolStat",
							"parameters": [ "ignoreFractionsCount", "true" ]
						}
					]
				}
			]
		},
		{
			"id": "fraction_law_undead_10",
			"icon": "fraction_law_undead_10_icon",
			"name": "fraction_law_undead_10_name",
			"desc": "fraction_law_undead_10_desc",
		
			"parametersPerLevel":
			[
				{
					"cost": 3,
					"bonuses":
					[
						{
							"type": "cityUnitsIncrement",
							"parameters": [ "pet", "2" ]
						},
						{
							"type": "unitStat",
							"receivers": [ "pet", "pet_upg", "pet_upg_alt" ],
							"parameters": [ "initiative", "2" ]
						}
					]
				},
				{
					"cost": 2,
					"bonuses":
					[
						{
							"type": "cityUnitsIncrement",
							"parameters": [ "pet", "4" ]
						},
						{
							"type": "unitStat",
							"receivers": [ "pet", "pet_upg", "pet_upg_alt" ],
							"parameters": [ "initiative", "2" ]
						}
					]
				}
			]
		},
		{
			"id": "fraction_law_undead_11",
			"icon": "fraction_law_undead_11_icon",
			"name": "fraction_law_undead_11_name",
			"desc": "fraction_law_undead_11_desc",
		
			"parametersPerLevel":
			[
				{
					"cost": 3,
					"bonuses":
					[
						{
							"type": "cityUnitsIncrement",
							"parameters": [ "graverobber", "2" ]
						},
						{
							"type": "unitStat",
							"receivers": [ "graverobber", "graverobber_upg", "graverobber_upg_alt" ],
							"parameters": [ "finalSummonBonusPercent", "0.5" ]
						}
					]
				},
				{
					"cost": 2,
					"bonuses":
					[
						{
							"type": "cityUnitsIncrement",
							"parameters": [ "graverobber", "4" ]
						},
						{
							"type": "unitStat",
							"receivers": [ "graverobber", "graverobber_upg", "graverobber_upg_alt" ],
							"parameters": [ "finalSummonBonusPercent", "0.5" ]
						}
					]
				}
			]
		},
		{
			"id": "fraction_law_undead_12",
			"icon": "fraction_law_undead_12_icon",
			"name": "fraction_law_undead_12_name",
			"desc": "fraction_law_undead_12_desc",
		
			"parametersPerLevel":
			[
				{
					"cost": 2,
					"bonuses":
					[
						{
							"type": "heroStat",
							"parameters": [ "luck", "1" ]
						}
					]
				},
				{
					"cost": 2,
					"bonuses":
					[
						{
							"type": "heroStat",
							"parameters": [ "luck", "2" ]
						}
					]
				}
			]
		},



		{
			"id": "fraction_law_undead_13",
			"icon": "fraction_law_undead_13_icon",
			"name": "fraction_law_undead_13_name",
			"desc": "fraction_law_undead_13_desc",
		
			"parametersPerLevel":
			[
				{
					"cost": 1,
					"bonuses":
					[
						{
							"type": "sideRes",
							"parameters": [ "mercury", 1 ]
						}
					]
				},
				{
					"cost": 1,
					"bonuses":
					[
						{
							"type": "sideRes",
							"parameters": [ "mercury", 2 ]
						}
					]
				},
				{
					"cost": 1,
					"bonuses":
					[
						{
							"type": "sideRes",
							"parameters": [ "mercury", 3 ]
						}
					]
				}
			]
		},
		{
			"id": "fraction_law_undead_14",
			"icon": "fraction_law_undead_14_icon",
			"name": "fraction_law_undead_14_name",
			"desc": "fraction_law_undead_14_desc",
		
			"parametersPerLevel":
			[
				{
					"cost": 1,
					"bonuses":
					[
						{
							"type": "sideStat",
							"parameters": [ "magicUpgradeCostPerBonus", "-0.1" ]
						}
					]
				},
				{
					"cost": 1,
					"bonuses":
					[
						{
							"type": "sideStat",
							"parameters": [ "magicUpgradeCostPerBonus", "-0.2" ]
						}
					]
				},
				{
					"cost": 1,
					"bonuses":
					[
						{
							"type": "sideStat",
							"parameters": [ "magicUpgradeCostPerBonus", "-0.3" ]
						}
					]
				}
			]
		},
		{
			"id": "fraction_law_undead_15",
			"icon": "fraction_law_undead_15_icon",
			"name": "fraction_law_undead_15_name",
			"desc": "fraction_law_undead_15_desc",
		
			"parametersPerLevel":
			[
				{
					"cost": 3,
					"bonuses":
					[
						{
							"type": "heroStat",
							"parameters": [ "necromancyPerBonus", "0.01" ]
						}
					]
				}
			]
		},
		{
			"id": "fraction_law_undead_16",
			"icon": "fraction_law_undead_16_icon",
			"name": "fraction_law_undead_16_name",
			"desc": "fraction_law_undead_16_desc",
		
			"parametersPerLevel":
			[
				{
					"cost": 2,
					"bonuses":
					[
						{
							"type": "sideOneTimeAddRes",
							"parameters": [ "gold", "5000" ]
						},
						{
							"type": "sideOneTimeAddRes",
							"parameters": [ "wood", "10" ]
						},
						{
							"type": "sideOneTimeAddRes",
							"parameters": [ "ore", "10" ]
						}
					]
				}
			]
		},
		{
			"id": "fraction_law_undead_17",
			"icon": "fraction_law_undead_17_icon",
			"name": "fraction_law_undead_17_name",
			"desc": "fraction_law_undead_17_desc",
		
			"parametersPerLevel":
			[
				{
					"cost": 3,
					"bonuses":
					[
						{
							"type": "unitStat",
							"parameters": [ "vampirismHealMultiplier", "0.25" ]
						}
					]
				},
				{
					"cost": 3,
					"bonuses":
					[
						{
							"type": "unitStat",
							"parameters": [ "vampirismHealMultiplier", "0.50" ]
						}
					]
				}
			]
		},
		{
			"id": "fraction_law_undead_18",
			"icon": "fraction_law_undead_18_icon",
			"name": "fraction_law_undead_18_name",
			"desc": "fraction_law_undead_18_desc",
		
			"parametersPerLevel":
			[
				{
					"cost": 3,
					"bonuses":
					[
						{
							"type": "cityUnitsIncrement",
							"parameters": [ "lich", "1" ]
						},
						{
							"type": "unitStat",
							"receivers": [ "lich", "lich_upg", "lich_upg_alt" ],
							"parameters": [ "finalHealingBonusPercent", "1.0" ]
						}
					]
				},
				{
					"cost": 2,
					"bonuses":
					[
						{
							"type": "cityUnitsIncrement",
							"parameters": [ "lich", "2" ]
						},
						{
							"type": "unitStat",
							"receivers": [ "lich", "lich_upg", "lich_upg_alt" ],
							"parameters": [ "finalHealingBonusPercent", "1.0" ]
						}
					]
				}
			]
		},
		{
			"id": "fraction_law_undead_19",
			"icon": "fraction_law_undead_19_icon",
			"name": "fraction_law_undead_19_name",
			"desc": "fraction_law_undead_19_desc",
		
			"parametersPerLevel":
			[
				{
					"cost": 3,
					"bonuses":
					[
						{
							"type": "cityUnitsIncrement",
							"parameters": [ "avatar_of_war", "1" ]
						},
						{
							"type": "unitStat",
							"receivers": [ "avatar_of_war", "avatar_of_war_upg", "avatar_of_war_upg_alt" ],
							"parameters": [ "damageMax", "6" ]
						}
					]
				},
				{
					"cost": 2,
					"bonuses":
					[
						{
							"type": "cityUnitsIncrement",
							"parameters": [ "avatar_of_war", "2" ]
						},
						{
							"type": "unitStat",
							"receivers": [ "avatar_of_war", "avatar_of_war_upg", "avatar_of_war_upg_alt" ],
							"parameters": [ "damageMax", "6" ]
						}
					]
				}
			]
		},



		{
			"id": "fraction_law_undead_20",
			"icon": "fraction_law_undead_20_icon",
			"name": "fraction_law_undead_20_name",
			"desc": "fraction_law_undead_20_desc",
		
			"parametersPerLevel":
			[
				{
					"cost": 5,
					"bonuses":
					[
						{
							"type": "heroStat",
							"parameters": [ "enableBattleOnNativeBiome", "true" ]
						}
					]
				}
			]
		},
		{
			"id": "fraction_law_undead_21",
			"icon": "fraction_law_undead_21_icon",
			"name": "fraction_law_undead_21_name",
			"desc": "fraction_law_undead_21_desc",
		
			"parametersPerLevel":
			[
				{
					"cost": 3,
					"bonuses":
					[
						{
							"type": "heroStat",
							"parameters": [ "necromancyPerBonus", "0.01" ]
						}
					]
				}
			]
		},
		{
			"id": "fraction_law_undead_22",
			"icon": "fraction_law_undead_22_icon",
			"name": "fraction_law_undead_22_name",
			"desc": "fraction_law_undead_22_desc",
		
			"parametersPerLevel":
			[
				{
					"cost": 3,
					"bonuses":
					[
						{
							"type": "unitHiringDiscount",
							"fraction": "undead",
							"parameters": [ "-0.1" ]
						}
					]
				},
				{
					"cost": 3,
					"bonuses":
					[
						{
							"type": "unitHiringDiscount",
							"fraction": "undead",
							"parameters": [ "-0.2" ]
						}
					]
				}
			]
		},
		{
			"id": "fraction_law_undead_23",
			"icon": "fraction_law_undead_23_icon",
			"name": "fraction_law_undead_23_name",
			"desc": "fraction_law_undead_23_desc",
		
			"parametersPerLevel":
			[
				{
					"cost": 3,
					"bonuses":
					[
						{
							"type": "cityUnitsIncrement",
							"parameters": [ "vampire", "1" ]
						},
						{
							"type": "unitStat",
							"receivers": [ "vampire", "vampire_upg", "vampire_upg_alt" ],
							"parameters": [ "hp", "25" ]
						}
					]
				},
				{
					"cost": 2,
					"bonuses":
					[
						{
							"type": "cityUnitsIncrement",
							"parameters": [ "vampire", "2" ]
						},
						{
							"type": "unitStat",
							"receivers": [ "vampire", "vampire_upg", "vampire_upg_alt" ],
							"parameters": [ "hp", "25" ]
						}
					]
				}
			]
		},
		{
			"id": "fraction_law_undead_24",
			"icon": "fraction_law_undead_24_icon",
			"name": "fraction_law_undead_24_name",
			"desc": "fraction_law_undead_24_desc",
		
			"parametersPerLevel":
			[
				{
					"cost": 4,
					"bonuses":
					[
						{
							"type": "unitStat",
							"biomeType": "native",
							"parameters": [ "speed", "1" ]
						}
					]
				}
			]
		},
		{
			"id": "fraction_law_undead_25",
			"icon": "fraction_law_undead_25_icon",
			"name": "fraction_law_undead_25_name",
			"desc": "fraction_law_undead_25_desc",
		
			"parametersPerLevel":
			[
				{
					"cost": 2,
					"bonuses":
					[
						{
							"type": "unitStat",
							"parameters": [ "finalSummonBonusPercent", "0.2" ]
						}
					]
				},
				{
					"cost": 2,
					"bonuses":
					[
						{
							"type": "unitStat",
							"parameters": [ "finalSummonBonusPercent", "0.3" ]
						}
					]
				},
				{
					"cost": 2,
					"bonuses":
					[
						{
							"type": "unitStat",
							"parameters": [ "finalSummonBonusPercent", "0.4" ]
						}
					]
				}
			]
		},




		{
			"id": "fraction_law_undead_26",
			"icon": "fraction_law_undead_26_icon",
			"name": "fraction_law_undead_26_name",
			"desc": "fraction_law_undead_26_desc",
		
			"parametersPerLevel":
			[
				{
					"cost": 2,
					"bonuses":
					[
						{ 
							"type": "unitStat",
							"receiverAllegiance": "enemy",
							"parameters": [ "modifierSet", "inDmgMods", "damage_over_time", "0.5" ]
						}
					]
				},
				{
					"cost": 2,
					"bonuses":
					[
						{ 
							"type": "unitStat",
							"receiverAllegiance": "enemy",
							"parameters": [ "modifierSet", "inDmgMods", "damage_over_time", "1.0" ]
						}
					]
				}
			]
		},
		{
			"id": "fraction_law_undead_27",
			"icon": "fraction_law_undead_27_icon",
			"name": "fraction_law_undead_27_name",
			"desc": "fraction_law_undead_27_desc",
		
			"parametersPerLevel":
			[
				{
					"cost": 3,
					"bonuses":
					[
						{
							"type": "heroStat",
							"parameters": [ "necromancyPerBonus", "0.01" ]
						}
					]
				}
			]
		},
		{
			"id": "fraction_law_undead_28",
			"icon": "fraction_law_undead_28_icon",
			"name": "fraction_law_undead_28_name",
			"desc": "fraction_law_undead_28_desc",
		
			"parametersPerLevel":
			[
				{
					"cost": 3,
					"bonuses":
					[
						{
							"type": "sideOneTimeAddRes",
							"parameters": [ "gold", "7500" ]
						},
						{
							"type": "sideOneTimeAddRes",
							"parameters": [ "wood", "15" ]
						},
						{
							"type": "sideOneTimeAddRes",
							"parameters": [ "ore", "15" ]
						}
					]
				}
			]
		},
		{
			"id": "fraction_law_undead_29",
			"icon": "fraction_law_undead_29_icon",
			"name": "fraction_law_undead_29_name",
			"desc": "fraction_law_undead_29_desc",
		
			"parametersPerLevel":
			[
				{
					"cost": 3,
					"bonuses":
					[
						{
							"type": "unitStat",
							"receiverAllegiance": "enemy",
							"parameters": [ "additionalActionChanceModifier", "-0.01" ]
						},
						{
							"type": "unitStat",
							"receiverAllegiance": "enemy",
							"parameters": [ "critChanceModifier", "-0.01" ]
						}
					]
				},
				{
					"cost": 3,
					"bonuses":
					[
						{
							"type": "unitStat",
							"receiverAllegiance": "enemy",
							"parameters": [ "additionalActionChanceModifier", "-0.02" ]
						},
						{
							"type": "unitStat",
							"receiverAllegiance": "enemy",
							"parameters": [ "critChanceModifier", "-0.02" ]
						}
					]
				}
			]
		},
		{
			"id": "fraction_law_undead_30",
			"icon": "fraction_law_undead_30_icon",
			"name": "fraction_law_undead_30_name",
			"desc": "fraction_law_undead_30_desc",
		
			"parametersPerLevel":
			[
				{
					"cost": 3,
					"bonuses":
					[
						{
							"type": "unitStat",
							"parameters": [ "numCounters", "1" ]
						}
					]
				}
			]
		},
		{
			"id": "fraction_law_undead_31",
			"icon": "fraction_law_undead_31_icon",
			"name": "fraction_law_undead_31_name",
			"desc": "fraction_law_undead_31_desc",
		
			"parametersPerLevel":
			[
				{
					"cost": 4,
					"bonuses":
					[
						{ 
							"type": "unitStat",
							"fraction": "human",
							"parameters": [ "outAllDmgMod", "0.05" ]
						},
						{ 
							"type": "unitStat",
							"fraction": "human",
							"parameters": [ "inAllDmgMod", "-0.05" ]
						},

						{ 
							"type": "unitStat",
							"fraction": "nature",
							"parameters": [ "outAllDmgMod", "0.05" ]
						},
						{ 
							"type": "unitStat",
							"fraction": "nature",
							"parameters": [ "inAllDmgMod", "-0.05" ]
						},

						{ 
							"type": "unitStat",
							"fraction": "dungeon",
							"parameters": [ "outAllDmgMod", "0.05" ]
						},
						{ 
							"type": "unitStat",
							"fraction": "dungeon",
							"parameters": [ "inAllDmgMod", "-0.05" ]
						},

						{ 
							"type": "unitStat",
							"fraction": "demon",
							"parameters": [ "outAllDmgMod", "0.05" ]
						},
						{ 
							"type": "unitStat",
							"fraction": "demon",
							"parameters": [ "inAllDmgMod", "-0.05" ]
						},

						{ 
							"type": "unitStat",
							"fraction": "unfrozen",
							"parameters": [ "outAllDmgMod", "0.05" ]
						},
						{ 
							"type": "unitStat",
							"fraction": "unfrozen",
							"parameters": [ "inAllDmgMod", "-0.05" ]
						},

						{ 
							"type": "unitStat",
							"fraction": "neutral",
							"parameters": [ "outAllDmgMod", "0.05" ]
						},
						{ 
							"type": "unitStat",
							"fraction": "neutral",
							"parameters": [ "inAllDmgMod", "-0.05" ]
						},

						

						{ 
							"type": "unitStat",
							"fraction": "human",
							"receiverAllegiance": "enemy",
							"parameters": [ "outAllDmgMod", "-0.05" ]
						},
						{ 
							"type": "unitStat",
							"fraction": "human",
							"receiverAllegiance": "enemy",
							"parameters": [ "inAllDmgMod", "0.05" ]
						},

						{ 
							"type": "unitStat",
							"fraction": "nature",
							"receiverAllegiance": "enemy",
							"parameters": [ "outAllDmgMod", "-0.05" ]
						},
						{ 
							"type": "unitStat",
							"fraction": "nature",
							"receiverAllegiance": "enemy",
							"parameters": [ "inAllDmgMod", "0.05" ]
						},

						{ 
							"type": "unitStat",
							"fraction": "dungeon",
							"receiverAllegiance": "enemy",
							"parameters": [ "outAllDmgMod", "-0.05" ]
						},
						{ 
							"type": "unitStat",
							"fraction": "dungeon",
							"receiverAllegiance": "enemy",
							"parameters": [ "inAllDmgMod", "0.05" ]
						},

						{ 
							"type": "unitStat",
							"fraction": "demon",
							"receiverAllegiance": "enemy",
							"parameters": [ "outAllDmgMod", "-0.05" ]
						},
						{ 
							"type": "unitStat",
							"fraction": "demon",
							"receiverAllegiance": "enemy",
							"parameters": [ "inAllDmgMod", "0.05" ]
						},

						{ 
							"type": "unitStat",
							"fraction": "unfrozen",
							"receiverAllegiance": "enemy",
							"parameters": [ "outAllDmgMod", "-0.05" ]
						},
						{ 
							"type": "unitStat",
							"fraction": "unfrozen",
							"receiverAllegiance": "enemy",
							"parameters": [ "inAllDmgMod", "0.05" ]
						},

						{ 
							"type": "unitStat",
							"fraction": "neutral",
							"receiverAllegiance": "enemy",
							"parameters": [ "outAllDmgMod", "-0.05" ]
						},
						{ 
							"type": "unitStat",
							"fraction": "neutral",
							"receiverAllegiance": "enemy",
							"parameters": [ "inAllDmgMod", "0.05" ]
						}
					]
				},
				{
					"cost": 4,
					"bonuses":
					[
						{ 
							"type": "unitStat",
							"fraction": "human",
							"parameters": [ "outAllDmgMod", "0.10" ]
						},
						{ 
							"type": "unitStat",
							"fraction": "human",
							"parameters": [ "inAllDmgMod", "-0.10" ]
						},

						{ 
							"type": "unitStat",
							"fraction": "nature",
							"parameters": [ "outAllDmgMod", "0.10" ]
						},
						{ 
							"type": "unitStat",
							"fraction": "nature",
							"parameters": [ "inAllDmgMod", "-0.10" ]
						},

						{ 
							"type": "unitStat",
							"fraction": "dungeon",
							"parameters": [ "outAllDmgMod", "0.10" ]
						},
						{ 
							"type": "unitStat",
							"fraction": "dungeon",
							"parameters": [ "inAllDmgMod", "-0.10" ]
						},

						{ 
							"type": "unitStat",
							"fraction": "demon",
							"parameters": [ "outAllDmgMod", "0.10" ]
						},
						{ 
							"type": "unitStat",
							"fraction": "demon",
							"parameters": [ "inAllDmgMod", "-0.10" ]
						},

						{ 
							"type": "unitStat",
							"fraction": "unfrozen",
							"parameters": [ "outAllDmgMod", "0.10" ]
						},
						{ 
							"type": "unitStat",
							"fraction": "unfrozen",
							"parameters": [ "inAllDmgMod", "-0.10" ]
						},

						{ 
							"type": "unitStat",
							"fraction": "neutral",
							"parameters": [ "outAllDmgMod", "0.10" ]
						},
						{ 
							"type": "unitStat",
							"fraction": "neutral",
							"parameters": [ "inAllDmgMod", "-0.10" ]
						},

						

						{ 
							"type": "unitStat",
							"fraction": "human",
							"receiverAllegiance": "enemy",
							"parameters": [ "outAllDmgMod", "-0.10" ]
						},
						{ 
							"type": "unitStat",
							"fraction": "human",
							"receiverAllegiance": "enemy",
							"parameters": [ "inAllDmgMod", "0.10" ]
						},

						{ 
							"type": "unitStat",
							"fraction": "nature",
							"receiverAllegiance": "enemy",
							"parameters": [ "outAllDmgMod", "-0.10" ]
						},
						{ 
							"type": "unitStat",
							"fraction": "nature",
							"receiverAllegiance": "enemy",
							"parameters": [ "inAllDmgMod", "0.10" ]
						},

						{ 
							"type": "unitStat",
							"fraction": "dungeon",
							"receiverAllegiance": "enemy",
							"parameters": [ "outAllDmgMod", "-0.10" ]
						},
						{ 
							"type": "unitStat",
							"fraction": "dungeon",
							"receiverAllegiance": "enemy",
							"parameters": [ "inAllDmgMod", "0.10" ]
						},

						{ 
							"type": "unitStat",
							"fraction": "demon",
							"receiverAllegiance": "enemy",
							"parameters": [ "outAllDmgMod", "-0.10" ]
						},
						{ 
							"type": "unitStat",
							"fraction": "demon",
							"receiverAllegiance": "enemy",
							"parameters": [ "inAllDmgMod", "0.10" ]
						},

						{ 
							"type": "unitStat",
							"fraction": "unfrozen",
							"receiverAllegiance": "enemy",
							"parameters": [ "outAllDmgMod", "-0.10" ]
						},
						{ 
							"type": "unitStat",
							"fraction": "unfrozen",
							"receiverAllegiance": "enemy",
							"parameters": [ "inAllDmgMod", "0.10" ]
						},

						{ 
							"type": "unitStat",
							"fraction": "neutral",
							"receiverAllegiance": "enemy",
							"parameters": [ "outAllDmgMod", "-0.10" ]
						},
						{ 
							"type": "unitStat",
							"fraction": "neutral",
							"receiverAllegiance": "enemy",
							"parameters": [ "inAllDmgMod", "0.10" ]
						}
					]
				}
			]
		}
	]
}