{
	"array":
	[
		{
			"id": "fraction_law_dungeon_1",
			"icon": "fraction_law_dungeon_1_icon",
			"name": "fraction_law_dungeon_1_name",
			"desc": "fraction_law_dungeon_1_desc",
		
			"parametersPerLevel":
			[
				{
					"cost": 1,
					"bonuses":
					[
						{
							"type": "sideRes",
							"parameters": [ "gold", 250 ]
						}
					]
				},
				{
					"cost": 1,
					"bonuses":
					[
						{
							"type": "sideRes",
							"parameters": [ "gold", 500 ]
						}
					]
				},
				{
					"cost": 1,
					"bonuses":
					[
						{
							"type": "sideRes",
							"parameters": [ "gold", 750 ]
						}
					]
				}
			]
		},
		{
			"id": "fraction_law_dungeon_2",
			"icon": "fraction_law_dungeon_2_icon",
			"name": "fraction_law_dungeon_2_name",
			"desc": "fraction_law_dungeon_2_desc",
		
			"parametersPerLevel":
			[
				{
					"cost": 3,
					"bonuses":
					[
						{ 
							"type": "heroStat",
							"parameters": [ "sideExpPerBonus", "0.25" ]
						}
					]
				}
			]
		},
		{
			"id": "fraction_law_dungeon_3",
			"icon": "fraction_law_dungeon_3_icon",
			"name": "fraction_law_dungeon_3_name",
			"desc": "fraction_law_dungeon_3_desc",
		
			"parametersPerLevel":
			[
				{
					"cost": 1,
					"bonuses":
					[
						{
							"type": "sideOneTimeAddRes",
							"parameters": [ "gold", "2500" ]
						},
						{
							"type": "sideOneTimeAddRes",
							"parameters": [ "wood", "5" ]
						},
						{
							"type": "sideOneTimeAddRes",
							"parameters": [ "ore", "5" ]
						}
					]
				}
			]
		},
		{
			"id": "fraction_law_dungeon_4",
			"icon": "fraction_law_dungeon_4_icon",
			"name": "fraction_law_dungeon_4_name",
			"desc": "fraction_law_dungeon_4_desc",
		
			"parametersPerLevel":
			[
				{
					"cost": 3,
					"bonuses":
					[
						{
							"type": "unitStat",
							"receivers": [ "trogl", "trogl_upg", "trogl_upg_alt" ],
							"parameters": [ "modifierSet", "outDmgMods", "armed_ability_trogl", "0.5" ]
						},
						{
							"type": "unitStat",
							"receivers": [ "trogl", "trogl_upg", "trogl_upg_alt" ],
							"parameters": [ "damageMin", "1" ]
						}
					]
				},
				{
					"cost": 2,
					"bonuses":
					[
						{
							"type": "unitStat",
							"receivers": [ "trogl", "trogl_upg", "trogl_upg_alt" ],
							"parameters": [ "modifierSet", "outDmgMods", "armed_ability_trogl", "0.5" ]
						},
						{
							"type": "unitStat",
							"receivers": [ "trogl", "trogl_upg", "trogl_upg_alt" ],
							"parameters": [ "damageMin", "2" ]
						}
					]
				}
			]
		},
		{
			"id": "fraction_law_dungeon_5",
			"icon": "fraction_law_dungeon_5_icon",
			"name": "fraction_law_dungeon_5_name",
			"desc": "fraction_law_dungeon_5_desc",
		
			"parametersPerLevel":
			[
				{
					"cost": 2,
					"bonuses":
					[
						{
							"type": "unitStat",
							"parameters": [ "modifierSet", "inDmgMods", "magic_damage", "-0.05" ]
						}
					]
				},
				{
					"cost": 2,
					"bonuses":
					[
						{
							"type": "unitStat",
							"parameters": [ "modifierSet", "inDmgMods", "magic_damage", "-0.10" ]
						}
					]
				}
			]
		},
		{
			"id": "fraction_law_dungeon_6",
			"icon": "fraction_law_dungeon_6_icon",
			"name": "fraction_law_dungeon_6_name",
			"desc": "fraction_law_dungeon_6_desc",
		
			"parametersPerLevel":
			[
				{
					"cost": 3,
					"bonuses":
					[
						{
							"type": "cityUnitsIncrement",
							"parameters": [ "esquire", "4" ]
						},
						{
							"type": "cityUnitsIncrement",
							"parameters": [ "skeleton", "4" ]
						},
						{
							"type": "cityUnitsIncrement",
							"parameters": [ "elf_tracker", "4" ]
						},
						{
							"type": "cityUnitsIncrement",
							"parameters": [ "lesser_eldritch", "4" ]
						},
						{
							"type": "cityUnitsIncrement",
							"parameters": [ "trick_demon", "4" ]
						},
						{
							"type": "cityUnitsIncrement",
							"parameters": [ "trogl", "4" ]
						}
					]
				}
			]
		},


		
		{
			"id": "fraction_law_dungeon_7",
			"icon": "fraction_law_dungeon_7_icon",
			"name": "fraction_law_dungeon_7_name",
			"desc": "fraction_law_dungeon_7_desc",
		
			"parametersPerLevel":
			[
				{
					"cost": 2,
					"bonuses":
					[
						{
							"type": "constructionDiscount",
							"parameters": [ "ore", "-0.20" ]
						}
					]
				},
				{
					"cost": 2,
					"bonuses":
					[
						{
							"type": "constructionDiscount",
							"parameters": [ "ore", "-0.40" ]
						}
					]
				}
			]
		},		
		{
			"id": "fraction_law_dungeon_8",
			"icon": "fraction_law_dungeon_8_icon",
			"name": "fraction_law_dungeon_8_name",
			"desc": "fraction_law_dungeon_8_desc",
		
			"parametersPerLevel":
			[
				{
					"cost": 3,
					"bonuses":
					[
						{
							"type": "heroStat",
							"parameters": [ "movementBonus", "10" ]
						}
					]
				},
				{
					"cost": 3,
					"bonuses":
					[
						{
							"type": "heroStat",
							"parameters": [ "movementBonus", "20" ]
						}
					]
				}
			]
		},		
		{
			"id": "fraction_law_dungeon_9",
			"icon": "fraction_law_dungeon_9_icon",
			"name": "fraction_law_dungeon_9_name",
			"desc": "fraction_law_dungeon_9_desc",
		
			"parametersPerLevel":
			[
				{
					"cost": 3,
					"bonuses":
					[
						{
							"type": "sideOneTimeAddRes",
							"parameters": [ "dust", "50" ]
						}
					]
				}
			]
		},		
		{
			"id": "fraction_law_dungeon_10",
			"icon": "fraction_law_dungeon_10_icon",
			"name": "fraction_law_dungeon_10_name",
			"desc": "fraction_law_dungeon_10_desc",
		
			"parametersPerLevel":
			[
				{
					"cost": 3,
					"bonuses":
					[
						{
							"type": "unitStat",
							"receivers": [ "assassin", "assassin_upg", "assassin_upg_alt" ],
							"parameters": [ "modifierSet", "outDmgMods", "armed_ability_assassin", "0.5" ]
						},
						{
							"type": "unitStat",
							"receivers": [ "assassin", "assassin_upg", "assassin_upg_alt" ],
							"parameters": [ "hp", "2" ]
						}
					]
				},
				{
					"cost": 2,
					"bonuses":
					[
						{
							"type": "unitStat",
							"receivers": [ "assassin", "assassin_upg", "assassin_upg_alt" ],
							"parameters": [ "modifierSet", "outDmgMods", "armed_ability_assassin", "0.5" ]
						},
						{
							"type": "unitStat",
							"receivers": [ "assassin", "assassin_upg", "assassin_upg_alt" ],
							"parameters": [ "hp", "4" ]
						}
					]
				}
			]
		},		
		{
			"id": "fraction_law_dungeon_11",
			"icon": "fraction_law_dungeon_11_icon",
			"name": "fraction_law_dungeon_11_name",
			"desc": "fraction_law_dungeon_11_desc",
		
			"parametersPerLevel":
			[
				{
					"cost": 3,
					"bonuses":
					[
						{
							"type": "unitStat",
							"receivers": [ "blade_dancer", "blade_dancer_upg", "blade_dancer_upg_alt" ],
							"parameters": [ "modifierSet", "outDmgMods", "armed_ability_blade_dancer", "0.5" ]
						},
						{
							"type": "unitStat",
							"receivers": [ "blade_dancer", "blade_dancer_upg", "blade_dancer_upg_alt" ],
							"parameters": [ "offence", "2" ]
						},
						{
							"type": "unitStat",
							"receivers": [ "blade_dancer", "blade_dancer_upg", "blade_dancer_upg_alt" ],
							"parameters": [ "defence", "2" ]
						}
					]
				},
				{
					"cost": 2,
					"bonuses":
					[
						{
							"type": "unitStat",
							"receivers": [ "blade_dancer", "blade_dancer_upg", "blade_dancer_upg_alt" ],
							"parameters": [ "modifierSet", "outDmgMods", "armed_ability_blade_dancer", "0.5" ]
						},
						{
							"type": "unitStat",
							"receivers": [ "blade_dancer", "blade_dancer_upg", "blade_dancer_upg_alt" ],
							"parameters": [ "offence", "4" ]
						},
						{
							"type": "unitStat",
							"receivers": [ "blade_dancer", "blade_dancer_upg", "blade_dancer_upg_alt" ],
							"parameters": [ "defence", "4" ]
						}
					]
				}
			]
		},		
		{
			"id": "fraction_law_dungeon_12",
			"icon": "fraction_law_dungeon_12_icon",
			"name": "fraction_law_dungeon_12_name",
			"desc": "fraction_law_dungeon_12_desc",
		
			"parametersPerLevel":
			[
				{
					"cost": 3,
					"bonuses":
					[
						{
							"type": "cityUnitsIncrement",
							"parameters": [ "crossbowman", "4" ]
						},
						{
							"type": "cityUnitsIncrement",
							"parameters": [ "flicker", "4" ]
						},
						{
							"type": "cityUnitsIncrement",
							"parameters": [ "twinkle", "4" ]
						},
						{
							"type": "cityUnitsIncrement",
							"parameters": [ "unfrozen_cultist", "4" ]
						},
						{
							"type": "cityUnitsIncrement",
							"parameters": [ "trick_demon", "4" ]
						},
						{
							"type": "cityUnitsIncrement",
							"parameters": [ "locust", "4" ]
						}
					]
				}
			]
		},
		{
			"id": "fraction_law_dungeon_13",
			"icon": "fraction_law_dungeon_13_icon",
			"name": "fraction_law_dungeon_13_name",
			"desc": "fraction_law_dungeon_13_desc",
		
			"parametersPerLevel":
			[
				{
					"cost": 3,
					"bonuses":
					[
						{
							"type": "cityUnitsIncrement",
							"parameters": [ "griffin", "2" ]
						},
						{
							"type": "cityUnitsIncrement",
							"parameters": [ "pet", "2" ]
						},
						{
							"type": "cityUnitsIncrement",
							"parameters": [ "ent", "2" ]
						},
						{
							"type": "cityUnitsIncrement",
							"parameters": [ "frostworm_rider", "2" ]
						},
						{
							"type": "cityUnitsIncrement",
							"parameters": [ "wasp", "2" ]
						},
						{
							"type": "cityUnitsIncrement",
							"parameters": [ "blade_dancer", "2" ]
						}
					]
				}
			]
		},



		{
			"id": "fraction_law_dungeon_14",
			"icon": "fraction_law_dungeon_14_icon",
			"name": "fraction_law_dungeon_14_name",
			"desc": "fraction_law_dungeon_14_desc",
		
			"parametersPerLevel":
			[
				{
					"cost": 1,
					"bonuses":
					[
						{
							"type": "sideRes",
							"parameters": [ "gemstones", 1 ]
						}
					]
				},
				{
					"cost": 1,
					"bonuses":
					[
						{
							"type": "sideRes",
							"parameters": [ "gemstones", 2 ]
						}
					]
				},
				{
					"cost": 1,
					"bonuses":
					[
						{
							"type": "sideRes",
							"parameters": [ "gemstones", 3 ]
						}
					]
				}
			]
		},
		{
			"id": "fraction_law_dungeon_15",
			"icon": "fraction_law_dungeon_15_icon",
			"name": "fraction_law_dungeon_15_name",
			"desc": "fraction_law_dungeon_15_desc",
		
			"parametersPerLevel":
			[
				{
					"cost": 2,
					"bonuses":
					[
						{
							"type": "sideObjectViewRadius",
							"parameters": [ "2" ]
						}
					]
				},
				{
					"cost": 2,
					"bonuses":
					[
						{
							"type": "sideObjectViewRadius",
							"parameters": [ "4" ]
						}
					]
				}
			]
		},
		{
			"id": "fraction_law_dungeon_16",
			"icon": "fraction_law_dungeon_16_icon",
			"name": "fraction_law_dungeon_16_name",
			"desc": "fraction_law_dungeon_16_desc",
		
			"parametersPerLevel":
			[
				{
					"cost": 2,
					"bonuses":
					[
						{
							"type": "heroStat",
							"parameters": [ "diplomacyEfficiencyPerBonus", "0.10" ]
						}
					]
				},
				{
					"cost": 2,
					"bonuses":
					[
						{
							"type": "heroStat",
							"parameters": [ "diplomacyEfficiencyPerBonus", "0.20" ]
						}
					]
				}
			]
		},
		{
			"id": "fraction_law_dungeon_17",
			"icon": "fraction_law_dungeon_17_icon",
			"name": "fraction_law_dungeon_17_name",
			"desc": "fraction_law_dungeon_17_desc",
		
			"parametersPerLevel":
			[
				{
					"cost": 2,
					"bonuses":
					[
						{
							"type": "sideOneTimeAddRes",
							"parameters": [ "gold", "5000" ]
						},
						{
							"type": "sideOneTimeAddRes",
							"parameters": [ "wood", "10" ]
						},
						{
							"type": "sideOneTimeAddRes",
							"parameters": [ "ore", "10" ]
						}
					]
				}
			]
		},
		{
			"id": "fraction_law_dungeon_18",
			"icon": "fraction_law_dungeon_18_icon",
			"name": "fraction_law_dungeon_18_name",
			"desc": "fraction_law_dungeon_18_desc",
		
			"parametersPerLevel":
			[
				{
					"cost": 3,
					"bonuses":
					[
						{
							"type": "unitStat",
							"receivers": [ "minos", "minos_upg", "minos_upg_alt" ],
							"parameters": [ "modifierSet", "outDmgMods", "armed_ability_minos", "0.5" ]
						},
						{
							"type": "unitStat",
							"receivers": [ "minos", "minos_upg", "minos_upg_alt" ],
							"parameters": [ "damageMin", "2" ]
						},
						{
							"type": "unitStat",
							"receivers": [ "minos", "minos_upg", "minos_upg_alt" ],
							"parameters": [ "damageMax", "2" ]
						},
						{
							"type": "unitStat",
							"receivers": [ "minos", "minos_upg", "minos_upg_alt" ],
							"parameters": [ "initiative", "1" ]
						},
						{
							"type": "unitStat",
							"receivers": [ "minos", "minos_upg", "minos_upg_alt" ],
							"parameters": [ "speed", "1" ]
						}
					]
				},
				{
					"cost": 2,
					"bonuses":
					[
						{
							"type": "unitStat",
							"receivers": [ "minos", "minos_upg", "minos_upg_alt" ],
							"parameters": [ "modifierSet", "outDmgMods", "armed_ability_minos", "0.5" ]
						},
						{
							"type": "unitStat",
							"receivers": [ "minos", "minos_upg", "minos_upg_alt" ],
							"parameters": [ "damageMin", "4" ]
						},
						{
							"type": "unitStat",
							"receivers": [ "minos", "minos_upg", "minos_upg_alt" ],
							"parameters": [ "damageMax", "4" ]
						},
						{
							"type": "unitStat",
							"receivers": [ "minos", "minos_upg", "minos_upg_alt" ],
							"parameters": [ "initiative", "1" ]
						},
						{
							"type": "unitStat",
							"receivers": [ "minos", "minos_upg", "minos_upg_alt" ],
							"parameters": [ "speed", "1" ]
						}
					]
				}
			]
		},
		{
			"id": "fraction_law_dungeon_19",
			"icon": "fraction_law_dungeon_19_icon",
			"name": "fraction_law_dungeon_19_name",
			"desc": "fraction_law_dungeon_19_desc",
		
			"parametersPerLevel":
			[
				{
					"cost": 3,
					"bonuses":
					[
						{
							"type": "unitStat",
							"receivers": [ "medusa", "medusa_upg", "medusa_upg_alt" ],
							"parameters": [ "modifierSet", "outDmgMods", "armed_ability_medusa", "0.5" ]
						},
						{
							"type": "unitStat",
							"receivers": [ "medusa", "medusa_upg", "medusa_upg_alt" ],
							"parameters": [ "offence", "4" ]
						},
						{
							"type": "unitStat",
							"receivers": [ "medusa", "medusa_upg", "medusa_upg_alt" ],
							"parameters": [ "defence", "4" ]
						},
						{
							"type": "unitStat",
							"receivers": [ "medusa", "medusa_upg", "medusa_upg_alt" ],
							"parameters": [ "initiative", "1" ]
						}
					]
				},
				{
					"cost": 2,
					"bonuses":
					[
						{
							"type": "unitStat",
							"receivers": [ "medusa", "medusa_upg", "medusa_upg_alt" ],
							"parameters": [ "modifierSet", "outDmgMods", "armed_ability_medusa", "0.5" ]
						},
						{
							"type": "unitStat",
							"receivers": [ "medusa", "medusa_upg", "medusa_upg_alt" ],
							"parameters": [ "offence", "4" ]
						},
						{
							"type": "unitStat",
							"receivers": [ "medusa", "medusa_upg", "medusa_upg_alt" ],
							"parameters": [ "defence", "4" ]
						},
						{
							"type": "unitStat",
							"receivers": [ "medusa", "medusa_upg", "medusa_upg_alt" ],
							"parameters": [ "initiative", "2" ]
						}
					]
				}
			]
		},
		{
			"id": "fraction_law_dungeon_20",
			"icon": "fraction_law_dungeon_20_icon",
			"name": "fraction_law_dungeon_20_name",
			"desc": "fraction_law_dungeon_20_desc",
		
			"parametersPerLevel":
			[
				{
					"cost": 3,
					"bonuses":
					[
						{
							"type": "unitStat",
							"receiverAllegiance": "enemy",
							"parameters": [ "initiative", "-1" ]
						}
					]
				}
			]
		},
		{
			"id": "fraction_law_dungeon_21",
			"icon": "fraction_law_dungeon_21_icon",
			"name": "fraction_law_dungeon_21_name",
			"desc": "fraction_law_dungeon_21_desc",
		
			"parametersPerLevel":
			[
				{
					"cost": 3,
					"bonuses":
					[
						{
							"type": "cityUnitsIncrement",
							"parameters": [ "lightweaver", "2" ]
						},
						{
							"type": "cityUnitsIncrement",
							"parameters": [ "graverobber", "2" ]
						},
						{
							"type": "cityUnitsIncrement",
							"parameters": [ "aqualotl", "2" ]
						},
						{
							"type": "cityUnitsIncrement",
							"parameters": [ "eldritch_flyer", "2" ]
						},
						{
							"type": "cityUnitsIncrement",
							"parameters": [ "jaw", "2" ]
						},
						{
							"type": "cityUnitsIncrement",
							"parameters": [ "minos", "2" ]
						}
					]
				}
			]
		},



		{
			"id": "fraction_law_dungeon_22",
			"icon": "fraction_law_dungeon_22_icon",
			"name": "fraction_law_dungeon_22_name",
			"desc": "fraction_law_dungeon_22_desc",
		
			"parametersPerLevel":
			[
				{
					"cost": 2,
					"bonuses":
					[
						{
							"type": "heroStat",
							"fraction": "dungeon",
							"parameters": [ "offence", "1" ]
						},
						{
							"type": "heroStat",
							"fraction": "dungeon",
							"parameters": [ "defence", "1" ]
						},
						{
							"type": "heroStat",
							"fraction": "dungeon",
							"parameters": [ "spellPower", "1" ]
						},
						{
							"type": "heroStat",
							"fraction": "dungeon",
							"parameters": [ "intelligence", "1" ]
						}
					]
				},
				{
					"cost": 2,
					"bonuses":
					[
						{
							"type": "heroStat",
							"fraction": "dungeon",
							"parameters": [ "offence", "2" ]
						},
						{
							"type": "heroStat",
							"fraction": "dungeon",
							"parameters": [ "defence", "2" ]
						},
						{
							"type": "heroStat",
							"fraction": "dungeon",
							"parameters": [ "spellPower", "2" ]
						},
						{
							"type": "heroStat",
							"fraction": "dungeon",
							"parameters": [ "intelligence", "2" ]
						}
					]
				}
			]
		},
		{
			"id": "fraction_law_dungeon_23",
			"icon": "fraction_law_dungeon_23_icon",
			"name": "fraction_law_dungeon_23_name",
			"desc": "fraction_law_dungeon_23_desc",
		
			"parametersPerLevel":
			[
				{
					"cost": 4,
					"bonuses":
					[
						{
							"type": "sideStat",
							"parameters": [ "disableMarketsExtraCharge", "true" ]
						}
					]
				}
			]
		},
		{
			"id": "fraction_law_dungeon_24",
			"icon": "fraction_law_dungeon_24_icon",
			"name": "fraction_law_dungeon_24_name",
			"desc": "fraction_law_dungeon_24_desc",
		
			"parametersPerLevel":
			[
				{
					"cost": 3,
					"bonuses":
					[
						{
							"type": "sideOneTimeAddRes",
							"parameters": [ "dust", "100" ]
						}
					]
				}
			]
		},
		{
			"id": "fraction_law_dungeon_25",
			"icon": "fraction_law_dungeon_25_icon",
			"name": "fraction_law_dungeon_25_name",
			"desc": "fraction_law_dungeon_25_desc",
		
			"parametersPerLevel":
			[
				{
					"cost": 3,
					"bonuses":
					[
						{
							"type": "unitStat",
							"receivers": [ "hydra", "hydra_upg", "hydra_upg_alt" ],
							"parameters": [ "modifierSet", "outDmgMods", "armed_ability_hydra", "0.5" ]
						},
						{
							"type": "unitStat",
							"receivers": [ "hydra", "hydra_upg", "hydra_upg_alt" ],
							"parameters": [ "hp", "25" ]
						},
						{
							"type": "unitStat",
							"receivers": [ "hydra", "hydra_upg", "hydra_upg_alt" ],
							"parameters": [ "speed", "1" ]
						}
					]
				},
				{
					"cost": 2,
					"bonuses":
					[
						{
							"type": "unitStat",
							"receivers": [ "hydra", "hydra_upg", "hydra_upg_alt" ],
							"parameters": [ "modifierSet", "outDmgMods", "armed_ability_hydra", "0.5" ]
						},
						{
							"type": "unitStat",
							"receivers": [ "hydra", "hydra_upg", "hydra_upg_alt" ],
							"parameters": [ "hp", "25" ]
						},
						{
							"type": "unitStat",
							"receivers": [ "hydra", "hydra_upg", "hydra_upg_alt" ],
							"parameters": [ "speed", "2" ]
						}
					]
				}
			]
		},
		{
			"id": "fraction_law_dungeon_26",
			"icon": "fraction_law_dungeon_26_icon",
			"name": "fraction_law_dungeon_26_name",
			"desc": "fraction_law_dungeon_26_desc",
		
			"parametersPerLevel":
			[
				{
					"cost": 3,
					"bonuses":
					[
						{
							"type": "cityUnitsIncrement",
							"parameters": [ "sunlight_cavalry", "1" ]
						},
						{
							"type": "cityUnitsIncrement",
							"parameters": [ "lich", "1" ]
						},
						{
							"type": "cityUnitsIncrement",
							"parameters": [ "druid", "1" ]
						},
						{
							"type": "cityUnitsIncrement",
							"parameters": [ "succubus", "1" ]
						},
						{
							"type": "cityUnitsIncrement",
							"parameters": [ "godslayer", "1" ]
						},
						{
							"type": "cityUnitsIncrement",
							"parameters": [ "medusa", "1" ]
						}
					]
				}
			]
		},
		{
			"id": "fraction_law_dungeon_27",
			"icon": "fraction_law_dungeon_27_icon",
			"name": "fraction_law_dungeon_27_name",
			"desc": "fraction_law_dungeon_27_desc",
		
			"parametersPerLevel":
			[
				{
					"cost": 3,
					"bonuses":
					[
						{
							"type": "cityUnitsIncrement",
							"parameters": [ "inquisitor", "1" ]
						},
						{
							"type": "cityUnitsIncrement",
							"parameters": [ "avatar_of_war", "1" ]
						},
						{
							"type": "cityUnitsIncrement",
							"parameters": [ "qilin", "1" ]
						},
						{
							"type": "cityUnitsIncrement",
							"parameters": [ "arbitrator", "1" ]
						},
						{
							"type": "cityUnitsIncrement",
							"parameters": [ "olgoi", "1" ]
						},
						{
							"type": "cityUnitsIncrement",
							"parameters": [ "hydra", "1" ]
						}
					]
				}
			]
		},
		{
			"id": "fraction_law_dungeon_28",
			"icon": "fraction_law_dungeon_28_icon",
			"name": "fraction_law_dungeon_28_name",
			"desc": "fraction_law_dungeon_28_desc",
		
			"parametersPerLevel":
			[
				{
					"cost": 6,
					"bonuses":
					[
						{
							"type": "heroStat",
							"parameters": [ "magicSchoolSet", "day", "0", "1" ]
						},						
						{
							"type": "heroStat",
							"parameters": [ "magicSchoolSet", "night", "0", "1" ]
						},
						{
							"type": "heroStat",
							"parameters": [ "magicSchoolSet", "space", "0", "1" ]
						},
						{
							"type": "heroStat",
							"parameters": [ "magicSchoolSet", "primal", "0", "1" ]
						}
					]
				}
			]
		},



		{
			"id": "fraction_law_dungeon_29",
			"icon": "fraction_law_dungeon_29_icon",
			"name": "fraction_law_dungeon_29_name",
			"desc": "fraction_law_dungeon_29_desc",
		
			"parametersPerLevel":
			[
				{
					"cost": 3,
					"bonuses":
					[
						{
							"type": "heroStat",
							"parameters": [ "energyLevelsPerRoundBonus", "1" ]
						}
					]
				}
			]
		},
		{
			"id": "fraction_law_dungeon_30",
			"icon": "fraction_law_dungeon_30_icon",
			"name": "fraction_law_dungeon_30_name",
			"desc": "fraction_law_dungeon_30_desc",
		
			"parametersPerLevel":
			[
				{
					"cost": 3,
					"bonuses":
					[
						{
							"type": "sideOneTimeAddRes",
							"parameters": [ "gold", "7500" ]
						},
						{
							"type": "sideOneTimeAddRes",
							"parameters": [ "wood", "15" ]
						},
						{
							"type": "sideOneTimeAddRes",
							"parameters": [ "ore", "15" ]
						}
					]
				}
			]
		},
		{
			"id": "fraction_law_dungeon_31",
			"icon": "fraction_law_dungeon_31_icon",
			"name": "fraction_law_dungeon_31_name",
			"desc": "fraction_law_dungeon_31_desc",
		
			"parametersPerLevel":
			[
				{
					"cost": 3,
					"bonuses":
					[
						{
							"type": "unitStat",
							"receivers": [ "black_dragon", "black_dragon_upg", "black_dragon_upg_alt" ],
							"parameters": [ "modifierSet", "outDmgMods", "armed_ability_black_dragon", "0.5" ]
						},
						{
							"type": "unitStat",
							"receivers": [ "black_dragon", "black_dragon_upg", "black_dragon_upg_alt" ],
							"parameters": [ "offence", "4" ]
						},
						{
							"type": "unitStat",
							"receivers": [ "black_dragon", "black_dragon_upg", "black_dragon_upg_alt" ],
							"parameters": [ "defence", "4" ]
						},
						{
							"type": "unitStat",
							"receivers": [ "black_dragon", "black_dragon_upg", "black_dragon_upg_alt" ],
							"parameters": [ "speed", "1" ]
						},
						{
							"type": "unitStat",
							"receivers": [ "black_dragon", "black_dragon_upg", "black_dragon_upg_alt" ],
							"parameters": [ "initiative", "1" ]
						}
					]
				},
				{
					"cost": 2,
					"bonuses":
					[
						{
							"type": "unitStat",
							"receivers": [ "black_dragon", "black_dragon_upg", "black_dragon_upg_alt" ],
							"parameters": [ "modifierSet", "outDmgMods", "armed_ability_black_dragon", "0.5" ]
						},
						{
							"type": "unitStat",
							"receivers": [ "black_dragon", "black_dragon_upg", "black_dragon_upg_alt" ],
							"parameters": [ "offence", "8" ]
						},
						{
							"type": "unitStat",
							"receivers": [ "black_dragon", "black_dragon_upg", "black_dragon_upg_alt" ],
							"parameters": [ "defence", "8" ]
						},
						{
							"type": "unitStat",
							"receivers": [ "black_dragon", "black_dragon_upg", "black_dragon_upg_alt" ],
							"parameters": [ "speed", "2" ]
						},
						{
							"type": "unitStat",
							"receivers": [ "black_dragon", "black_dragon_upg", "black_dragon_upg_alt" ],
							"parameters": [ "initiative", "2" ]
						}
					]
				}
			]
		},
		{
			"id": "fraction_law_dungeon_32",
			"icon": "fraction_law_dungeon_32_icon",
			"name": "fraction_law_dungeon_32_name",
			"desc": "fraction_law_dungeon_32_desc",
		
			"parametersPerLevel":
			[
				{
					"cost": 3,
					"bonuses":
					[
						{
							"type": "cityUnitsIncrement",
							"parameters": [ "angel", "1" ]
						},
						{
							"type": "cityUnitsIncrement",
							"parameters": [ "vampire", "1" ]
						},
						{
							"type": "cityUnitsIncrement",
							"parameters": [ "phoenix", "1" ]
						},
						{
							"type": "cityUnitsIncrement",
							"parameters": [ "unspeakable", "1" ]
						},
						{
							"type": "cityUnitsIncrement",
							"parameters": [ "hive_queen", "1" ]
						},
						{
							"type": "cityUnitsIncrement",
							"parameters": [ "black_dragon", "1" ]
						}
					]
				}
			]
		}
	]
}