{
	"array":
	[
		{
			"id": "tutorial_M2_9",
			
			"contentHeight": 500,
			"position": { "x": -400, "y": 0 },

			"slides":
			[
				{
					"title": "Обучение",
					"headerImage": "imageSid",

					"content":
					[
						{ "type": "text", "value": [ "Теперь вы получили доступ к зоне в правом нижнем углу карты, в которой можете заметить Алхимическую пыль - нужный вам по заданию ресурс." ] }
					],

					"mapActions":
					[
						{ "a": "RevealFogOfWar", "p": [ "217", "5" ] },	
						{ "a": "MoveCamera", "p": [ "217" ] }
					]
				},
				{
					"title": "Обучение",
					"headerImage": "imageSid",

					"content":
					[
						{ "type": "text", "value": [ "Алхимическая пыль это специальный ресурс необходимый для совершения улучшений в игре." ] },
						{ "type": "text", "value": [ "Она используется для улучшения зданий существ в городах, повышения уровня артефактов или усиления заклинаний." ] }
					]
				},
				{
					"title": "Обучение",
					"headerImage": "imageSid",

					"content":
					[
						{ "type": "text", "value": [ "Вернитесь через порталы в указанную зону и соберите алхимическую пыль, а затем потратье ее на улучшение зданий существ в городах." ] }
					],
	
					"closeMapActions":
					[
						{ "a": "SubQuestActivate", "p": [ "Questlog", "step_8" ] }
					]
				}
			]
		}
	]
}
