{
	"array":
	[
		{
			"id": "tutorial_M1_6",
			
			"contentHeight": 500,
			"position": { "x": -400, "y": 0 },

			"slides":
			[
				{
					"title": "Обучение",
					"headerImage": "imageSid",

					"content":
					[
						{ "type": "text", "value": [ "Ресурсы в игре - основа вашей экономики." ] },
						{ "type": "text", "value": [ "Они необходимы для покупки армии, строительства зданий и т.д." ] }
					]
				},
				{
					"title": "Следующая задача",
					"headerImage": "imageSid",

					"content":
					[
						{ "type": "text", "value": [ "Теперь вам необходимо попасть в правую часть карты, но путь туда преграждает противник." ] },
						{ "type": "text", "value": [ "Одержите над ним победу и продолжайте исследовать карту." ] },
						{ "type": "text", "value": [ "Обратите внимание. При наведении на противника мышки на экран выводится информация о примерной численности врага, а также оценка сложности сражения с ним." ] },
						{ "type": "text", "value": [ "Будьте осторожны, сильный противник может одержать над вами победу, что может привести к проигрышу." ] }
					],
	
					"mapActions":
					[
						{ "a": "SubQuestActivate", "p": [ "Questlog", "step_7" ] },
						{ "a": "CounterPlus", "p": [ "Tutorial_M1_Step_by_Step_Counter_6", "1" ] },
						{ "a": "DeleteEntity", "p": [ "block_1_1" ] },
						{ "a": "DeleteEntity", "p": [ "block_1_2" ] },
						{ "a": "DeleteEntity", "p": [ "block_1_3" ] }
					]
				}
			]
		}
	]
}
