{
	"array":
	[
		{
			"id": "tutorial_M1_1",
			
			"contentHeight": 500,
			"position": { "x": -400, "y": 0 },

			"slides":
			[
				{
					"title": "Обучение",
					"headerImage": "imageSid",

					"content":
					[
						{ "type": "text", "value": [ "Ваш герой переместился в указанную точку и открыл новые объекты на карте (смотрите какая прикольная коровка)." ] },
						{ "type": "text", "value": [ "По умолчанию, карта в игре закрыта туманом войны, который скрывает различные игровые объекты, ценности и т.д." ] },
						{ "type": "text", "value": [ "С помощью героев вы будете развеивать туман войны и получать доступ к новым вызовам. Некоторые найденные на карте объекты так же раскрывают туман войны." ] },
						{ "type": "text", "value": [ "Развеянный туман войны сохраняется с вами почти навсегда." ] }
					]
				},
				{
					"title": "Следующая задача",
					"headerImage": "imageSid",

					"content":
					[
						{ "type": "text", "value": [ "Продолжайте движение дальше, к следующей контрольной точке" ] }
					],
	
					"mapActions":
					[
						{ "a": "CounterPlus", "p": [ "Tutorial_M1_Step_1_Counter", "1" ] }
					]
				}
			]
		}
	]
}
