{
	"array":
	[
		{
			"id": "tutorial_M2_1",
			
			"contentHeight": 500,
			"position": { "x": -400, "y": 0 },

			"slides":
			[
				{
					"title": "Обучение",
					"headerImage": "imageSid",

					"content":
					[
						{ "type": "text", "value": [ "Шахты - основа вашей экономики." ] },
						{ "type": "text", "value": [ "Ежедневно все здания такого типа приносят игроку, захватившему их, ресурсы." ] },
						{ "type": "text", "value": [ "В своих приключениях вы сможете найти шахты золота, дерева, руды, кристаллов, драгоценных камней и ртути. Шахты алхимической пыли не существует, она добывается другим способом - через обмен ценных ресурсов в специальном здании." ] }
					]
				},
				{
					"title": "Обучение",
					"headerImage": "imageSid",

					"content":
					[
						{ "type": "text", "value": [ "Шахты - один из захватываемых объектов в игре, т.е. у них может быть владелец." ] },
						{ "type": "text", "value": [ "В прошлой миссии вы уже познакомились с внешними бараками - они тоже односятся к захватываемым объектам." ] },
						{ "type": "text", "value": [ "Помимо шахт и бараков, стоит выделить еще 1 вид захватываемых объектов - города. Города - это основа игрового процесса." ] }
					]
				},
				{
					"title": "Обучение",
					"headerImage": "imageSid",

					"content":
					[
						{ "type": "text", "value": [ "Перейдите на экран города." ] },
						{ "type": "text", "value": [ "Попасть в город можно несколькими методами. Первый - придти туда героем, построив маршрут в гостевую клетку города" ] },
						{ "type": "text", "value": [ "Второй - дважды кликнуть на модель города на глобальной карте" ] },
						{ "type": "text", "value": [ "Третий - дважды кликнуть на иконку города в меню городов которое стало доступно справа." ] }
					],
	
					"mapActions":
					[
						{ "a": "SubQuestActivate", "p": [ "Questlog", "step_2_5" ] },
						{ "a": "UnlockBuildingCity", "p": [ "Build_Tier_3", "1", "startCity" ] },
						{ "a": "CounterPlus", "p": [ "Tutorial_M2_Step_by_Step_Counter_2", "1" ] }
					]
				}
			]
		}
	]
}
