{
	"array":
	[
		{
			"id": "tutorial_M2_10",
			
			"contentHeight": 500,
			"position": { "x": -400, "y": 0 },

			"slides":
			[
				{
					"title": "Обучение",
					"headerImage": "imageSid",

					"content":
					[
						{ "type": "text", "value": [ "Не все нейтральные отряды настроены к вам враждебно. иногда отряды могут присоединиться к вам за небольшое вознаграждение." ] }
					]
				},
				{
					"title": "Обучение",
					"headerImage": "imageSid",

					"content":
					[
						{ "type": "text", "value": [ "Вы получили в свою армию жриц - новые отряды. дважды кликните по портрету этих юнитов на нижней панельке чтобы осмотреть детали юнитов" ] }
					]
				}
			]
		}
	]
}
