{
	"array":
	[
		{
			"id": "tutorial_M2_11",
			
			"contentHeight": 500,
			"position": { "x": -400, "y": 0 },

			"slides":
			[
				{
					"title": "Обучение",
					"headerImage": "imageSid",

					"content":
					[
						{ "type": "text", "value": [ "Теперь вы можете нанимать усиленную версию отряд, а также улучшать в городе обычных версий юнитов." ] }
					]
				},
				{
					"title": "Обучение",
					"headerImage": "imageSid",

					"content":
					[
						{ "type": "text", "value": [ "Когда ваш герой находится в городе, где имеется возможность нанимать улучшенных юнитов, он может улучшить обычных юнитов в улучшенных." ] },
						{ "type": "text", "value": [ "Для этого нужно воспользоваться либо интерфейсом улучшения, либо открыть карточку свойств юнита и улучшить его через соответствующую кнопку." ] }
					]
				}
			]
		}
	]
}
