{
	"array":
	[
		{
			"id": "tutorial_M1_end",
			
			"contentHeight": 500,
			"position": { "x": -400, "y": 0 },

			"slides":
			[
				{
					"title": "Обучение",
					"headerImage": "imageSid",

					"content":
					[
						{ "type": "text", "value": [ "Поздравляем с завершением первой части обучения." ] },
						{ "type": "text", "value": [ "В следующей миссии мы расскажем о экономике и городах в игре." ] }
					],
	
					"mapActions":
					[
						{ "a": "SubQuestDone", "p": [ "Questlog_Main", "win_condition" ] },
						{ "a": "SubQuestDone", "p": [ "Questlog", "step_9" ] }
					],
	
					"closeMapActions":
					[
						{ "a": "CounterPlus", "p": [ "Tutorial_M1_Win_Counter", "1" ] }
					]
				}
			]
		}
	]
}
