{
	"array":
	[
		{
			"id": "tutorial_M1_8",
			
			"contentHeight": 500,
			"position": { "x": -400, "y": 0 },

			"slides":
			[
				{
					"title": "Обучение",
					"headerImage": "imageSid",

					"content":
					[
						{ "type": "text", "value": [ "Бараки - это специальные здания в которых можно нанимать подкрепления на карте." ] },
						{ "type": "text", "value": [ "Это не единственный источник пополнения армии, но они ни один раз помогут вам в ваших приключениях." ] },
						{ "type": "text", "value": [ "Запас существ в бараке восполняется каждую новую неделю." ] },
						{ "type": "text", "value": [ "Некоторые бараки в которых можно нанять особенно сильных существ могут охраняться, и чтобы получить доступ к найму нужно предварительно убить отряд защитников." ] }
					]
				},
				{
					"title": "Обучение",
					"headerImage": "imageSid",

					"content":
					[
						{ "type": "text", "value": [ "Продолжайте путь дальше и победите следующий отряд противника, преграждающий вам путь." ] }
					]
				}
			]
		}
	]
}
