{
	"array":
	[
		{
			"id": "tutorial_M1_4",
			
			"contentHeight": 500,
			"position": { "x": -400, "y": 0 },

			"slides":
			[
				{
					"title": "Обучение",
					"headerImage": "imageSid",

					"content":
					[
						{ "type": "text", "value": [ "Перед вами смотровая вышка - специальный объект который позволяет развеять туман войны в большом радиусе вокруг" ] },
						{ "type": "text", "value": [ "В процессе игры вам будут встречаться разнообразные игровые объекты." ] },
						{ "type": "text", "value": [ "Вы всегда можете прочитать что делает тот или иной объект наведя на него курсор мышки." ] }
					]
				},
				{
					"title": "Следующая задача",
					"headerImage": "imageSid",

					"content":
					[
						{ "type": "text", "value": [ "Провзаимодействуйте с объектом для продолжения обучения" ] }
					],
	
					"mapActions":
					[
						{ "a": "CounterPlus", "p": [ "Tutorial_M1_Step_4_Counter", "1" ] }
					]
				}
			]
		}
	]
}
