{
	"array":
	[
		{
			"id": "tutorial_M2_6",
			
			"contentHeight": 500,
			"position": { "x": -400, "y": 0 },

			"slides":
			[
				{
					"title": "Обучение",
					"headerImage": "imageSid",

					"content":
					[
						{ "type": "text", "value": [ "Вы обнаружили еще один портал, на этот раз он особенный - проход по этому порталу охраняется." ] },
						{ "type": "text", "value": [ "Помимо нейтральных отрядов, которые охраняют проходы или различные ценности, вы можете встретить защитников при взамодействии с некоторыми интерактивными объектами, или при нападении на порталы" ] },
						{ "type": "text", "value": [ "Один раз уничтожив охрану портала, прохода станет безопасным для всех будущих передвижений." ] }
					]
				},
				{
					"title": "Обучение",
					"headerImage": "imageSid",

					"content":
					[
						{ "type": "text", "value": [ "Оправляйтесь во второй портал, сразившись с противником, и посмотрите куда он вас приведет" ] }
					],
	
					"mapActions":
					[
						{ "a": "SubQuestActivate", "p": [ "Questlog", "step_5" ] }
					]
				}
			]
		}
	]
}
