{
	"array":
	[
		{
			"id": "tutorial_M2_2",
			
			"contentHeight": 500,
			"position": { "x": -400, "y": 0 },

			"slides":
			[
				{
					"title": "Обучение",
					"headerImage": "imageSid",

					"content":
					[
						{ "type": "text", "value": [ "Города - основа вашей империи." ] },
						{ "type": "text", "value": [ "С их помощью вы можете нанимать и улучшать армию, вербовать новых героев, получать различные усиления и разблокировать заклинания, которые сможет использовать ваш герой." ] },
						{ "type": "text", "value": [ "Каждый день в городе можно строить 1 здание (рекомендуем не забывать и не пропускать это)" ] },
						{ "type": "text", "value": [ "Для строительства зданий необходимы ресурсы, а также могут быть нужны определенные другие здания построенные в этом городе" ] }
					]
				},
				{
					"title": "Обучение",
					"headerImage": "imageSid",

					"content":
					[
						{ "type": "text", "value": [ "Постройте грифонницу, открыв меню строительства в городе через боковое меню или нажав на ...." ] }
					],
	
					"mapActions":
					[
						{ "a": "SubQuestActivate", "p": [ "Questlog", "step_2_5" ] },
						{ "a": "CounterPlus", "p": [ "Tutorial_M2_Step_by_Step_Counter_3", "1" ] }
					]
				}
			]
		}
	]
}
