{
	"array":
	[
		{
			"id": "tutorial_M1_2",
			
			"contentHeight": 500,
			"position": { "x": -400, "y": 0 },

			"slides":
			[
				{
					"title": "Обучение",
					"headerImage": "imageSid",

					"content":
					[
						{ "type": "text", "value": [ "Ваш герой не может сегодня больше двигаться." ] }
					],
	
					"mapActions":
					[
						{ "a": "CounterPlus", "p": [ "Tutorial_M1_Step_2_Counter", "1" ] }
					]
				},
				{
					"title": "Обучение",
					"headerImage": "imageSid",

					"content":
					[
						{ "type": "text", "value": [ "Всякий раз когда герой передвигается на карте, расходует Очки передвижения." ] },
						{ "type": "text", "value": [ "Передвигаясь по пересеченной местности, герой получает штраф тратит больше очков передвижения, а передвигаясь по дорогам, наоборот, меньше." ] },
						{ "type": "text", "value": [ "Помимо этого, на стоимость передвижения влияет и направление движения вашего героя. При движениее по диагонале, герой тратит больше очков передвижения, чем при движении в горизонтальном или вертикальном направлении." ] }
					]
				},
				{
					"title": "Обучение",
					"headerImage": "imageSid",

					"content":
					[
						{ "type": "text", "value": [ "Герои меча и магии это пошаговая игра, разделенная на дни и недели." ] },
						{ "type": "text", "value": [ "С наступлением каждого из этих событий связаны различные игровые механики, одна из них - восстановление очков передвижения героев, которые восстанавливаются в начале каждого нового дня." ] }
					]
				},
				{
					"title": "Следующая задача",
					"headerImage": "imageSid",

					"content":
					[
						{ "type": "text", "value": [ "Пропустите игровой день с помощью кнопки справа-снизу, чтобы восстановить очки передвижения героя." ] }
					],
	
					"mapActions":
					[
						{ "a": "SubQuestActivate", "p": [ "Questlog", "step_3" ] },
						{ "a": "CounterPlus", "p": [ "Tutorial_M1_Step_by_Step_Counter_2", "1" ] }
					]
				}
			]
		}
	]
}
