{
	"array":
	[
		{
			"id": "tutorial_M1_start",
			
			"contentHeight": 500,
			"position": { "x": -400, "y": 0 },

			"slides":
			[
				{
					"title": "Обучение",
					"headerImage": "imageSid",

					"content":
					[
						{ "type": "text", "value": [ "Приветсвуем в обучении, сейчас мы научим тебя основам игры." ] },
						{ "type": "text", "value": [ "Герои это статегическая игра, где нужно управлять героями, строиться замки и воевать." ] },
						{ "type": "text", "value": [ "В процессе игры вас предстоит столкнуться со множеством сложностей и вызовов." ] },
						{ "type": "text", "value": [ "Обучающие миссии подготовятся вас к этому." ] }
					]
				},
				{
					"title": "Обучение",
					"headerImage": "imageSid",

					"content":
					[
						{ "type": "text", "value": [ "Основа игры - Герои. Это персонажи которыми вы управляете на глобальной карте." ] },
						{ "type": "text", "value": [ "Одна из самых главных функций героев - исследование карты, для чего им нужно передвигаться." ] },
						{ "type": "text", "value": [ "Начнем с певого задания, переместитесь в указанную точку. Для этого дважды кликните в отмеченную область." ] },
						{ "type": "text", "value": [ "Первый клик построит маршрут передвижения." ] },
						{ "type": "text", "value": [ "Второй - подтвердит построенный маршрут и активирует передвижение." ] }
					],
	
					"mapActions":
					[
						{ "a": "CounterPlus", "p": [ "Tutorial_M1_Step_by_Step_Counter_1", "1" ] }
					]
				}
			]
		}
	]
}
