{
	"array":
	[
		{
			"id": "tutorial_M2_3",
			
			"contentHeight": 500,
			"position": { "x": -400, "y": 0 },

			"slides":
			[
				{
					"title": "Обучение",
					"headerImage": "imageSid",

					"content":
					[
						{ "type": "text", "value": [ "Вы построили грифонницу и теперь вам стал доступен для найма новый юнит - грифоны." ] },
						{ "type": "text", "value": [ "В каждом городе вы сможете нанять до 7 юнитов, в зависимости от построенных в нем зданий." ] },
						{ "type": "text", "value": [ "Запас армии в городах восполняется в начале каждой новой недели." ] }
					]
				},
				{
					"title": "Обучение",
					"headerImage": "imageSid",

					"content":
					[
						{ "type": "text", "value": [ "Наймите грифонов и остальных доступных для найма юнитов, после чего покиньте замок через кнопку справа-снизу." ] }
					],
	
					"mapActions":
					[
						{ "a": "SubQuestActivate", "p": [ "Questlog", "step_3" ] },
						{ "a": "CounterPlus", "p": [ "Tutorial_M2_Step_by_Step_Counter_4", "1" ] }
					]
				}
			]
		}
	]
}
