{
	"array":
	[
		{
			"id": "tutorial_M2_5",
			
			"contentHeight": 500,
			"position": { "x": -400, "y": 0 },

			"slides":
			[
				{
					"title": "Обучение",
					"headerImage": "imageSid",

					"content":
					[
						{ "type": "text", "value": [ "Вы обнаружили портал - специальный объект который переносит вашего героя к связанному порталу." ] },
						{ "type": "text", "value": [ "До этого вы перемещались по земле и всегда видели свой маршрут." ] },
						{ "type": "text", "value": [ "Порталы же могут вести в любую часть карты и заранее вы не знаете куда они вас приведут." ] }
					]
				},
				{
					"title": "Обучение",
					"headerImage": "imageSid",

					"content":
					[
						{ "type": "text", "value": [ "Оправляйтесь в портал и посмотрите куда он вас приведет" ] }
					],
	
					"mapActions":
					[
						{ "a": "SubQuestActivate", "p": [ "Questlog", "step_4" ] }
					]
				}
			]
		}
	]
}
