{
	"array":
	[
		{
			"id": "tutorial_M1_5",
			
			"contentHeight": 500,
			"position": { "x": -400, "y": 0 },

			"slides":
			[
				{
					"title": "Обучение",
					"headerImage": "imageSid",

					"content":
					[
						{ "type": "text", "value": [ "Вы открыли большую область на карте и можете обнаружить на ней новые объекты." ] },
						{ "type": "text", "value": [ "Проход дальше охраняет противник, а вокруг вас разбросаны кучки золота." ] }
					],
	
					"mapActions":
					[
						{ "a": "CounterPlus", "p": [ "Tutorial_M1_Step_5_Counter", "1" ] }
					]
				},
				{
					"title": "Следующая задача",
					"headerImage": "imageSid",

					"content":
					[
						{ "type": "text", "value": [ "Перед нападением на противника и проходом дальше, соберите все имеющееся вокруг вас золото." ] },						
						{ "type": "text", "value": [ "Обратите внимание, по мере сбора ресурсов их текущее количество будет отображаться в панели ресурсов в верхней части экрана." ] }
					],
	
					"mapActions":
					[
						{ "a": "CounterPlus", "p": [ "Tutorial_M1_Step_by_Step_Counter_5", "1" ] }
					]
				}
			]
		}
	]
}
