{
	"array":
	[
		{
			"id": "tutorial_M2_8",
			
			"contentHeight": 500,
			"position": { "x": -400, "y": 0 },

			"slides":
			[
				{
					"title": "Обучение",
					"headerImage": "imageSid",

					"content":
					[
						{ "type": "text", "value": [ "Вы получили в свое распоряжение несколько артефактов - могущественных предметов усиливающих вашего героя." ] },
						{ "type": "text", "value": [ "В процессе приключений вам могут встретиться сотни различных предметов, повышающих характеристики вашего героя, открывающие доступ к новым заклинаниям или влияющих на собственные или вражеские войска." ] }
					]
				},
				{
					"title": "Обучение",
					"headerImage": "imageSid",

					"content":
					[
						{ "type": "text", "value": [ "Артефакты разделены на 4 редкости: обычные, редкие, эпические, легендарные" ] },
						{ "type": "text", "value": [ "Чем выше редкость - тем сильнее эффект артефакта, но и тем сложнее его раздобыть: его будут охранять более сильные противники, его можно найти только в особых местах и т.д." ] }
					]
				},
				{
					"title": "Обучение",
					"headerImage": "imageSid",

					"content":
					[
						{ "type": "text", "value": [ "Каждый артефакт экипируется в определенный слот экипировки героя." ] },
						{ "type": "text", "value": [ "Всего герой может носить - одно основное и второстепенное оружие, доспехи, шлем, пояс, ботинки, накидку, два кольца, четыре предмета и регалию." ] },
						{ "type": "text", "value": [ "Некоторые артефакты могут формировать комплекты - собирая несколько предметов из одного комплекта вы активируете дополнительные и особо сильные бонусы." ] }
					]
				},
				{
					"title": "Обучение",
					"headerImage": "imageSid",

					"content":
					[
						{ "type": "text", "value": [ "Посмотрите детали вашего героя и изучите найденные предметы." ] }
					],
	
					"closeMapActions":
					[
						{ "a": "DeleteEntity", "p": [ "block_4" ] },
						{ "a": "DeleteEntity", "p": [ "block_5" ] },
						{ "a": "DeleteEntity", "p": [ "block_6" ] },
						{ "a": "SubQuestActivate", "p": [ "Questlog", "step_7" ] },	
						{ "a": "SetActiveMarker", "p": [ "backZone", "true" ] }
					]
				}
			]
		}
	]
}
