﻿{
	"array":
	[
{
	"id": "2x11_alternative_left",
	"sizeX": 3,
	"sizeZ": 11,
	"right": false,

	"variants":
	[
		{ "units" : 1, "map":
			[
				  0, 0, 0,
				0, 0, 0,
				  0, 0, 0,
				0, 0, 0,
				  0, 0, 0,
				1, 0, 0,
				  0, 0, 0,
				0, 0, 0,
				  0, 0, 0,
				0, 0, 0,
				  0, 0, 0
			]
		},
		{ "units" : 2, "map":
			[
				  0, 0, 0,
				0, 0, 0,
				  0, 0, 0,
				1, 0, 0,
				  0, 0, 0,
				0, 0, 0,
				  0, 0, 0,
				2, 0, 0,
				  0, 0, 0,
				0, 0, 0,
				  0, 0, 0
			]
		},
		{ "units" : 3, "map":
			[
				  0, 0, 0,
				0, 0, 0,
				  0, 0, 0,
				1, 0, 0,
				  0, 0, 0,
				2, 0, 0,
				  0, 0, 0,
				3, 0, 0,
				  0, 0, 0,
				0, 0, 0,
				  0, 0, 0
			]
		},
		{ "units" : 4, "map":
			[
				  0, 0, 0,
				0, 0, 0,
				  1, 0, 0,
				0, 0, 0,
				  2, 0, 0,
				0, 0, 0,
				  3, 0, 0,
				0, 0, 0,
				  4, 0, 0,
				0, 0, 0,
				  0, 0, 0
			]
		},
		{ "units" : 5, "map":
			[
				  0, 0, 0,
				0, 0, 0,
				  1, 0, 0,
				2, 0, 0,
				  0, 0, 0,
				3, 0, 0,
				  0, 0, 0,
				4, 0, 0,
				  5, 0, 0,
				0, 0, 0,
				  0, 0, 0
			]
		},
		{ "units" : 6, "map":
			[
				  0, 0, 0,
				0, 0, 0,
				  1, 0, 0,
				2, 0, 0,
				  3, 0, 0,
				0, 0, 0,
				  4, 0, 0,
				5, 0, 0,
				  6, 0, 0,
				0, 0, 0,
				  0, 0, 0
			]
		},
		{ "units" : 7, "map":
			[
				  0, 0, 0,
				0, 0, 0,
				  1, 0, 0,
				2, 0, 0,
				  3, 0, 0,
				4, 0, 0,
				  5, 0, 0,
				6, 0, 0,
				  7, 0, 0,
				0, 0, 0,
				  0, 0, 0
			]
		}
	]

}
	]
}