﻿{
	"array":
	[
{
	"id": "2x9_standart_left",
	"sizeX": 2,
	"sizeZ": 9,
	"right": false,

	"variants":
	[
		{ "units" : 1, "map":
			[
				  0, 0,
				0, 0,
				  0, 0,
				0, 0,
				  1, 0,
				0, 0,
				  0, 0,
				0, 0,
				  0, 0
			]
		},
		{ "units" : 2, "map":
			[
				  0, 0,
				0, 0,
				  1, 0,
				0, 0,
				  0, 0,
				0, 0,
				  2, 0,
				0, 0,
				  0, 0
			]
		},
		{ "units" : 3, "map":
			[
				  0, 0,
				0, 0,
				  1, 0,
				0, 0,
				  2, 0,
				0, 0,
				  3, 0,
				0, 0,
				  0, 0
			]
		},
		{ "units" : 4, "map":
			[
				  0, 0,
				0, 1,
				  0, 0,
				0, 2,
				  0, 0,
				0, 3,
				  0, 0,
				0, 4,
				  0, 0
			]
		},
		{ "units" : 5, "map":
			[
				  0, 0,
				0, 1,
				  2, 0,
				0, 0,
				  3, 0,
				0, 0,
				  4, 0,
				0, 5,
				  0, 0
			]
		},
		{ "units" : 6, "map":
			[
				  0, 0,
				0, 1,
				  2, 0,
				0, 3,
				  0, 0,
				0, 4,
				  5, 0,
				0, 6,
				  0, 0
			]
		},
		{ "units" : 7, "map":
			[
				  0, 0,
				0, 1,
				  2, 0,
				0, 3,
				  4, 0,
				0, 5,
				  6, 0,
				0, 7,
				  0, 0
			]
		}
	]

}
	]
}