{
	"array":
	[
		{
			"id": "tactics_placement_siege",

			"variants":
			[
				{
					"left":
					[
						 0,0,0,0,0,0,0,0,0,0,0,0,0,
						0,0,0,0,0,0,0,0,0,0,0,0,0,
						 1,0,0,0,0,0,0,0,0,0,0,0,0,
						1,0,0,0,0,0,0,0,0,0,0,0,0,
						 1,0,0,0,0,0,0,0,0,0,0,0,0,
						1,0,0,0,0,0,0,0,0,0,0,0,0,
						 1,0,0,0,0,0,0,0,0,0,0,0,0,
						1,0,0,0,0,0,0,0,0,0,0,0,0,
						 1,0,0,0,0,0,0,0,0,0,0,0,0,
						0,0,0,0,0,0,0,0,0,0,0,0,0,
						 0,0,0,0,0,0,0,0,0,0,0,0,0
					],
					"right":
					[
						 0,0,0,0,0,0,0,0,0,0,0,0,0,
						0,0,0,0,0,0,0,0,0,0,0,0,0,
						 0,0,0,0,0,0,0,0,0,0,1,0,0,
						0,0,0,0,0,0,0,0,0,0,0,1,0,
						 0,0,0,0,0,0,0,0,0,0,1,0,0,
						0,0,0,0,0,0,0,0,0,0,0,1,0,
						 0,0,0,0,0,0,0,0,0,0,1,0,0,
						0,0,0,0,0,0,0,0,0,0,0,1,0,
						 0,0,0,0,0,0,0,0,0,0,1,0,0,
						0,0,0,0,0,0,0,0,0,0,0,0,0,
						 0,0,0,0,0,0,0,0,0,0,0,0,0
					]
				},
				{
					"left":
					[
						 0,1,0,0,0,0,0,0,0,0,0,0,0,
						0,1,0,0,0,0,0,0,0,0,0,0,0,
						 1,1,0,0,0,0,0,0,0,0,0,0,0,
						1,1,0,0,0,0,0,0,0,0,0,0,0,
						 1,1,0,0,0,0,0,0,0,0,0,0,0,
						1,1,0,0,0,0,0,0,0,0,0,0,0,
						 1,1,0,0,0,0,0,0,0,0,0,0,0,
						1,1,0,0,0,0,0,0,0,0,0,0,0,
						 1,1,0,0,0,0,0,0,0,0,0,0,0,
						0,1,0,0,0,0,0,0,0,0,0,0,0,
						 0,1,0,0,0,0,0,0,0,0,0,0,0
					],
					"right":
					[
						 0,0,0,0,0,0,0,0,0,1,0,0,0,
						0,0,0,0,0,0,0,0,0,0,1,0,0,
						 0,0,0,0,0,0,0,0,0,1,1,0,0,
						0,0,0,0,0,0,0,0,0,0,1,1,0,
						 0,0,0,0,0,0,0,0,0,1,1,0,0,
						0,0,0,0,0,0,0,0,0,0,1,1,0,
						 0,0,0,0,0,0,0,0,0,1,1,0,0,
						0,0,0,0,0,0,0,0,0,0,1,1,0,
						 0,0,0,0,0,0,0,0,0,1,1,0,0,
						0,0,0,0,0,0,0,0,0,0,1,0,0,
						 0,0,0,0,0,0,0,0,0,1,0,0,0
					]
				},
				{
					"left":
					[
						 0,1,1,0,0,0,0,0,0,0,0,0,0,
						0,1,1,0,0,0,0,0,0,0,0,0,0,
						 1,1,1,0,0,0,0,0,0,0,0,0,0,
						1,1,1,0,0,0,0,0,0,0,0,0,0,
						 1,1,1,0,0,0,0,0,0,0,0,0,0,
						1,1,1,0,0,0,0,0,0,0,0,0,0,
						 1,1,1,0,0,0,0,0,0,0,0,0,0,
						1,1,1,0,0,0,0,0,0,0,0,0,0,
						 1,1,1,0,0,0,0,0,0,0,0,0,0,
						0,1,1,0,0,0,0,0,0,0,0,0,0,
						 0,1,1,0,0,0,0,0,0,0,0,0,0
					],
					"right":
					[
						 0,0,0,0,0,0,0,0,1,1,0,0,0,
						0,0,0,0,0,0,0,0,0,1,1,0,0,
						 0,0,0,0,0,0,0,0,1,1,1,0,0,
						0,0,0,0,0,0,0,0,0,1,1,1,0,
						 0,0,0,0,0,0,0,0,1,1,1,0,0,
						0,0,0,0,0,0,0,0,0,1,1,1,0,
						 0,0,0,0,0,0,0,0,1,1,1,0,0,
						0,0,0,0,0,0,0,0,0,1,1,1,0,
						 0,0,0,0,0,0,0,0,1,1,1,0,0,
						0,0,0,0,0,0,0,0,0,1,1,0,0,
						 0,0,0,0,0,0,0,0,1,1,0,0,0
					]
				},
				{
					"left":
					[
						 0,1,1,1,0,0,0,0,0,0,0,0,0,
						0,1,1,1,0,0,0,0,0,0,0,0,0,
						 1,1,1,1,0,0,0,0,0,0,0,0,0,
						1,1,1,1,0,0,0,0,0,0,0,0,0,
						 1,1,1,1,0,0,0,0,0,0,0,0,0,
						1,1,1,1,0,0,0,0,0,0,0,0,0,
						 1,1,1,1,0,0,0,0,0,0,0,0,0,
						1,1,1,1,0,0,0,0,0,0,0,0,0,
						 1,1,1,1,0,0,0,0,0,0,0,0,0,
						0,1,1,1,0,0,0,0,0,0,0,0,0,
						 0,1,1,1,0,0,0,0,0,0,0,0,0
					],
					"right":
					[
						 0,0,0,0,0,0,0,1,1,1,0,0,0,
						0,0,0,0,0,0,0,0,1,1,1,0,0,
						 0,0,0,0,0,0,0,1,1,1,1,0,0,
						0,0,0,0,0,0,0,0,1,1,1,1,0,
						 0,0,0,0,0,0,0,1,1,1,1,0,0,
						0,0,0,0,0,0,0,0,1,1,1,1,0,
						 0,0,0,0,0,0,0,1,1,1,1,0,0,
						0,0,0,0,0,0,0,0,1,1,1,1,0,
						 0,0,0,0,0,0,0,1,1,1,1,0,0,
						0,0,0,0,0,0,0,0,1,1,1,0,0,
						 0,0,0,0,0,0,0,1,1,1,0,0,0
					]
				},
				{
					"left":
					[
						 0,1,1,1,1,0,0,0,0,0,0,0,0,
						0,1,1,1,1,0,0,0,0,0,0,0,0,
						 1,1,1,1,1,0,0,0,0,0,0,0,0,
						1,1,1,1,1,0,0,0,0,0,0,0,0,
						 1,1,1,1,1,0,0,0,0,0,0,0,0,
						1,1,1,1,1,0,0,0,0,0,0,0,0,
						 1,1,1,1,1,0,0,0,0,0,0,0,0,
						1,1,1,1,1,0,0,0,0,0,0,0,0,
						 1,1,1,1,1,0,0,0,0,0,0,0,0,
						0,1,1,1,1,0,0,0,0,0,0,0,0,
						 0,1,1,1,1,0,0,0,0,0,0,0,0
					],
					"right":
					[
						 0,0,0,0,0,0,1,1,1,1,0,0,0,
						0,0,0,0,0,0,0,1,1,1,1,0,0,
						 0,0,0,0,0,0,1,1,1,1,1,0,0,
						0,0,0,0,0,0,0,1,1,1,1,1,0,
						 0,0,0,0,0,0,1,1,1,1,1,0,0,
						0,0,0,0,0,0,0,1,1,1,1,1,0,
						 0,0,0,0,0,0,1,1,1,1,1,0,0,
						0,0,0,0,0,0,0,1,1,1,1,1,0,
						 0,0,0,0,0,0,1,1,1,1,1,0,0,
						0,0,0,0,0,0,0,1,1,1,1,0,0,
						 0,0,0,0,0,0,1,1,1,1,0,0,0
					]
				},
				{
					"left":
					[
						 0,1,1,1,1,1,0,0,0,0,0,0,0,
						0,1,1,1,1,1,0,0,0,0,0,0,0,
						 1,1,1,1,1,1,0,0,0,0,0,0,0,
						1,1,1,1,1,1,0,0,0,0,0,0,0,
						 1,1,1,1,1,1,0,0,0,0,0,0,0,
						1,1,1,1,1,1,0,0,0,0,0,0,0,
						 1,1,1,1,1,1,0,0,0,0,0,0,0,
						1,1,1,1,1,1,0,0,0,0,0,0,0,
						 1,1,1,1,1,1,0,0,0,0,0,0,0,
						0,1,1,1,1,1,0,0,0,0,0,0,0,
						 0,1,1,1,1,1,0,0,0,0,0,0,0
					],
					"right":
					[
						 0,0,0,0,0,1,1,1,1,1,0,0,0,
						0,0,0,0,0,0,1,1,1,1,1,0,0,
						 0,0,0,0,0,1,1,1,1,1,1,0,0,
						0,0,0,0,0,0,1,1,1,1,1,1,0,
						 0,0,0,0,0,1,1,1,1,1,1,0,0,
						0,0,0,0,0,0,1,1,1,1,1,1,0,
						 0,0,0,0,0,1,1,1,1,1,1,0,0,
						0,0,0,0,0,0,1,1,1,1,1,1,0,
						 0,0,0,0,0,1,1,1,1,1,1,0,0,
						0,0,0,0,0,0,1,1,1,1,1,0,0,
						 0,0,0,0,0,1,1,1,1,1,0,0,0
					]
				}
			]
		}
	]
}