{
	"array":
	[
		{
			"id": "tutorial_M_4",
			
			"contentHeight": 500,
			"position": { "x": 0, "y": 0 },

			"slides":
			[
				{
					"title": "t_M_title",
					"subtitle": "tutorial_M_4_name",

					"content":
					[
						{ "type": "image", "value": [ "tutorial_pic_M_4_1", "true" ] },
						{ "type": "text", "value": [ "tutorial_M_4_1" ] },
						{ "type": "text", "value": [ "tutorial_M_4_2" ] }
					]
				},
				{
					"title": "t_M_title",
					"subtitle": "tutorial_M_4_name",

					"content":
					[
						{ "type": "image", "value": [ "tutorial_pic_M_4_2", "true" ] },
						{ "type": "text", "value": [ "tutorial_M_4_3" ] },
						{ "type": "text", "value": [ "tutorial_M_4_4" ] },
						{ "type": "text", "value": [ "tutorial_M_4_5" ] }
					],
	
					"closeMapActions":
					[
						{ "a": "CounterPlus", "p": [ "Tutorial_M_Counter_4", "1" ] }
					]
				}
			]
		}
	]
}
