{
	"array":
	[
		{
			"id": "tutorial_M_8",
			
			"contentHeight": 500,
			"position": { "x": 0, "y": 0 },

			"slides":
			[
				{
					"title": "t_M_title",
					"subtitle": "tutorial_M_8_name",

					"content":
					[
						{ "type": "image", "value": [ "tutorial_pic_M_8_1", "true" ] },
						{ "type": "text", "value": [ "tutorial_M_8_1" ] }
					]
				},
				{
					"title": "t_M_title",
					"subtitle": "tutorial_M_8_name",

					"content":
					[
						{ "type": "text", "value": [ "tutorial_M_8_2" ] },
						{ "type": "text", "value": [ "tutorial_M_8_3" ] },
						{ "type": "text", "value": [ "tutorial_M_8_4" ] },
						{ "type": "text", "value": [ "tutorial_M_8_5" ] }
					],
	
					"closeMapActions":
					[
						{ "a": "CounterPlus", "p": [ "Tutorial_M_Counter_8", "1" ] }
					]
				}
			]
		}
	]
}
