{
	"array":
	[
		{
			"id": "tutorial_M_BASIC_start",
			
			"contentHeight": 500,
			"position": { "x": -400, "y": 0 },

			"slides":
			[
				{
					"title": "t_M_title",
					"subtitle": "tutorial_M_1_name",

					"content":
					[
						{ "type": "image", "value": [ "tutorial_pic_M_1_5", "true" ] },
						{ "type": "text", "value": [ "tutorial_M_1_1" ] }
					]
				},
				{
					"title": "t_M_title",
					"subtitle": "tutorial_M_1_name",

					"content":
					[
						{ "type": "image", "value": [ "tutorial_pic_M_1_4", "true" ] },
						{ "type": "text", "value": [ "tutorial_M_1_2" ] }
					]
				},
				{
					"title": "t_M_title",
					"subtitle": "tutorial_M_1_name",

					"content":
					[
						{ "type": "image", "value": [ "tutorial_pic_M_1_1", "true" ] },
						{ "type": "text", "value": [ "tutorial_M_1_3" ] },
						{ "type": "text", "value": [ "tutorial_M_1_5" ] }
					]
				},
				{
					"title": "t_M_title",
					"subtitle": "tutorial_M_1_name",

					"content":
					[
						{ "type": "image", "value": [ "tutorial_pic_M_1_3", "true" ] },
						{ "type": "text", "value": [ "tutorial_M_1_6" ] },
						{ "type": "text", "value": [ "tutorial_M_1_7" ] }
					]
				},
				{
					"title": "t_M_title",
					"subtitle": "tutorial_M_1_name",

					"content":
					[
						{ "type": "image", "value": [ "tutorial_pic_M_1_6", "true" ] },
						{ "type": "text", "value": [ "tutorial_M_1_4" ] }
					],
	
					"closeMapActions":
					[
						{ "a": "Dialog", "p": [ "t_M_BASIC_dial_1" ] },
						{ "a": "CounterPlus", "p": [ "tutorial_M_BASIC_Step_by_Step_Counter", "1" ] }
					]
				}
			]
		}
	]
}
