{
	"array":
	[
		{
			"id": "tutorial_C2_start",
			
			"contentHeight": 450,
			"position": { "x": 0, "y": 0 },

			"slides":
			[
				{
					"title": "t_M_title",
					"subtitle": "tutorial_C2_name",

					"content":
					[
						{ "type": "image", "value": [ "tutorial_C_pic_M_2_1", "false" ] },
						{ "type": "text", "value": [ "tutorial_C2_1" ] },
						{ "type": "text", "value": [ "tutorial_C2_2" ] },
						{ "type": "image", "value": [ "tutorial_C_pic_M_2_2", "false" ] },
						{ "type": "text", "value": [ "tutorial_C2_3" ] },
						{ "type": "text", "value": [ "tutorial_C2_4" ] },
						{ "type": "text", "value": [ "tutorial_C2_5" ] }
					],
	
					"closeMapActions":
					[
						{ "a": "Dialog", "p": [ "t_C2_dial_start" ] }
					]
				}
			]
		}
	]
}
