{
	"array":
	[
		{
			"id": "tutorial_C7_start",
			
			"contentHeight": 450,
			"position": { "x": 0, "y": 0 },

			"slides":
			[
				{
					"title": "t_M_title",
					"subtitle": "tutorial_C7_name",

					"content":
					[
						{ "type": "image", "value": [ "tutorial_C_pic_M_7_1", "true" ] },
						{ "type": "text", "value": [ "tutorial_C7_1" ] },
						{ "type": "text", "value": [ "tutorial_C7_2" ] },
						{ "type": "text", "value": [ "tutorial_C7_3" ] },
						{ "type": "text", "value": [ "tutorial_C7_4" ] }
					],
	
					"closeMapActions":
					[
						{ "a": "Dialog", "p": [ "t_C7_dial_start" ] }
					]
				}
			]
		}
	]
}
