{
	"array":
	[
		{
			"id": "tutorial_C8_start",
			
			"contentHeight": 450,
			"position": { "x": 0, "y": 0 },

			"slides":
			[
				{
					"title": "t_M_title",
					"subtitle": "tutorial_C8_name",

					"content":
					[
						{ "type": "text", "value": [ "tutorial_C8_1" ] },
						{ "type": "image", "value": [ "tutorial_C_pic_M_8_1", "true" ] },
						{ "type": "text", "value": [ "tutorial_C8_2" ] },
						{ "type": "image", "value": [ "tutorial_C_pic_M_8_2", "true" ] },
						{ "type": "text", "value": [ "tutorial_C8_3" ] },
						{ "type": "text", "value": [ "tutorial_C8_4" ] },
						{ "type": "text", "value": [ "tutorial_C8_5" ] }
					],
	
					"closeMapActions":
					[
						{ "a": "Dialog", "p": [ "t_C8_dial_start" ] }
					]
				}
			]
		}
	]
}
