{
	"array":
	[
		{
			"id": "tutorial_C5_start",
			
			"contentHeight": 450,
			"position": { "x": 0, "y": 0 },

			"slides":
			[
				{
					"title": "t_M_title",
					"subtitle": "tutorial_C5_name",

					"content":
					[
						{ "type": "image", "value": [ "tutorial_C_pic_M_5_1", "false" ] },
						{ "type": "text", "value": [ "tutorial_C5_1" ] },
						{ "type": "text", "value": [ "tutorial_C5_2" ] },
						{ "type": "text", "value": [ "tutorial_C5_3" ] },
						{ "type": "text", "value": [ "tutorial_C5_4" ] },
						{ "type": "text", "value": [ "tutorial_C5_5" ] }
					]
				},
				{
					"title": "t_M_title",
					"subtitle": "tutorial_C5_name",

					"content":
					[
						{ "type": "image", "value": [ "tutorial_C_pic_M_5_2", "false" ] },
						{ "type": "text", "value": [ "tutorial_C5_6" ] },
						{ "type": "text", "value": [ "tutorial_C5_7" ] },
						{ "type": "text", "value": [ "tutorial_C5_8" ] },
						{ "type": "text", "value": [ "tutorial_C5_9" ] },
						{ "type": "text", "value": [ "tutorial_C5_10" ] },
						{ "type": "text", "value": [ "tutorial_C5_11" ] }
					],
	
					"closeMapActions":
					[
						{ "a": "Dialog", "p": [ "t_C5_dial_start" ] }
					]
				}
			]
		}
	]
}
