{
	"array":
	[
		{
			"id": "tutorial_M_3",
			
			"contentHeight": 500,
			"position": { "x": 0, "y": 0 },

			"slides":
			[
				{
					"title": "t_M_title",
					"subtitle": "tutorial_M_3_name",

					"content":
					[
						{ "type": "text", "value": [ "tutorial_M_3_1" ] },
						{ "type": "image", "value": [ "tutorial_pic_M_3_1", "false" ] },
						{ "type": "text", "value": [ "tutorial_M_3_2" ] },
						{ "type": "image", "value": [ "tutorial_pic_M_3_2", "false" ] },
						{ "type": "text", "value": [ "tutorial_M_3_3" ] },
						{ "type": "image", "value": [ "tutorial_pic_M_3_3", "false" ] },
						{ "type": "text", "value": [ "tutorial_M_3_4" ] }
					]
				},
				{
					"title": "t_M_title",
					"subtitle": "tutorial_M_3_name",

					"content":
					[
						{ "type": "image", "value": [ "tutorial_pic_M_3_4", "false" ] },
						{ "type": "text", "value": [ "tutorial_M_3_5" ] },
						{ "type": "image", "value": [ "tutorial_pic_M_3_6", "false" ] },
						{ "type": "text", "value": [ "tutorial_M_3_6" ] },
						{ "type": "image", "value": [ "tutorial_pic_M_3_5", "false" ] },
						{ "type": "text", "value": [ "tutorial_M_3_7" ] },
						{ "type": "image", "value": [ "tutorial_pic_M_3_8", "false" ] },
						{ "type": "text", "value": [ "tutorial_M_3_8" ] }
					],
	
					"closeMapActions":
					[
						{ "a": "CounterPlus", "p": [ "Tutorial_M_Counter_3", "1" ] }
					]
				},
				{
					"title": "t_M_title",
					"subtitle": "tutorial_M_3_name",

					"content":
					[
						{ "type": "image", "value": [ "tutorial_pic_M_3_7", "true" ] },
						{ "type": "text", "value": [ "tutorial_M_3_7_5" ] },
						{ "type": "text", "value": [ "tutorial_M_3_7_5_1" ] }
					],
	
					"closeMapActions":
					[
						{ "a": "CounterPlus", "p": [ "Tutorial_M_Counter_3", "1" ] }
					]
				}
			]
		}
	]
}
