{
	"array":
	[
		{
			"id": "tutorial_M_7",
			
			"contentHeight": 500,
			"position": { "x": 0, "y": 0 },

			"slides":
			[
				{
					"title": "t_M_title",
					"subtitle": "tutorial_M_7_name",

					"content":
					[
						{ "type": "image", "value": [ "tutorial_pic_M_7_1", "true" ] },
						{ "type": "text", "value": [ "tutorial_M_7_1" ] },
						{ "type": "text", "value": [ "tutorial_M_7_2" ] },
						{ "type": "text", "value": [ "tutorial_M_7_3" ] }
					],
	
					"closeMapActions":
					[
						{ "a": "CounterPlus", "p": [ "Tutorial_M_Counter_7", "1" ] }
					]
				}
			]
		}
	]
}
