{
	"array":
	[
		{
			"id": "tutorial_M_29",
			
			"contentHeight": 500,
			"position": { "x": -400, "y": 0 },

			"slides":
			[
				{
					"title": "t_M_title",
					"subtitle": "tutorial_M_29_name",

					"content":
					[
						{ "type": "image", "value": [ "tutorial_pic_M_29_1", "true" ] },
						{ "type": "text", "value": [ "tutorial_M_29_1" ] },
						{ "type": "text", "value": [ "tutorial_M_29_2" ] },
						{ "type": "text", "value": [ "tutorial_M_29_3" ] },
						{ "type": "image", "value": [ "tutorial_pic_M_29_2", "true" ] },
						{ "type": "text", "value": [ "tutorial_M_29_4" ] },
						{ "type": "image", "value": [ "tutorial_pic_M_29_3", "true" ] },
						{ "type": "text", "value": [ "tutorial_M_29_5" ] }
					],
	
					"closeMapActions":
					[
						{ "a": "CounterPlus", "p": [ "Tutorial_M_Counter_29", "1" ] }
					],
	
					"actions":
					[
						{ "a": "RevealFogOfWar", "p": [ "124", "2" ] }, { "a": "MoveCamera", "p": [ "124" ] }
					]
				}
			]
		}
	]
}
