{
	"array":
	[
		{
			"id": "tutorial_M_9",
			
			"contentHeight": 500,
			"position": { "x": -400, "y": 0 },

			"slides":
			[
				{
					"title": "t_M_title",
					"subtitle": "tutorial_M_9_name",

					"content":
					[
						{ "type": "image", "value": [ "tutorial_pic_M_9_1", "true" ] },
						{ "type": "text", "value": [ "tutorial_M_9_1" ] },
						{ "type": "text", "value": [ "tutorial_M_9_2" ] },
						{ "type": "image", "value": [ "tutorial_pic_M_9_2", "false" ] },
						{ "type": "text", "value": [ "tutorial_M_9_3" ] }
					]
				},
				{
					"title": "t_M_title",
					"subtitle": "tutorial_M_9_name_1",

					"content":
					[
						{ "type": "image", "value": [ "tutorial_pic_M_9_3", "true" ] },
						{ "type": "text", "value": [ "tutorial_M_9_4" ] },
						{ "type": "text", "value": [ "tutorial_M_9_5" ] }
					],
	
					"closeMapActions":
					[
						{ "a": "CounterPlus", "p": [ "Tutorial_M_Counter_9", "1" ] }
					]
				}
			]
		}
	]
}
