{
	"array":
	[
		{
			"id": "tutorial_M_16",
			
			"contentHeight": 500,
			"position": { "x": 0, "y": 0 },

			"slides":
			[
				{
					"title": "t_M_title",
					"subtitle": "tutorial_M_16_name",

					"content":
					[
						{ "type": "image", "value": [ "tutorial_pic_M_16_1", "true" ] },
						{ "type": "text", "value": [ "tutorial_M_16_1" ] },
						{ "type": "text", "value": [ "tutorial_M_16_2" ] }
					]
				},
				{
					"title": "t_M_title",
					"subtitle": "tutorial_M_16_name",

					"content":
					[
						{ "type": "image", "value": [ "tutorial_pic_M_16_2", "true" ] },
						{ "type": "text", "value": [ "tutorial_M_16_3" ] },
						{ "type": "text", "value": [ "tutorial_M_16_4" ] },
						{ "type": "text", "value": [ "tutorial_M_16_5" ] }
					],
	
					"closeMapActions":
					[
						{ "a": "CounterPlus", "p": [ "Tutorial_M_Counter_16", "1" ] }
					]
				}
			]
		}
	]
}
