{
	"array":
	[
		{
			"id": "tutorial_M_15",
			
			"contentHeight": 500,
			"position": { "x": 0, "y": 0 },

			"slides":
			[
				{
					"title": "t_M_title",
					"subtitle": "tutorial_M_15_name",

					"content":
					[
						{ "type": "text", "value": [ "tutorial_M_15_1" ] },
						{ "type": "image", "value": [ "tutorial_pic_M_15_1", "true" ] },
						{ "type": "text", "value": [ "tutorial_M_15_2" ] },
						{ "type": "text", "value": [ "tutorial_M_15_3" ] },
						{ "type": "text", "value": [ "tutorial_M_15_4" ] }
					]
				},
				{
					"title": "t_M_title",
					"subtitle": "tutorial_M_15_name",

					"content":
					[
						{ "type": "image", "value": [ "tutorial_pic_M_15_2", "false" ] },
						{ "type": "text", "value": [ "tutorial_M_15_5" ] },
						{ "type": "text", "value": [ "tutorial_M_15_6" ] },
						{ "type": "text", "value": [ "tutorial_M_15_7" ] },
						{ "type": "text", "value": [ "tutorial_M_15_8" ] }
					]
				},
				{
					"title": "t_M_title",
					"subtitle": "tutorial_M_15_name",

					"content":
					[
						{ "type": "image", "value": [ "tutorial_pic_M_15_3", "false" ] },
						{ "type": "text", "value": [ "tutorial_M_15_9" ] },
						{ "type": "text", "value": [ "tutorial_M_15_10" ] },
						{ "type": "text", "value": [ "tutorial_M_15_11" ] }
					],
	
					"closeMapActions":
					[
						{ "a": "CounterPlus", "p": [ "Tutorial_M_Counter_15", "1" ] }
					]
				}
			]
		}
	]
}
