{
	"array":
	[
		{
			"id": "tutorial_C3_start",
			
			"contentHeight": 450,
			"position": { "x": 0, "y": 0 },

			"slides":
			[
				{
					"title": "t_M_title",
					"subtitle": "tutorial_C3_name",

					"content":
					[
						{ "type": "image", "value": [ "tutorial_C_pic_M_3_1", "true" ] },
						{ "type": "text", "value": [ "tutorial_C3_1" ] },
						{ "type": "text", "value": [ "tutorial_C3_2" ] },
						{ "type": "text", "value": [ "tutorial_C3_3" ] },
						{ "type": "text", "value": [ "tutorial_C3_4" ] }
					],
	
					"closeMapActions":
					[
						{ "a": "Dialog", "p": [ "t_C3_dial_start" ] }
					]
				}
			]
		}
	]
}
