{
	"array":
	[
		{
			"id": "tutorial_M_30",
			
			"contentHeight": 500,
			"position": { "x": 0, "y": 0 },

			"slides":
			[
				{
					"title": "t_M_title",
					"subtitle": "tutorial_M_30_name",

					"content":
					[
						{ "type": "image", "value": [ "tutorial_pic_M_30_1", "true" ] },
						{ "type": "text", "value": [ "tutorial_M_30_1" ] },
						{ "type": "text", "value": [ "tutorial_M_30_2" ] }
					]
				},
				{
					"title": "t_M_title",
					"subtitle": "tutorial_M_30_name",

					"content":
					[
						{ "type": "image", "value": [ "tutorial_pic_M_30_2", "true" ] },
						{ "type": "text", "value": [ "tutorial_M_30_3" ] },
						{ "type": "text", "value": [ "tutorial_M_30_4" ] },
						{ "type": "image", "value": [ "tutorial_pic_M_30_3", "false" ] },
						{ "type": "text", "value": [ "tutorial_M_30_5" ] }
					],
	
					"closeMapActions":
					[
						{ "a": "CounterPlus", "p": [ "Tutorial_M_Counter_10", "1" ] }
					]
				}
			]
		}
	]
}
