{
	"array":
	[
		{
			"id": "tutorial_M_14",
			
			"contentHeight": 500,
			"position": { "x": 0, "y": 0 },

			"slides":
			[
				{
					"title": "t_M_title",
					"subtitle": "tutorial_M_14_name",

					"content":
					[
						{ "type": "image", "value": [ "tutorial_pic_M_14_1", "true" ] },
						{ "type": "text", "value": [ "tutorial_M_14_1" ] },
						{ "type": "text", "value": [ "tutorial_M_14_2" ] },
						{ "type": "text", "value": [ "tutorial_M_14_3" ] },
						{ "type": "text", "value": [ "tutorial_M_14_4" ] }
					]
				},
				{
					"title": "t_M_title",
					"subtitle": "tutorial_M_14_name",

					"content":
					[
						{ "type": "image", "value": [ "tutorial_pic_M_14_2", "false" ] },
						{ "type": "text", "value": [ "tutorial_M_14_5" ] },
						{ "type": "text", "value": [ "tutorial_M_14_6" ] },
						{ "type": "text", "value": [ "tutorial_M_14_7" ] }
					],
	
					"closeMapActions":
					[
						{ "a": "CounterPlus", "p": [ "Tutorial_M_Counter_14", "1" ] },
						{ "a": "OpenUI", "p": [ "HeroUI" ] }
					]
				}
			]
		}
	]
}
