{
	"array":
	[
		{
			"id": "tutorial_M_12",
			
			"contentHeight": 500,
			"position": { "x": -400, "y": 0 },

			"slides":
			[
				{
					"title": "t_M_title",
					"subtitle": "tutorial_M_12_name",

					"content":
					[
						{ "type": "image", "value": [ "tutorial_pic_M_12_1", "false" ] },
						{ "type": "text", "value": [ "tutorial_M_12_1" ] },
						{ "type": "text", "value": [ "tutorial_M_12_2" ] },
						{ "type": "text", "value": [ "tutorial_M_12_3" ] }
					],
	
					"closeMapActions":
					[
						{ "a": "CounterPlus", "p": [ "Tutorial_M_Counter_12", "1" ] }
					]
				}
			]
		}
	]
}
