{
	"array":
	[
		{
			"id": "tutorial_M_1",
			
			"contentHeight": 500,
			"position": { "x": 0, "y": 0 },

			"slides":
			[
				{
					"title": "t_M_title",
					"subtitle": "tutorial_M_1_name",

					"content":
					[
						{ "type": "image", "value": [ "tutorial_pic_M_1_5", "true" ] },
						{ "type": "text", "value": [ "tutorial_M_1_1" ] },
						{ "type": "image", "value": [ "tutorial_pic_M_1_4", "true" ] },
						{ "type": "text", "value": [ "tutorial_M_1_2" ] }
					]
				},
				{
					"title": "t_M_title",
					"subtitle": "tutorial_M_1_name",

					"content":
					[
						{ "type": "image", "value": [ "tutorial_pic_M_1_1", "true" ] },
						{ "type": "text", "value": [ "tutorial_M_1_3" ] },
						{ "type": "text", "value": [ "tutorial_M_1_3_5" ] }
					]
				},
				{
					"title": "t_M_title",
					"subtitle": "tutorial_M_1_name",

					"content":
					[
						{ "type": "image", "value": [ "tutorial_pic_M_1_6", "true" ] },
						{ "type": "text", "value": [ "tutorial_M_1_4" ] },
						{ "type": "image", "value": [ "tutorial_pic_M_1_2", "false" ] },
						{ "type": "text", "value": [ "tutorial_M_1_5" ] }
					]
				},
				{
					"title": "t_M_title",
					"subtitle": "tutorial_M_1_name",

					"content":
					[
						{ "type": "image", "value": [ "tutorial_pic_M_1_3", "true" ] },
						{ "type": "text", "value": [ "tutorial_M_1_6" ] },
						{ "type": "text", "value": [ "tutorial_M_1_7" ] }
					],
	
					"closeMapActions":
					[
						{ "a": "CounterPlus", "p": [ "Tutorial_M_Counter_1", "1" ] }
					]
				}
			]
		}
	]
}
