{
	"array":
	[
		{
			"id": "tutorial_M_11",
			
			"contentHeight": 500,
			"position": { "x": -400, "y": 0 },

			"slides":
			[
				{
					"title": "t_M_title",
					"subtitle": "tutorial_M_11_name",

					"content":
					[
						{ "type": "image", "value": [ "tutorial_pic_M_11_1", "true" ] },
						{ "type": "text", "value": [ "tutorial_M_11_1" ] },
						{ "type": "text", "value": [ "tutorial_M_11_2" ] }
					]
				},
				{
					"title": "t_M_title",
					"subtitle": "tutorial_M_11_name",

					"content":
					[
						{ "type": "text", "value": [ "tutorial_M_11_3" ] },
						{ "type": "image", "value": [ "tutorial_pic_M_11_2", "true" ] },
						{ "type": "text", "value": [ "tutorial_M_11_4" ] },
						{ "type": "image", "value": [ "tutorial_pic_M_11_3", "true" ] },
						{ "type": "text", "value": [ "tutorial_M_11_5" ] }
					],
	
					"closeMapActions":
					[
						{ "a": "CounterPlus", "p": [ "Tutorial_M_Counter_11", "1" ] }
					]
				}
			]
		}
	]
}
