﻿{
	"array":
	[
		{
			"id": "one_hero_M3_yolo_attack_hero_tasks",

			"scouting": true,	"tasksAroundPath": true,	"scoutingStepRadius": 2,  "fogOfWar": false,	"enemyHeroPenalty": false,		"scanMinTurns": 1,		"scanMaxTurns": 5,

			"priorities":
			[	
				{ "target": "MarkedObjectCapture",	"data": { "enabled": true,		"valueFlat": 500000, 	"valueMultipler": 0.00 } },
				{ "target": "AttackMarkedHero",		"data": { "enabled": true,		"valueFlat": 500000, 	"valueMultipler": 0.00 } },

				{ "target": "CaptureCityYolo",		"data":	{ "enabled": true,		"valueFlat": 200000, 	"valueMultipler": 0 } },
				{ "target": "AttackHeroYolo",		"data":	{ "enabled": true,		"valueFlat": 200000,	"valueMultipler": 0 } },

				{ "target": "CaptureCity",			"data":	{ "enabled": true,		"valueFlat": 200000, 	"valueMultipler": 0.00 } },
				{ "target": "CaptureOutpost",		"data":	{ "enabled": true,		"valueFlat": 200000, 	"valueMultipler": 0.00 } },
				{ "target": "AttackHero",			"data":	{ "enabled": true,		"valueFlat": 200000, 	"valueMultipler": 0.00 } },
				{ "target": "SquadAttack",			"data":	{ "enabled": true,		"valueFlat": 0, 		"valueMultipler": -0.50 } }
			]
		},

		{
			"id": "one_hero_M3_yolo_attack_hero_tasks_customScenario_AttackMarkedHero",
			"customScenario": "AttackMarkedHeroDontCheckFight",

			"scouting": true,	"tasksAroundPath": false,	"scoutingStepRadius": 2,  "fogOfWar": false,	"enemyHeroPenalty": false,		"scanMinTurns": 1,		"scanMaxTurns": 4,

			"priorities":
			[	

			]
		},
		{
			"id": "one_hero_M3_yolo_attack_hero_tasks_customScenario_AttackMarkedCity",
			"customScenario": "AttackMarkedCityDontCheckFight",

			"scouting": true,	"tasksAroundPath": false,	"scoutingStepRadius": 2,  "fogOfWar": false,	"enemyHeroPenalty": false,		"scanMinTurns": 1,		"scanMaxTurns": 4,

			"priorities":
			[	

			]
		}
	]
}
