﻿{
	"array":
	[
		{
			"id": "tutorial_hero_c1_8",

			"name": "human_hero_5",
			"description": "human_hero_5_description",
			"motto": "human_hero_5_motto",

			"mesh": "knight",
			"mounts": [ "horse" ],
			"icon": "hero_human_5_aeos_the_exalted",
			"fraction": "human",
			"nativeBiome": "Grass",
			"classType": "might",

			"skillsRollVariant": "humans_might_skills_table",

			"costGold": 2500,
			"startLevel": 15,

			"startSquad" : [
				{ "sid": "angel_upg_alt", "min": 6, "max": 6 }
			],

			"startSquadAlt": [
				{ "sid": "angel_upg_alt", "min": 6, "max": 6 }
			],

			"specialization": "human_hero_5_specialization",

			"stats":
			{
				"viewRadius":   6,
				"statsNum":     1,				
				"magicCastsPerRound":     1,

				"enableTactics": true,
				"enableHeroNativeBiome":true,

				"offence":      10,
				"defence":      10,
				"spellPower":   10,
				"intelligence": 10,
				"luck":         0,
				"moral":        0
			},

			"statsRolls":
			[
				{
					"levelFrom": 1,
					"rollChances":
					[
						{ "v": 0, "c": 35 },
						{ "v": 1, "c": 35 },
						{ "v": 2, "c": 15 },
						{ "v": 3, "c": 15 }
					]
				},
				{
					"levelFrom": 12,
					"rollChances":
					[
						{ "v": 0, "c": 25 },
						{ "v": 1, "c": 25 },
						{ "v": 2, "c": 25 },
						{ "v": 3, "c": 25 }
					]
				}
			],

			"startSkills":
			[
				{
					"sid": "skill_faction_humans",
					"skillLevel": 3
				},

				{
					"sid": "skill_assault",
					"skillLevel": 3
				},

				{
					"sid": "skill_protection",
					"skillLevel": 3
				},

				{
					"sid": "skill_sorcery",
					"skillLevel": 3
				},

				{
					"sid": "skill_mastery",
					"skillLevel": 3
				},

				{
					"sid": "skill_tactics",
					"skillLevel": 3
				}
			],

			"startMagics":
			[
				{
					"sidConfig": "primal_1_magic_thunderbolt",
					"level": 4,
					"isLearned": true
				},
				{
					"sidConfig": "primal_2_magic_thick_hide",
					"level": 4,
					"isLearned": true
				},
				{
					"sidConfig": "night_1_magic_unnatural_calm",
					"level": 4,
					"isLearned": true
				},
				{
					"sidConfig": "night_9_magic_twilight",
					"level": 4,
					"isLearned": true
				},
				{
					"sidConfig": "day_12_magic_radiant_armor",
					"level": 4,
					"isLearned": true
				},
				{
					"sidConfig": "day_13_magic_holy_arms",
					"level": 4,
					"isLearned": true
				},
				{
					"sidConfig": "day_15_magic_judgement",
					"level": 4,
					"isLearned": true
				}
			]
		}
	]
}