﻿{
	"array":
	[
		{
			"id": "tutorial_hero_c1_7",

			"name": "human_hero_12",
			"description": "human_hero_12_description",
			"motto": "human_hero_12_motto",

			"mesh": "knight",
			"mounts": [ "horse" ],
			"icon": "hero_human_12_zenith",
			"fraction": "human",
			"nativeBiome": "Grass",
			"classType": "might",

			"skillsRollVariant": "humans_might_skills_table",

			"costGold": 2500,
			"startLevel": 20,

			"startSquad" : [
				{ "sid": "lightweaver_upg_alt", "min": 33, "max": 33 }
			],

			"startSquadAlt": [
				{ "sid": "lightweaver_upg_alt", "min": 33, "max": 33 }
			],

			"specialization": "tutorial_human_hero_12_specialization",

			"stats":
			{
				"viewRadius":   6,
				"statsNum":     1,				
				"magicCastsPerRound":     1,

				"enableTactics": true,
				"enableHeroNativeBiome":true,

				"offence":      20,
				"defence":      20,
				"spellPower":   20,
				"intelligence": 20,
				"luck":         0,
				"moral":        0
			},

			"statsRolls":
			[
				{
					"levelFrom": 1,
					"rollChances":
					[
						{ "v": 0, "c": 35 },
						{ "v": 1, "c": 35 },
						{ "v": 2, "c": 15 },
						{ "v": 3, "c": 15 }
					]
				},
				{
					"levelFrom": 12,
					"rollChances":
					[
						{ "v": 0, "c": 25 },
						{ "v": 1, "c": 25 },
						{ "v": 2, "c": 25 },
						{ "v": 3, "c": 25 }
					]
				}
			],

			"startSkills":
			[

			],

			"startMagics":
			[
				{
					"sidConfig": "neutral_magic_shadow_form",
					"level": 4,
					"isLearned": true
				},
				{
					"sidConfig": "neutral_magic_dimension_door",
					"level": 4,
					"isLearned": true
				}
			]
		}
	]
}