﻿{
	"array":
	[
		{
			"id": "tutorial_M_hero_1",

			"name": "necro_hero_3",
			"description": "necro_hero_3_description",
			"motto": "necro_hero_3_motto",

			"mesh": "death_warrior",
			"mounts": [ "death_mount" ],
			"icon": "hero_necromancer_3_onkos",
			"fraction": "undead",
			"nativeBiome": "Deathland",
			"classType": "might",

			"skillsRollVariant": "necros_might_skills_table",

			"costGold": 2500,
			"startLevel": 5,
			"attacksTimesBefore": [1.33],

			"startSquad" : [
				{ "sid": "skeleton_upg", "min": 20, "max": 20 },
				{ "sid": "skeleton_upg_alt", "min": 20, "max": 20 },
				{ "sid": "skeleton", "min": 20, "max": 20 }
			],

			"startSquadAlt": [
				{ "sid": "skeleton", "min": 1, "max": 1 }
			],

			"specialization": "necro_hero_3_specialization",

			"stats":
			{
				"viewRadius":   6,
				"statsNum":     1,				
				"magicCastsPerRound":     1,

				"enableTactics": true,
				"enableHeroNativeBiome":true,
				
				"offence":      3,
				"defence":      3,
				"spellPower":   3,
				"intelligence": 3,
				"luck":         0,
				"moral":        0
			},

			"statsRolls":
			[
				{
					"levelFrom": 1,
					"rollChances":
					[
						{ "v": 0, "c": 45 },
						{ "v": 1, "c": 25 },
						{ "v": 2, "c": 15 },
						{ "v": 3, "c": 15 }
					]
				},
				{
					"levelFrom": 12,
					"rollChances":
					[
						{ "v": 0, "c": 25 },
						{ "v": 1, "c": 25 },
						{ "v": 2, "c": 25 },
						{ "v": 3, "c": 25 }
					]
				}
			],

			"startSkills":
			[
				{
					"sid": "skill_faction_undead",
					"skillLevel": 3
				},

				{
					"sid": "skill_assault",
					"skillLevel": 3
				},

				{
					"sid": "skill_protection",
					"skillLevel": 3
				}
			],

			"startMagics":
			[
				{
					"sidConfig": "primal_1_magic_thunderbolt",
					"level": 1,
					"isLearned": true
				}
			]
		}
	]
}