﻿{
	"array":
	[
		{
			"id": "tutorial_hero_c1_4",

			"name": "human_hero_1",
			"description": "human_hero_1_description",
			"motto": "human_hero_1_motto",

			"mesh": "knight",
			"mounts": [ "horse" ],
			"icon": "hero_human_1_ister",
			"fraction": "human",
			"nativeBiome": "Grass",
			"classType": "might",

			"skillsRollVariant": "humans_might_skills_table",

			"costGold": 2500,
			"startLevel": 30,

			"startSquad" : [
				{ "sid": "angel", "min": 1, "max": 1 }
			],

			"startSquadAlt": [
				{ "sid": "esquire", "min": 1, "max": 1 }
			],

			"specialization": "tutorial_human_hero_1_specialization",

			"stats":
			{
				"viewRadius":   6,
				"statsNum":     1,				
				"magicCastsPerRound":     1,

				"enableTactics": true,
				"enableHeroNativeBiome":true,

				"offence":      0,
				"defence":      0,
				"spellPower":   0,
				"intelligence": 0,
				"luck":         0,
				"moral":        0
			},

			"statsRolls":
			[
				{
					"levelFrom": 1,
					"rollChances":
					[
						{ "v": 0, "c": 35 },
						{ "v": 1, "c": 35 },
						{ "v": 2, "c": 15 },
						{ "v": 3, "c": 15 }
					]
				},
				{
					"levelFrom": 12,
					"rollChances":
					[
						{ "v": 0, "c": 25 },
						{ "v": 1, "c": 25 },
						{ "v": 2, "c": 25 },
						{ "v": 3, "c": 25 }
					]
				}
			],

			"startSkills":
			[

			],

			"startMagics":
			[

			]
		}
	]
}