﻿{
	"array":
	[
		{
			"id": "tutorial_hero_c1_1",

			"name": "human_hero_2",
			"description": "human_hero_2_description",
			"motto": "human_hero_2_motto",

			"mesh": "knight",
			"mounts": [ "horse" ],
			"icon": "hero_human_2_leon_sticky_fingers",
			"fraction": "human",
			"nativeBiome": "Grass",
			"classType": "might",

			"skillsRollVariant": "humans_might_skills_table",

			"costGold": 2500,
			"startLevel": 1,

			"startSquad" : [
				{ "sid": "esquire", "min": 10, "max": 10 }
			],

			"startSquadAlt": [
				{ "sid": "esquire", "min": 1, "max": 1 }
			],

			"specialization": "tutorial_human_hero_3_specialization",

			"stats":
			{
				"viewRadius":   6,
				"statsNum":     1,				
				"magicCastsPerRound":     1,

				"enableTactics": true,
				"enableHeroNativeBiome":true,

				"offence":      2,
				"defence":      2,
				"spellPower":   1,
				"intelligence": 1,
				"luck":         0,
				"moral":        0
			},

			"statsRolls":
			[
				{
					"levelFrom": 1,
					"rollChances":
					[
						{ "v": 0, "c": 35 },
						{ "v": 1, "c": 35 },
						{ "v": 2, "c": 15 },
						{ "v": 3, "c": 15 }
					]
				},
				{
					"levelFrom": 12,
					"rollChances":
					[
						{ "v": 0, "c": 25 },
						{ "v": 1, "c": 25 },
						{ "v": 2, "c": 25 },
						{ "v": 3, "c": 25 }
					]
				}
			],

			"startSkills":
			[

			],

			"startMagics":
			[

			]
		}
	]
}