﻿{
	"array":
	[
		{
			"id": "tutorial_hero_c1_11",

			"name": "human_hero_18",
			"description": "human_hero_18_description",
			"motto": "human_hero_18_motto",

			"mesh": "knight",
			"mounts": [ "horse" ],
			"icon": "hero_human_18_сlarissa",
			"fraction": "human",
			"nativeBiome": "Grass",
			"classType": "might",

			"skillsRollVariant": "humans_might_skills_table",

			"costGold": 2500,
			"startLevel": 5,

			"startSquad" : [
				{ "sid": "inquisitor_upg", "min": 18, "max": 18 },
				{ "sid": "esquire_upg", "min": 151, "max": 151 },
				{ "sid": "lightweaver_upg_alt", "min": 75, "max": 75 }
			],

			"startSquadAlt": [
				{ "sid": "inquisitor_upg", "min": 18, "max": 18 },
				{ "sid": "esquire_upg", "min": 151, "max": 151 },
				{ "sid": "lightweaver_upg_alt", "min": 75, "max": 75 }
			],

			"specialization": "human_hero_18_specialization",

			"stats":
			{
				"viewRadius":   6,
				"statsNum":     1,				
				"magicCastsPerRound":     1,

				"enableTactics": true,
				"enableHeroNativeBiome":true,

				"offence":      5,
				"defence":      5,
				"spellPower":   5,
				"intelligence": 5,
				"luck":         0,
				"moral":        0
			},

			"statsRolls":
			[
				{
					"levelFrom": 1,
					"rollChances":
					[
						{ "v": 0, "c": 35 },
						{ "v": 1, "c": 35 },
						{ "v": 2, "c": 15 },
						{ "v": 3, "c": 15 }
					]
				},
				{
					"levelFrom": 12,
					"rollChances":
					[
						{ "v": 0, "c": 25 },
						{ "v": 1, "c": 25 },
						{ "v": 2, "c": 25 },
						{ "v": 3, "c": 25 }
					]
				}
			],

			"startSkills":
			[

			],

			"startMagics":
			[

			]
		}
	]
}