﻿{
	"array":
	[
		{
			"id": "tutorial_hero_3",

			"name": "human_hero_5",
			"description": "human_hero_5_description",
			"motto": "human_hero_5_motto",

			"mesh": "knight",
			"mounts": [ "horse" ],
			"icon": "hero_human_5_aeos_the_exalted",
			"fraction": "human",
			"nativeBiome": "Grass",
			"classType": "might",

			"skillsRollVariant": "humans_might_skills_table",

			"costGold": 2500,
			"startLevel": 1,

			"startSquad" : [
				{ "sid": "esquire", "min": 15, "max": 21 },
				{ "sid": "crossbowman", "min": 8, "max": 12 },
				{ "sid": "griffin", "min": 4, "max": 6 }
			],

			"startSquadAlt": [
				{ "sid": "esquire", "min": 1, "max": 1 }
			],

			"specialization": "campaign_hero_3_specialization",

			"stats":
			{
				"viewRadius":   6,
				"statsNum":     1,				
				"magicCastsPerRound":     1,

				"enableTactics": true,
				"enableHeroNativeBiome":true,
				
				"offence":      2,
				"defence":      2,
				"spellPower":   1,
				"intelligence": 1,
				"luck":         0,
				"moral":        0
			},

			"statsRolls":
			[
				{
					"levelFrom": 1,
					"rollChances":
					[
						{ "v": 0, "c": 35 },
						{ "v": 1, "c": 35 },
						{ "v": 2, "c": 15 },
						{ "v": 3, "c": 15 }
					]
				},
				{
					"levelFrom": 12,
					"rollChances":
					[
						{ "v": 0, "c": 25 },
						{ "v": 1, "c": 25 },
						{ "v": 2, "c": 25 },
						{ "v": 3, "c": 25 }
					]
				}
			],

			"startSkills":
			[
				{
					"sid": "skill_faction_humans",
					"skillLevel": 1
				},
				{
					"sid": "skill_economy",
					"skillLevel": 1
				},
				{
					"sid": "skill_diplomacy",
					"skillLevel": 1
				}
			],

			"startMagics":
			[
				{
					"sidConfig": "day_2_magic_sharp_edge",
					"level": 1,
					"isLearned": true
				},			
				{
					"sidConfig": "day_5_magic_shorten_shadow",
					"level": 1,
					"isLearned": true
				},
				{
					"sidConfig": "day_9_magic_arinas_hymn",
					"level": 1,
					"isLearned": true
				},
				{
					"sidConfig": "primal_1_magic_thunderbolt",
					"level": 1,
					"isLearned": true
				}
			]
		}
	]
}