﻿{
	"array":
	[
		{
			"id": "human_hero_14",
			"mesh": "human_mage",
			"mounts": [ "horse" ],
			"icon": "hero_human_14_julius",
			"fraction": "human",
			"nativeBiome": "Grass",
			"classType": "magic",

			"skillsRollVariant": "humans_magic_skills_table",

			"costGold": 2500,
			"startLevel": 1,
			"attacksTimesBefore": [0.5],

			"startSquad" : [
				{ "sid": "esquire", "min": 13, "max": 18 },
				{ "sid": "crossbowman", "min": 9, "max": 13 },
				{ "sid": "griffin", "min": 4, "max": 6 }
			],

			"startSquadAlt": [
				{ "sid": "esquire", "min": 1, "max": 1 }
			],

			"specialization": "human_hero_14_specialization",

			"stats":
			{
				"viewRadius":   6,
				"statsNum":     1,				
				"magicCastsPerRound":     1,

				"enableTactics": true,
				"enableHeroNativeBiome":true,
				
				"offence":      1,
				"defence":      1,
				"spellPower":   2,
				"intelligence": 3,
				"luck":         0,
				"moral":        0
			},

			"statsRolls":
			[
				{
					"levelFrom": 1,
					"rollChances":
					[
						{ "v": 0, "c": 15 },
						{ "v": 1, "c": 15 },
						{ "v": 2, "c": 35 },
						{ "v": 3, "c": 35 }
					]
				},
				{
					"levelFrom": 12,
					"rollChances":
					[
						{ "v": 0, "c": 25 },
						{ "v": 1, "c": 25 },
						{ "v": 2, "c": 25 },
						{ "v": 3, "c": 25 }
					]
				}
			],

			"startSkills":
			[
				{
					"sid": "skill_faction_humans",
					"skillLevel": 1
				},

				{
					"sid": "skill_resistance",
					"skillLevel": 1
				}
			],

			"startMagics":
			[
				{
					"sidConfig": "day_1_magic_healing_water",
					"level": 1,
					"isLearned": true
				}
			]
		}
	]
}