{
	"array":
	[
		
		{
			"id": "campaign_default_buildings_ban",
			"buildings":
			[
				{ "sid": "Build_Tavern",	"level": 1 },
				
				{ "sid": "Build_Artifact_Market",			"level": 1 },

				{ "sid": "Build_Training_Range", 		 	"level": 1 },
				{ "sid": "Build_Golden_Calf", 			 	"level": 1 },

				{ "sid": "Build_Skeleton_Converter", 	 	"level": 1 },
				{ "sid": "Build_Gaping_Maw", 			 	"level": 1 },

				{ "sid": "Build_Beelzebubs_Hand", 		 	"level": 1 },
				{ "sid": "Build_Rebirth_Of_Shrine", 	 	"level": 1 },
				{ "sid": "Build_Eternal_Flame", 		 	"level": 1 },

				{ "sid": "Build_Endless_Library", 		 	"level": 1 },
				{ "sid": "Build_Portal_Summoning", 		 	"level": 1 },
				{ "sid": "Build_Frigid_Firmament", 		 	"level": 1 },

				{ "sid": "Build_Lyceum", 		 			"level": 1 },
				{ "sid": "Build_Spy_Network", 		 		"level": 1 },

				{ "sid": "Build_Spring_of_Life", 		 	"level": 1 }
			]
		},
		{
			"id": "default_buildings_ban",
			"buildings":
			[
				
			]
		},
		{
			"id": "economic_buildings_ban",
			"buildings":
			[
				
			]
		},
		{
			"id": "magic_buildings_ban",
			"buildings":
			[
				
			]
		}
	]
}