{
	"array":
	[
		{
			"id": "M3_human_city",
			"buildings":
			[
				{ "sid": "Build_Main",					 	"level": 3 },

				{ "sid": "Build_Bank",					 	"level": 1 },
				{ "sid": "Build_Treasury", 				 	"level": 1 },

				{ "sid": "Build_Tavern",				 	"level": 1 },
				{ "sid": "Build_Market",				 	"level": 1 },
				{ "sid": "Build_Artifact_Market",		 	"level": 1 },
				{ "sid": "Build_Resource_Depot",		 	"level": 1 },

				{ "sid": "Build_Tier_4",				 	"level": 1 },
				{ "sid": "Build_Tier_5",				 	"level": 1 },
				{ "sid": "Build_Tier_6",				 	"level": 1 },
				{ "sid": "Build_Tier_7",				 	"level": 1 },

				{ "sid": "Build_Tier_4",				 	"level": 2 },
				{ "sid": "Build_Tier_5",				 	"level": 2 },
				{ "sid": "Build_Tier_6",				 	"level": 2 },
				{ "sid": "Build_Tier_7",				 	"level": 2 },

				{ "sid": "Build_Magic_Guild",			 	"level": 2 },
				{ "sid": "Build_Magic_Guild",			 	"level": 3 },
				{ "sid": "Build_Magic_Guild",			 	"level": 4 },
				{ "sid": "Build_Magic_Guild",			 	"level": 5 },

				{ "sid": "Build_Training_Range", 		 	"level": 1 },
				{ "sid": "Build_Golden_Calf", 			 	"level": 1 },

				{ "sid": "Build_Well_Of_Souls", 		 	"level": 1 },
				{ "sid": "Build_Gaping_Maw", 			 	"level": 1 }
			]
		},
		{
			"id": "M3_human_city_1",
			"buildings":
			[
				{ "sid": "Build_Main",					 	"level": 2 },
				{ "sid": "Build_Main",					 	"level": 3 },

				{ "sid": "Build_Bank",					 	"level": 1 },
				{ "sid": "Build_Treasury", 				 	"level": 1 },

				{ "sid": "Build_Tavern",				 	"level": 1 },
				{ "sid": "Build_Market",				 	"level": 1 },
				{ "sid": "Build_Artifact_Market",		 	"level": 1 },
				{ "sid": "Build_Resource_Depot",		 	"level": 1 },

				{ "sid": "Build_Tier_4",				 	"level": 1 },
				{ "sid": "Build_Tier_6",				 	"level": 1 },
				{ "sid": "Build_Tier_7",				 	"level": 1 },

				{ "sid": "Build_Tier_4",				 	"level": 2 },
				{ "sid": "Build_Tier_5",				 	"level": 2 },
				{ "sid": "Build_Tier_6",				 	"level": 2 },
				{ "sid": "Build_Tier_7",				 	"level": 2 },

				{ "sid": "Build_Magic_Guild",			 	"level": 3 },
				{ "sid": "Build_Magic_Guild",			 	"level": 4 },
				{ "sid": "Build_Magic_Guild",			 	"level": 5 },

				{ "sid": "Build_Training_Range", 		 	"level": 1 },
				{ "sid": "Build_Golden_Calf", 			 	"level": 1 },

				{ "sid": "Build_Well_Of_Souls", 		 	"level": 1 },
				{ "sid": "Build_Gaping_Maw", 			 	"level": 1 }
			]
		},
		
		{
			"id": "M3_undead_city",
			"buildings":
			[
				{ "sid": "Build_Main",					 	"level": 3 },

				{ "sid": "Build_Bank",					 	"level": 1 },
				{ "sid": "Build_Treasury", 				 	"level": 1 },

				{ "sid": "Build_Tavern",				 	"level": 1 },
				{ "sid": "Build_Artifact_Market",		 	"level": 1 },
				{ "sid": "Build_Resource_Depot",		 	"level": 1 },

				{ "sid": "Build_Tier_5",				 	"level": 1 },
				{ "sid": "Build_Tier_6",				 	"level": 1 },
				{ "sid": "Build_Tier_7",				 	"level": 1 },

				{ "sid": "Build_Tier_5",				 	"level": 2 },
				{ "sid": "Build_Tier_6",				 	"level": 2 },
				{ "sid": "Build_Tier_7",				 	"level": 2 },

				{ "sid": "Build_Magic_Guild",			 	"level": 3 },
				{ "sid": "Build_Magic_Guild",			 	"level": 4 },
				{ "sid": "Build_Magic_Guild",			 	"level": 5 },

				{ "sid": "Build_Training_Range", 		 	"level": 1 },
				{ "sid": "Build_Golden_Calf", 			 	"level": 1 },

				{ "sid": "Build_Well_Of_Souls", 		 	"level": 1 },
				{ "sid": "Build_Gaping_Maw", 			 	"level": 1 }
			]
		},
		
		{
			"id": "M3_abandoned_outpost",
			"buildings":
			[
				{ "sid": "Build_Main",					 	"level": 2 },
				{ "sid": "Build_Main",					 	"level": 3 },

				{ "sid": "Build_Wall",					 	"level": 1 },
				{ "sid": "Build_Wall",					 	"level": 2 },
				{ "sid": "Build_Wall",					 	"level": 3 },
				
				{ "sid": "Build_Bank",					 	"level": 1 },
				{ "sid": "Build_Treasury", 				 	"level": 1 },

				{ "sid": "Build_Tavern",				 	"level": 1 },
				{ "sid": "Build_Artifact_Market",		 	"level": 1 },
				{ "sid": "Build_Resource_Depot",		 	"level": 1 },

				{ "sid": "Build_Tier_4",				 	"level": 1 },
				{ "sid": "Build_Tier_5",				 	"level": 1 },
				{ "sid": "Build_Tier_6",				 	"level": 1 },
				{ "sid": "Build_Tier_7",				 	"level": 1 },

				{ "sid": "Build_Tier_4",				 	"level": 2 },
				{ "sid": "Build_Tier_5",				 	"level": 2 },
				{ "sid": "Build_Tier_6",				 	"level": 2 },
				{ "sid": "Build_Tier_7",				 	"level": 2 },

				{ "sid": "Build_Magic_Guild",			 	"level": 2 },
				{ "sid": "Build_Magic_Guild",			 	"level": 3 },
				{ "sid": "Build_Magic_Guild",			 	"level": 4 },
				{ "sid": "Build_Magic_Guild",			 	"level": 5 },

				{ "sid": "Build_Training_Range", 		 	"level": 1 },
				{ "sid": "Build_Golden_Calf", 			 	"level": 1 },

				{ "sid": "Build_Well_Of_Souls", 		 	"level": 1 },
				{ "sid": "Build_Gaping_Maw", 			 	"level": 1 }
			]
		}
	]
}