{
	"array":
	[
		{
			"id": "Tutorial_banlists",
			"buildings":
			[
				{ "sid": "Build_Tavern",					"level": 1 }
			]
		},

		{
			"id": "Tutorial_C1_banlists",
			"buildings":
			[
				{ "sid": "Build_Tavern",					"level": 1 },
				
				{ "sid": "Build_Main",					 	"level": 2 },
				{ "sid": "Build_Main",					 	"level": 3 },

				{ "sid": "Build_Wall",					 	"level": 1 },
				{ "sid": "Build_Wall",					 	"level": 2 },
				{ "sid": "Build_Wall",					 	"level": 3 },

				{ "sid": "Build_Bank",					 	"level": 1 },
				{ "sid": "Build_Treasury", 				 	"level": 1 },

				{ "sid": "Build_Tavern",				 	"level": 1 },
				{ "sid": "Build_Market",				 	"level": 1 },
				{ "sid": "Build_Artifact_Market",		 	"level": 1 },
				{ "sid": "Build_Resource_Depot",		 	"level": 1 },

				{ "sid": "Build_Tier_1",				 	"level": 1 },
				{ "sid": "Build_Tier_2",				 	"level": 1 },
				{ "sid": "Build_Tier_3",				 	"level": 1 },
				{ "sid": "Build_Tier_4",				 	"level": 1 },
				{ "sid": "Build_Tier_5",				 	"level": 1 },
				{ "sid": "Build_Tier_6",				 	"level": 1 },
				{ "sid": "Build_Tier_7",				 	"level": 1 },

				{ "sid": "Build_Tier_1",				 	"level": 2 },
				{ "sid": "Build_Tier_2",				 	"level": 2 },
				{ "sid": "Build_Tier_3",				 	"level": 2 },
				{ "sid": "Build_Tier_4",				 	"level": 2 },
				{ "sid": "Build_Tier_5",				 	"level": 2 },
				{ "sid": "Build_Tier_6",				 	"level": 2 },
				{ "sid": "Build_Tier_7",				 	"level": 2 },

				{ "sid": "Build_Magic_Guild",			 	"level": 1 },
				{ "sid": "Build_Magic_Guild",			 	"level": 2 },
				{ "sid": "Build_Magic_Guild",			 	"level": 3 },
				{ "sid": "Build_Magic_Guild",			 	"level": 4 },
				{ "sid": "Build_Magic_Guild",			 	"level": 5 },

				{ "sid": "Build_Intelligence_Academy",	 	"level": 1 },
				{ "sid": "Build_Training_Range", 		 	"level": 1 },
				{ "sid": "Build_Golden_Calf", 			 	"level": 1 },

				{ "sid": "Build_Well_Of_Souls", 		 	"level": 1 },
				{ "sid": "Build_Skeleton_Converter", 	 	"level": 1 },
				{ "sid": "Build_Gaping_Maw", 			 	"level": 1 },

				{ "sid": "Build_Beelzebubs_Hand", 		 	"level": 1 },
				{ "sid": "Build_Rebirth_Of_Shrine", 	 	"level": 1 },
				{ "sid": "Build_Eternal_Flame", 		 	"level": 1 },

				{ "sid": "Build_Endless_Library", 		 	"level": 1 },
				{ "sid": "Build_Portal_Summoning", 		 	"level": 1 },
				{ "sid": "Build_Frigid_Firmament", 		 	"level": 1 },

				{ "sid": "Build_Gymnasium",					"level": 1 },
				{ "sid": "Build_Lyceum", 		 			"level": 1 },
				{ "sid": "Build_Spy_Network", 		 		"level": 1 },

				{ "sid": "Build_Mother_Nature", 		 	"level": 1 },
				{ "sid": "Build_Mycelium_Roots", 		 	"level": 1 },
				{ "sid": "Build_Spring_of_Life", 		 	"level": 1 }
			]
		},

		{
			"id": "Tutorial_C2_banlists",
			"buildings":
			[
				{ "sid": "Build_Tavern",					"level": 1 },
				
				{ "sid": "Build_Main",					 	"level": 2 },
				{ "sid": "Build_Main",					 	"level": 3 },

				{ "sid": "Build_Wall",					 	"level": 1 },
				{ "sid": "Build_Wall",					 	"level": 2 },
				{ "sid": "Build_Wall",					 	"level": 3 },

				{ "sid": "Build_Bank",					 	"level": 1 },
				{ "sid": "Build_Treasury", 				 	"level": 1 },

				{ "sid": "Build_Tavern",				 	"level": 1 },
				{ "sid": "Build_Artifact_Market",		 	"level": 1 },
				{ "sid": "Build_Resource_Depot",		 	"level": 1 },

				{ "sid": "Build_Tier_1",				 	"level": 1 },
				{ "sid": "Build_Tier_2",				 	"level": 1 },
				{ "sid": "Build_Tier_3",				 	"level": 1 },
				{ "sid": "Build_Tier_4",				 	"level": 1 },
				{ "sid": "Build_Tier_5",				 	"level": 1 },
				{ "sid": "Build_Tier_6",				 	"level": 1 },
				{ "sid": "Build_Tier_7",				 	"level": 1 },

				{ "sid": "Build_Tier_1",				 	"level": 2 },
				{ "sid": "Build_Tier_2",				 	"level": 2 },
				{ "sid": "Build_Tier_3",				 	"level": 2 },
				{ "sid": "Build_Tier_4",				 	"level": 2 },
				{ "sid": "Build_Tier_5",				 	"level": 2 },
				{ "sid": "Build_Tier_6",				 	"level": 2 },
				{ "sid": "Build_Tier_7",				 	"level": 2 },

				{ "sid": "Build_Magic_Guild",			 	"level": 1 },
				{ "sid": "Build_Magic_Guild",			 	"level": 2 },
				{ "sid": "Build_Magic_Guild",			 	"level": 3 },
				{ "sid": "Build_Magic_Guild",			 	"level": 4 },
				{ "sid": "Build_Magic_Guild",			 	"level": 5 },

				{ "sid": "Build_Intelligence_Academy",	 	"level": 1 },
				{ "sid": "Build_Training_Range", 		 	"level": 1 },
				{ "sid": "Build_Golden_Calf", 			 	"level": 1 },

				{ "sid": "Build_Well_Of_Souls", 		 	"level": 1 },
				{ "sid": "Build_Skeleton_Converter", 	 	"level": 1 },
				{ "sid": "Build_Gaping_Maw", 			 	"level": 1 },

				{ "sid": "Build_Beelzebubs_Hand", 		 	"level": 1 },
				{ "sid": "Build_Rebirth_Of_Shrine", 	 	"level": 1 },
				{ "sid": "Build_Eternal_Flame", 		 	"level": 1 },

				{ "sid": "Build_Endless_Library", 		 	"level": 1 },
				{ "sid": "Build_Portal_Summoning", 		 	"level": 1 },
				{ "sid": "Build_Frigid_Firmament", 		 	"level": 1 },

				{ "sid": "Build_Gymnasium",					"level": 1 },
				{ "sid": "Build_Lyceum", 		 			"level": 1 },
				{ "sid": "Build_Spy_Network", 		 		"level": 1 },

				{ "sid": "Build_Mother_Nature", 		 	"level": 1 },
				{ "sid": "Build_Mycelium_Roots", 		 	"level": 1 },
				{ "sid": "Build_Spring_of_Life", 		 	"level": 1 }
			]
		},

		{
			"id": "Tutorial_C3_banlists",
			"buildings":
			[
				{ "sid": "Build_Tavern",					"level": 1 },
				
				{ "sid": "Build_Main",					 	"level": 2 },
				{ "sid": "Build_Main",					 	"level": 3 },

				{ "sid": "Build_Wall",					 	"level": 1 },
				{ "sid": "Build_Wall",					 	"level": 2 },
				{ "sid": "Build_Wall",					 	"level": 3 },

				{ "sid": "Build_Bank",					 	"level": 1 },
				{ "sid": "Build_Treasury", 				 	"level": 1 },

				{ "sid": "Build_Tavern",				 	"level": 1 },
				{ "sid": "Build_Market",				 	"level": 1 },
				{ "sid": "Build_Artifact_Market",		 	"level": 1 },
				{ "sid": "Build_Resource_Depot",		 	"level": 1 },

				{ "sid": "Build_Tier_1",				 	"level": 1 },
				{ "sid": "Build_Tier_2",				 	"level": 1 },
				{ "sid": "Build_Tier_3",				 	"level": 1 },
				{ "sid": "Build_Tier_4",				 	"level": 1 },
				{ "sid": "Build_Tier_5",				 	"level": 1 },
				{ "sid": "Build_Tier_6",				 	"level": 1 },

				{ "sid": "Build_Tier_1",				 	"level": 2 },
				{ "sid": "Build_Tier_2",				 	"level": 2 },
				{ "sid": "Build_Tier_3",				 	"level": 2 },
				{ "sid": "Build_Tier_4",				 	"level": 2 },
				{ "sid": "Build_Tier_5",				 	"level": 2 },
				{ "sid": "Build_Tier_6",				 	"level": 2 },
				{ "sid": "Build_Tier_7",				 	"level": 2 },

				{ "sid": "Build_Magic_Guild",			 	"level": 1 },
				{ "sid": "Build_Magic_Guild",			 	"level": 2 },
				{ "sid": "Build_Magic_Guild",			 	"level": 3 },
				{ "sid": "Build_Magic_Guild",			 	"level": 4 },
				{ "sid": "Build_Magic_Guild",			 	"level": 5 },

				{ "sid": "Build_Intelligence_Academy",	 	"level": 1 },
				{ "sid": "Build_Training_Range", 		 	"level": 1 },
				{ "sid": "Build_Golden_Calf", 			 	"level": 1 },

				{ "sid": "Build_Well_Of_Souls", 		 	"level": 1 },
				{ "sid": "Build_Skeleton_Converter", 	 	"level": 1 },
				{ "sid": "Build_Gaping_Maw", 			 	"level": 1 },

				{ "sid": "Build_Beelzebubs_Hand", 		 	"level": 1 },
				{ "sid": "Build_Rebirth_Of_Shrine", 	 	"level": 1 },
				{ "sid": "Build_Eternal_Flame", 		 	"level": 1 },

				{ "sid": "Build_Endless_Library", 		 	"level": 1 },
				{ "sid": "Build_Portal_Summoning", 		 	"level": 1 },
				{ "sid": "Build_Frigid_Firmament", 		 	"level": 1 },

				{ "sid": "Build_Gymnasium",					"level": 1 },
				{ "sid": "Build_Lyceum", 		 			"level": 1 },
				{ "sid": "Build_Spy_Network", 		 		"level": 1 },

				{ "sid": "Build_Mother_Nature", 		 	"level": 1 },
				{ "sid": "Build_Mycelium_Roots", 		 	"level": 1 },
				{ "sid": "Build_Spring_of_Life", 		 	"level": 1 }
			]
		},

		{
			"id": "Tutorial_C5_banlists",
			"buildings":
			[
				{ "sid": "Build_Tavern",					"level": 1 },
				
				{ "sid": "Build_Main",					 	"level": 2 },
				{ "sid": "Build_Main",					 	"level": 3 },

				{ "sid": "Build_Wall",					 	"level": 1 },
				{ "sid": "Build_Wall",					 	"level": 2 },
				{ "sid": "Build_Wall",					 	"level": 3 },

				{ "sid": "Build_Bank",					 	"level": 1 },
				{ "sid": "Build_Treasury", 				 	"level": 1 },

				{ "sid": "Build_Tavern",				 	"level": 1 },
				{ "sid": "Build_Market",				 	"level": 1 },
				{ "sid": "Build_Artifact_Market",		 	"level": 1 },
				{ "sid": "Build_Resource_Depot",		 	"level": 1 },

				{ "sid": "Build_Tier_1",				 	"level": 1 },
				{ "sid": "Build_Tier_2",				 	"level": 1 },
				{ "sid": "Build_Tier_3",				 	"level": 1 },
				{ "sid": "Build_Tier_4",				 	"level": 1 },
				{ "sid": "Build_Tier_5",				 	"level": 1 },
				{ "sid": "Build_Tier_6",				 	"level": 1 },
				{ "sid": "Build_Tier_7",				 	"level": 1 },

				{ "sid": "Build_Tier_1",				 	"level": 2 },
				{ "sid": "Build_Tier_2",				 	"level": 2 },
				{ "sid": "Build_Tier_3",				 	"level": 2 },
				{ "sid": "Build_Tier_4",				 	"level": 2 },
				{ "sid": "Build_Tier_5",				 	"level": 2 },
				{ "sid": "Build_Tier_6",				 	"level": 2 },
				{ "sid": "Build_Tier_7",				 	"level": 2 },

				{ "sid": "Build_Magic_Guild",			 	"level": 3 },
				{ "sid": "Build_Magic_Guild",			 	"level": 4 },
				{ "sid": "Build_Magic_Guild",			 	"level": 5 },

				{ "sid": "Build_Intelligence_Academy",	 	"level": 1 },
				{ "sid": "Build_Training_Range", 		 	"level": 1 },
				{ "sid": "Build_Golden_Calf", 			 	"level": 1 },

				{ "sid": "Build_Well_Of_Souls", 		 	"level": 1 },
				{ "sid": "Build_Skeleton_Converter", 	 	"level": 1 },
				{ "sid": "Build_Gaping_Maw", 			 	"level": 1 },

				{ "sid": "Build_Beelzebubs_Hand", 		 	"level": 1 },
				{ "sid": "Build_Rebirth_Of_Shrine", 	 	"level": 1 },
				{ "sid": "Build_Eternal_Flame", 		 	"level": 1 },

				{ "sid": "Build_Endless_Library", 		 	"level": 1 },
				{ "sid": "Build_Portal_Summoning", 		 	"level": 1 },
				{ "sid": "Build_Frigid_Firmament", 		 	"level": 1 },

				{ "sid": "Build_Gymnasium",					"level": 1 },
				{ "sid": "Build_Lyceum", 		 			"level": 1 },
				{ "sid": "Build_Spy_Network", 		 		"level": 1 },

				{ "sid": "Build_Mother_Nature", 		 	"level": 1 },
				{ "sid": "Build_Mycelium_Roots", 		 	"level": 1 },
				{ "sid": "Build_Spring_of_Life", 		 	"level": 1 }
			]
		},

		{
			"id": "Tutorial_C6_banlists",
			"buildings":
			[
				{ "sid": "Build_Tavern",					"level": 1 },
				
				{ "sid": "Build_Main",					 	"level": 2 },
				{ "sid": "Build_Main",					 	"level": 3 },

				{ "sid": "Build_Wall",					 	"level": 1 },
				{ "sid": "Build_Wall",					 	"level": 2 },
				{ "sid": "Build_Wall",					 	"level": 3 },

				{ "sid": "Build_Bank",					 	"level": 1 },
				{ "sid": "Build_Treasury", 				 	"level": 1 },

				{ "sid": "Build_Tavern",				 	"level": 1 },
				{ "sid": "Build_Market",				 	"level": 1 },
				{ "sid": "Build_Artifact_Market",		 	"level": 1 },
				{ "sid": "Build_Resource_Depot",		 	"level": 1 },

				{ "sid": "Build_Tier_1",				 	"level": 1 },
				{ "sid": "Build_Tier_2",				 	"level": 1 },
				{ "sid": "Build_Tier_3",				 	"level": 1 },
				{ "sid": "Build_Tier_4",				 	"level": 1 },
				{ "sid": "Build_Tier_5",				 	"level": 1 },
				{ "sid": "Build_Tier_6",				 	"level": 1 },
				{ "sid": "Build_Tier_7",				 	"level": 1 },

				{ "sid": "Build_Tier_1",				 	"level": 2 },
				{ "sid": "Build_Tier_2",				 	"level": 2 },
				{ "sid": "Build_Tier_3",				 	"level": 2 },
				{ "sid": "Build_Tier_4",				 	"level": 2 },
				{ "sid": "Build_Tier_5",				 	"level": 2 },
				{ "sid": "Build_Tier_6",				 	"level": 2 },
				{ "sid": "Build_Tier_7",				 	"level": 2 },

				{ "sid": "Build_Magic_Guild",			 	"level": 1 },
				{ "sid": "Build_Magic_Guild",			 	"level": 2 },
				{ "sid": "Build_Magic_Guild",			 	"level": 3 },
				{ "sid": "Build_Magic_Guild",			 	"level": 4 },
				{ "sid": "Build_Magic_Guild",			 	"level": 5 },

				{ "sid": "Build_Intelligence_Academy",	 	"level": 1 },
				{ "sid": "Build_Training_Range", 		 	"level": 1 },
				{ "sid": "Build_Golden_Calf", 			 	"level": 1 },

				{ "sid": "Build_Well_Of_Souls", 		 	"level": 1 },
				{ "sid": "Build_Skeleton_Converter", 	 	"level": 1 },
				{ "sid": "Build_Gaping_Maw", 			 	"level": 1 },

				{ "sid": "Build_Beelzebubs_Hand", 		 	"level": 1 },
				{ "sid": "Build_Rebirth_Of_Shrine", 	 	"level": 1 },
				{ "sid": "Build_Eternal_Flame", 		 	"level": 1 },

				{ "sid": "Build_Endless_Library", 		 	"level": 1 },
				{ "sid": "Build_Portal_Summoning", 		 	"level": 1 },
				{ "sid": "Build_Frigid_Firmament", 		 	"level": 1 },

				{ "sid": "Build_Gymnasium",					"level": 1 },
				{ "sid": "Build_Lyceum", 		 			"level": 1 },
				{ "sid": "Build_Spy_Network", 		 		"level": 1 },

				{ "sid": "Build_Mother_Nature", 		 	"level": 1 },
				{ "sid": "Build_Mycelium_Roots", 		 	"level": 1 },
				{ "sid": "Build_Spring_of_Life", 		 	"level": 1 }
			]
		},

		{
			"id": "Tutorial_C8_banlists",
			"buildings":
			[
				{ "sid": "Build_Main",					 	"level": 2 },
				{ "sid": "Build_Main",					 	"level": 3 },

				{ "sid": "Build_Wall",					 	"level": 1 },
				{ "sid": "Build_Wall",					 	"level": 2 },
				{ "sid": "Build_Wall",					 	"level": 3 },

				{ "sid": "Build_Bank",					 	"level": 1 },
				{ "sid": "Build_Treasury", 				 	"level": 1 },

				{ "sid": "Build_Market",				 	"level": 1 },
				{ "sid": "Build_Artifact_Market",		 	"level": 1 },
				{ "sid": "Build_Resource_Depot",		 	"level": 1 },

				{ "sid": "Build_Tier_6",				 	"level": 1 },
				{ "sid": "Build_Tier_7",				 	"level": 1 },

				{ "sid": "Build_Tier_6",				 	"level": 2 },
				{ "sid": "Build_Tier_7",				 	"level": 2 },

				{ "sid": "Build_Magic_Guild",			 	"level": 4 },
				{ "sid": "Build_Magic_Guild",			 	"level": 5 },

				{ "sid": "Build_Intelligence_Academy",	 	"level": 1 },
				{ "sid": "Build_Training_Range", 		 	"level": 1 },
				{ "sid": "Build_Golden_Calf", 			 	"level": 1 },

				{ "sid": "Build_Well_Of_Souls", 		 	"level": 1 },
				{ "sid": "Build_Skeleton_Converter", 	 	"level": 1 },
				{ "sid": "Build_Gaping_Maw", 			 	"level": 1 },

				{ "sid": "Build_Beelzebubs_Hand", 		 	"level": 1 },
				{ "sid": "Build_Rebirth_Of_Shrine", 	 	"level": 1 },
				{ "sid": "Build_Eternal_Flame", 		 	"level": 1 },

				{ "sid": "Build_Endless_Library", 		 	"level": 1 },
				{ "sid": "Build_Portal_Summoning", 		 	"level": 1 },
				{ "sid": "Build_Frigid_Firmament", 		 	"level": 1 },

				{ "sid": "Build_Gymnasium",					"level": 1 },
				{ "sid": "Build_Lyceum", 		 			"level": 1 },
				{ "sid": "Build_Spy_Network", 		 		"level": 1 },

				{ "sid": "Build_Mother_Nature", 		 	"level": 1 },
				{ "sid": "Build_Mycelium_Roots", 		 	"level": 1 },
				{ "sid": "Build_Spring_of_Life", 		 	"level": 1 }
			]
		}
	]
}