{
	"array":
	[
		{
			"id": "magic_unnatural_calm_effect_0",

			"aiValue": 5100,
			"aiValuePerDuration": 255,
			
			"icon": "magic_unnatural_calm_effect_icon",
			"name_": "night_1_magic_unnatural_calm_name",
			"description_": "magic_unnatural_calm_effect_description",

			"tags": [ "negative" ],
			"isPositive": false,
			
			"addition": "duration",

			"data": {	"stats": 	{	"outDmgMods":	{	"list":	[	{ "t": "normal_damage", "v": -0.10 }	]	}	}	}
		},
		{
			"id": "magic_unnatural_calm_effect_1",

			"aiValue": 6000,
			"aiValuePerDuration": 300,
			
			"icon": "magic_unnatural_calm_effect_icon",
			"name_": "night_1_magic_unnatural_calm_name",
			"description_": "magic_unnatural_calm_effect_description",

			"tags": [ "negative" ],
			"isPositive": false,
			
			"addition": "duration",

			"data": {	"stats": 	{	"outDmgMods":	{	"list":	[	{ "t": "normal_damage", "v": -0.15 }	]	}	}	}
		},
		{
			"id": "magic_unnatural_calm_effect_2",

			"aiValue": 7400,
			"aiValuePerDuration": 370,
			
			"icon": "magic_unnatural_calm_effect_icon",
			"name_": "night_1_magic_unnatural_calm_name",
			"description_": "magic_unnatural_calm_effect_description",

			"tags": [ "negative" ],
			"isPositive": false,
			
			"addition": "duration",

			"data": {	"stats": 	{	"outDmgMods":	{	"list":	[	{ "t": "normal_damage", "v": -0.25 }	]	}	}	}
		},



		{
			"id": "magic_web_effect_0",

			"aiValue": 5100,
			"aiValuePerDuration": 255,
			
			"icon": "magic_web_effect_icon",
			"name_": "night_2_magic_web_name",
			"description_": "magic_web_effect_description",

			"tags": [ "negative", "movementNegative", "slowEffect", "slow" ],
			"isPositive": false,
			
			"addition": "duration",
			
			"data":	{
				"stats": 
				{
					"speed": -2
				}
			}
		},
		{
			"id": "magic_web_effect_1",

			"aiValue": 6000,
			"aiValuePerDuration": 300,
			
			"icon": "magic_web_effect_icon",
			"name_": "night_2_magic_web_name",
			"description_": "magic_web_effect_description",

			"tags": [ "negative", "movementNegative", "slowEffect", "slow" ],
			"isPositive": false,
			
			"addition": "duration",
			
			"data":	{
				"stats": 
				{
					"speed": -3
				}
			}
		},
		{
			"id": "magic_web_effect_2",

			"aiValue": 7400,
			"aiValuePerDuration": 370,
			
			"icon": "magic_web_effect_icon",
			"name_": "night_2_magic_web_name",
			"description_": "magic_web_effect_description",

			"tags": [ "negative", "movementNegative", "slowEffect", "slow" ],
			"isPositive": false,
			
			"addition": "duration",
			
			"data":	{
				"stats": 
				{
					"speed": -4
				}
			}
		},

		{
			"id": "magic_enlarge_shadow_effect_0",

			"aiValue": 3700,
			"aiValuePerDuration": 185,
			
			"icon": "magic_enlarge_shadow_effect_icon",
			"name_": "night_3_magic_enlarge_shadow_name",
			"description_": "magic_enlarge_shadow_effect_description",

			"tags": [ "positive", "enlargeShadowEffect" ],
			"isPositive": true,
			
			"addition": "duration",
			
			"data":	{	"stats": 	{	"offence": 2,	"defence": 2	}	}
		},
		{
			"id": "magic_enlarge_shadow_effect_1",

			"aiValue": 4300,
			"aiValuePerDuration": 215,
			
			"icon": "magic_enlarge_shadow_effect_icon",
			"name_": "night_3_magic_enlarge_shadow_name",
			"description_": "magic_enlarge_shadow_effect_description",

			"tags": [ "positive", "enlargeShadowEffect" ],
			"isPositive": true,
			
			"addition": "duration",
			
			"data":	{	"stats": 	{	"offence": 2,	"defence": 2	}	},

			"actions":
			[
				{
					"trigger": "start_round",
					
					"damageDealer": 
					{
						"tags": [ "passive" ],
						"triggerCounter": false,

						"castTargetParams":   
						{ 
							"targetTags": [ "unit" ],
							"castTarget_": "self",
							"targetCondition_": "alive",
							"selection": "object"
						},

						"affectTargetParams":   
						{ 
							"targetTags": [ "unit" ],
							"castTarget_": "self",
							"targetCondition_": "alive",
							"selection": "object"
						},

						"attackPatternSid": "attack_single_x100",	"damageTarget_": "none",	"damageType_": "none",	"buffTarget_": "all",

						"buff": 
						{
							"sid": "magic_enlarge_shadow_effect_1_bonus",
							"duration": 1
						},

						"targetMechanics":
						[

						]
					}
				}
			],

			"timeoutActions": 
			[
				{
					"trigger": "buff_timeout",
					"damageDealer": 
					{
						"tags": [ "passive" ],

						"castTargetParams": 
						{ 
							"targetTags": [ "unit" ],
							"castTarget_": "self" 
						},

						"affectTargetParams": 
						{ 
							"targetTags": [ "unit" ],
							"castTarget_": "self" 
						},

						"attackPatternSid": "attack_single_x100",	"damageTarget_": "none",	"damageType_": "none",

						"targetMechanics": 
						[ 
							{
								"mech": "dispel", "values":  [ "magic_enlarge_shadow_effect_1_bonus" ]
							}
						]
					}
				}
			]
		},
		{
			"id": "magic_enlarge_shadow_effect_1_bonus",

			"infinite": true,

			"aiValue": 4300,
			"aiValuePerDuration": 215,
			
			"icon": "magic_enlarge_shadow_effect_icon",
			"name_": "night_3_magic_enlarge_shadow_name",
			"description_": "magic_enlarge_shadow_effect_description",

			"tags": [ "positive", "enlargeShadowEffect", "magic_enlarge_shadow_effect_1_bonus" ],
			"isPositive": true,
			
			"addition": "duration",
			
			"data":	{	"stats": 	{	"offence": 2,	"defence": 2	}	}
		},

		{
			"id": "magic_enlarge_shadow_effect_2",

			"aiValue": 5400,
			"aiValuePerDuration": 540,
			
			"icon": "magic_enlarge_shadow_effect_icon",
			"name_": "night_3_magic_enlarge_shadow_name",
			"description_": "magic_enlarge_shadow_effect_description",

			"tags": [ "positive", "enlargeShadowEffect" ],
			"isPositive": true,
			
			"addition": "data",
			
			"data":	{	"stats": 	{	"offence": 4,	"defence": 4	}	}
		},



		{
			"id": "magic_despair_effect_old",

			"hidden": true, "infinite": true,

			"aiValue": 7400,
			"aiValuePerDuration": 370,
			
			"icon": "magic_despair_effect_icon",
			"name_": "night_4_magic_despair_name",
			"description_": "magic_despair_effect_description",

			"tags": [ "negative" ],
			"isPositive": false,
			
			"addition": "duration",

			"data":
			{
				"stats":
				{
					"blockEnergyRegen": true
				}
			},
			
			"statOverrides": [  {  "stat": "moral", "value": 0  } , {  "stat": "luck", "value": 0  } , {  "stat": "energyPerCast", "value": 0  } , {  "stat": "energyPerRound", "value": 0  } , {  "stat": "energyPerTakeDamage", "value": 0  }  ]
		},



		{
			"id": "magic_despair_effect",

			"aiValue": 7400,
			"aiValuePerDuration": 370,
			
			"icon": "magic_despair_effect_icon",
			"name_": "night_4_magic_despair_name",
			"description_": "magic_despair_effect_3_description",

			"tags": [ "negative" ],
			"isPositive": false,
			
			"addition": "none",

			"actions":
			[
				{
					"trigger": "start_turn",
					"triggerConditions": 
					[
						{
							"checkFunction": "allegiance",
							"values": [ "self" ]
						}
					],
					
					"damageDealer": 
					{
						"tags": [ "passive", "absolute_damage", "overTime_effect", "overTime_effect_curse" ],
						"triggerCounter": false,

						"attackPatternSid": "attack_single_x100",

						"castTargetParams":   
						{ 
							"targetTags": [ "unit" ],
							"castTarget_": "self",
							"targetCondition_": "alive",
							"selection": "object"
						},

						"affectTargetParams":   
						{ 
							"targetTags": [ "unit" ],
							"castTarget_": "self",
							"targetCondition_": "alive",
							"selection": "object"
						},

						"damageTarget_": "all",
						"damageType_": "absolute",
						"statDmgMult": 0.0,

						"minStackDmg": 6,
						"maxStackDmg": 6
					}
				}
			]
		},

		{
			"id": "magic_despair_effect_1",

			"aiValue": 7400,
			"aiValuePerDuration": 370,
			
			"icon": "magic_despair_effect_icon",
			"name_": "night_4_magic_despair_name",
			"description_": "magic_despair_effect_3_description",

			"tags": [ "negative" ],
			"isPositive": false,
			
			"addition": "none",

			"actions":
			[
				{
					"trigger": "start_turn",
					"triggerConditions": 
					[
						{
							"checkFunction": "allegiance",
							"values": [ "self" ]
						}
					],
					
					"damageDealer": 
					{
						"tags": [ "passive", "absolute_damage", "overTime_effect", "overTime_effect_curse" ],
						"triggerCounter": false,

						"attackPatternSid": "attack_single_x100",

						"castTargetParams":   
						{ 
							"targetTags": [ "unit" ],
							"castTarget_": "self",
							"targetCondition_": "alive",
							"selection": "object"
						},

						"affectTargetParams":   
						{ 
							"targetTags": [ "unit" ],
							"castTarget_": "self",
							"targetCondition_": "alive",
							"selection": "object"
						},

						"damageTarget_": "all",
						"damageType_": "absolute",
						"statDmgMult": 0.0,

						"minStackDmg": 12,
						"maxStackDmg": 12
					}
				}
			]
		},

		{
			"id": "magic_despair_effect_special",

			"aiValue": 9400,
			"aiValuePerDuration": 470,
			
			"icon": "magic_despair_effect_icon",
			"name_": "night_4_magic_despair_name",
			"description_": "magic_despair_effect_3_description",

			"tags": [ "negative" ],
			"isPositive": false,
			
			"addition": "none",

			"actions":
			[
				{
					"trigger": "start_turn",
					"triggerConditions": 
					[
						{
							"checkFunction": "allegiance",
							"values": [ "self" ]
						}
					],
					
					"damageDealer": 
					{
						"tags": [ "passive", "absolute_damage", "overTime_effect", "overTime_effect_curse" ],
						"triggerCounter": false,

						"attackPatternSid": "attack_single_x100",

						"castTargetParams":   
						{ 
							"targetTags": [ "unit" ],
							"castTarget_": "self",
							"targetCondition_": "alive",
							"selection": "object"
						},

						"affectTargetParams":   
						{ 
							"targetTags": [ "unit" ],
							"castTarget_": "self",
							"targetCondition_": "alive",
							"selection": "object"
						},

						"damageTarget_": "all",
						"damageType_": "absolute",
						"statDmgMult": 0.0,

						"minStackDmg": 12,
						"maxStackDmg": 12
					}
				}
			]
		},
		
		{
			"id": "magic_despair_effect_1_special",

			"aiValue": 9400,
			"aiValuePerDuration": 470,
			
			"icon": "magic_despair_effect_icon",
			"name_": "night_4_magic_despair_name",
			"description_": "magic_despair_effect_3_description",

			"tags": [ "negative" ],
			"isPositive": false,
			
			"addition": "none",

			"actions":
			[
				{
					"trigger": "start_turn",
					"triggerConditions": 
					[
						{
							"checkFunction": "allegiance",
							"values": [ "self" ]
						}
					],
					
					"damageDealer": 
					{
						"tags": [ "passive", "absolute_damage", "overTime_effect", "overTime_effect_curse" ],
						"triggerCounter": false,

						"attackPatternSid": "attack_single_x100",

						"castTargetParams":   
						{ 
							"targetTags": [ "unit" ],
							"castTarget_": "self",
							"targetCondition_": "alive",
							"selection": "object"
						},

						"affectTargetParams":   
						{ 
							"targetTags": [ "unit" ],
							"castTarget_": "self",
							"targetCondition_": "alive",
							"selection": "object"
						},

						"damageTarget_": "all",
						"damageType_": "absolute",
						"statDmgMult": 0.0,

						"minStackDmg": 24,
						"maxStackDmg": 24
					}
				}
			]
		},

		
		
		{
			"id": "magic_twilight_effect",

			"aiValue": 7600,
			"aiValuePerDuration": 380,
			
			"vfxList": [ "effects/status/debuff_distance_arrow_hex" ],

			"icon": "magic_twilight_effect_icon",
			"name_": "night_9_magic_twilight_name",
			"description_": "magic_twilight_effect_description",

			"tags": [ "negative", "twilightEffect" ],
			"isPositive": false,
			
			"addition": "duration",

			"data": 
			{
				"disablers":
				[
					{
						"ability": "all",
						"attack": "shoot"
					}
				]
			}
		},

		{
			"id": "magic_twilight_effect_1",

			"aiValue": 9400,
			"aiValuePerDuration": 470,
			
			"vfxList": [ "effects/status/debuff_distance_arrow_hex" ],

			"icon": "magic_twilight_effect_icon",
			"name_": "night_9_magic_twilight_name",
			"description_": "magic_twilight_effect_description_1",

			"tags": [ "negative", "twilightEffect" ],
			"isPositive": false,
			
			"addition": "duration",

			"data": 
			{
				"disablers":
				[
					{
						"ability": "all",
						"attack": "shoot"
					}
				],
				"stats": 	{	"outDmgMods":	{	"list":	[	{ "t": "melee_attack", "v": -0.15 }	]	}	}
			}
		},



		{
			"id": "magic_sleep_effect_0",

			"aiValue": 7600,
			"aiValuePerDuration": 380,
			
			"vfxList": [ "effects/status/dream_unit" ],

			"icon": "magic_sleep_effect_icon",
			"name_": "night_8_magic_sleep_name",
			"description_": "magic_sleep_effect_description",

			"tags": [ "negative", "sleep_effect" ],
			"isPositive": false,
			
			"addition": "duration",
			
			"mechanics":
			[
				{
					"trigger": "unit_took_damage",
					"mech": "zero_duration_on_damage",
					"values": [ "" ]
				}
			],

			"timeoutActions": 
			[
				{
					"trigger": "buff_timeout",
					"damageDealer": 
					{
						"tags": [ "buff", "sleep_effect" ],

						"castTargetParams": 
						{ 
							"targetTags": [ "unit" ],
							"castTarget_": "self" 
						},

						"affectTargetParams": 
						{ 
							"targetTags": [ "unit" ],
							"castTarget_": "self" 
						},

						"attackPatternSid": "attack_single_x100",	"damageTarget_": "ally",	"damageType_": "magic_pure",

						"buffTarget_": "all",
						"buff": 
						{
							"sid": "magic_sleep_ignore",
							"duration": 3
						},

						"targetMechanics": [ ]
					}
				}
			],

			"data":	
			{
				"sequenceEffect": "skip_turn",
				"disablers": 
				[
					{
						"ability": "counter_attack",
						"attack": "all"
					}
				]
			}
		},

		{
			"id": "magic_sleep_effect_1",

			"aiValue": 9400,
			"aiValuePerDuration": 470,
			
			"vfxList": [ "effects/status/dream_unit" ],

			"icon": "magic_sleep_effect_icon",
			"name_": "night_8_magic_sleep_name",
			"description_": "magic_sleep_effect_description_1",

			"tags": [ "negative", "sleep_effect" ],
			"isPositive": false,
			
			"addition": "duration",
			
			"mechanics":
			[
				{
					"trigger": "unit_took_damage",
					"mech": "add_duration_on_damage",
					"values": [ "-2", "all", "self" ]
				}
			],

			"timeoutActions": 
			[
				{
					"trigger": "buff_timeout",
					"damageDealer": 
					{
						"tags": [ "buff", "sleep_effect" ],

						"castTargetParams": 
						{ 
							"targetTags": [ "unit" ],
							"castTarget_": "self" 
						},

						"affectTargetParams": 
						{ 
							"targetTags": [ "unit" ],
							"castTarget_": "self" 
						},

						"attackPatternSid": "attack_single_x100",	"damageTarget_": "none",	"damageType_": "none",

						"buffTarget_": "all",
						"buff": 
						{
							"sid": "magic_sleep_ignore",
							"duration": 3
						},

						"targetMechanics": [ ]
					}
				}
			],

			"data":	
			{
				"sequenceEffect": "skip_turn",
				"disablers": 
				[
					{
						"ability": "counter_attack",
						"attack": "all"
					}
				]
			}
		},

		{
			"id": "magic_sleep_ignore",

			"infinite": true, "hidden": false, "canDispel": false, "dontMimic": true, "ignoreDurationBuffs": true,

			"icon": "magic_sleep_ignore_icon",
			"name_": "magic_sleep_ignore_effect_name",
			"description_": "magic_sleep_ignore_effect_description",

			"tags": [ "positive" ],
			"isPositive": true,
			
			"addition": "duration",

			"data": 
			{
				"immunities": 
				[ 
					{ "type": "effect", "tags": [ "sleep_effect" ] }
				]
			}
		},



		{
			"id": "magic_shade_cloak_effect_0",

			"aiValue": 5100,
			"aiValuePerDuration": 255,
			
			"maxDuration": 1,

			"icon": "magic_shade_cloak_effect_icon",
			"name_": "night_5_magic_shade_cloak_name",
			"description_": "magic_shade_cloak_effect_description_1",

			"tags": [ "positive" ],
			"isPositive": true,
			
			"addition": "duration",

			"mechanics":
			[
				{
					"trigger": "unit_took_damage",
					"mech": "zero_duration_on_damage",
					"values": [ "self", "all" ]
				},
				{
					"trigger": "unit_wait",
					"mech": "zero_duration_on_damage",
					"values": [ "self" ]
				},
				{
					"trigger": "unit_skip",
					"mech": "zero_duration_on_damage",
					"values": [ "self" ]
				},
				{
					"trigger": "unit_end_move",
					"mech": "zero_duration_on_damage",
					"values": [ "self" ]
				},
				{
					"trigger": "unit_cast_ability",
					"mech": "zero_duration_on_damage",
					"values": [ "self" ]
				}
			],

			"actions":	[	],

			"data": {	"stats": 	{	"untargetable": true	}	}
		},
		{
			"id": "magic_shade_cloak_effect_1",

			"aiValue": 6000,
			"aiValuePerDuration": 300,
			
			"maxDuration": 1,

			"icon": "magic_shade_cloak_effect_icon",
			"name_": "night_5_magic_shade_cloak_name",
			"description_": "magic_shade_cloak_effect_description_2",

			"tags": [ "positive" ],
			"isPositive": true,
			
			"addition": "duration",

			"mechanics":
			[
				{
					"trigger": "unit_took_damage",
					"mech": "zero_duration_on_damage",
					"values": [ "self", "all" ]
				},
				{
					"trigger": "unit_wait",
					"mech": "zero_duration_on_damage",
					"values": [ "self" ]
				},
				{
					"trigger": "unit_skip",
					"mech": "zero_duration_on_damage",
					"values": [ "self" ]
				},
				{
					"trigger": "unit_end_move",
					"mech": "zero_duration_on_damage",
					"values": [ "self" ]
				},
				{
					"trigger": "unit_cast_ability",
					"mech": "zero_duration_on_damage",
					"values": [ "self" ]
				}
			],

			"actions":	[	],

			"data": {	"stats": 	{	"untargetable": true, "outAllDmgMod": 0.15	}	}
		},
		{
			"id": "magic_shade_cloak_effect_2",

			"aiValue": 7400,
			"aiValuePerDuration": 370,
			
			"maxDuration": 1,

			"icon": "magic_shade_cloak_effect_icon",
			"name_": "night_5_magic_shade_cloak_name",
			"description_": "magic_shade_cloak_effect_description_2",

			"tags": [ "positive" ],
			"isPositive": true,
			
			"addition": "duration",

			"mechanics":
			[
				{
					"trigger": "unit_took_damage",
					"mech": "zero_duration_on_damage",
					"values": [ "self", "all" ]
				},
				{
					"trigger": "unit_wait",
					"mech": "zero_duration_on_damage",
					"values": [ "self" ]
				},
				{
					"trigger": "unit_skip",
					"mech": "zero_duration_on_damage",
					"values": [ "self" ]
				},
				{
					"trigger": "unit_end_move",
					"mech": "zero_duration_on_damage",
					"values": [ "self" ]
				},
				{
					"trigger": "unit_cast_ability",
					"mech": "zero_duration_on_damage",
					"values": [ "self" ]
				}
			],

			"actions":	[	],

			"data": {	"stats": 	{	"untargetable": true, "outAllDmgMod": 0.30	}	}
		},




		{
			"id": "magic_fatal_decay_effect_0",

			"aiValue": 3200,
			"aiValuePerDuration": 160,
			
			"vfxList": [ "effects/status/poisoning_unit" ],

			"keepOnDeath": true,

			"icon": "magic_fatal_decay_effect_icon",
			"name_": "night_7_magic_fatal_decay_name",
			"description_": "magic_fatal_decay_effect_description_1",

			"tags": [ "negative" ],
			"isPositive": false,

			"addition": "duration",

			"data": {	

				"immunities": 
				[ 
					{ "type": "mechanic", "tags": [ "heal" ] },
					{ "type": "mechanic", "tags": [ "heal_percent" ] },
					{ "type": "mechanic", "tags": [ "vampirism" ] },
					{ "type": "mechanic", "tags": [ "revive" ] }
				]
			}
		},
		{
			"id": "magic_fatal_decay_effect_1",

			"aiValue": 3700,
			"aiValuePerDuration": 185,
			
			"vfxList": [ "effects/status/poisoning_unit" ],

			"keepOnDeath": true,

			"icon": "magic_fatal_decay_effect_icon",
			"name_": "night_7_magic_fatal_decay_name",
			"description_": "magic_fatal_decay_effect_description_2",

			"tags": [ "negative" ],
			"isPositive": false,

			"addition": "duration",

			"data": {	
				
				"immunities": 
				[ 
					{ "type": "mechanic", "tags": [ "heal" ] },
					{ "type": "mechanic", "tags": [ "heal_percent" ] },
					{ "type": "mechanic", "tags": [ "vampirism" ] },
					{ "type": "mechanic", "tags": [ "revive" ] }
				],
			
				"stats": 	{	"hpPerc": -0.15	}
			}
		},
		{
			"id": "magic_fatal_decay_effect_2",

			"aiValue": 4300,
			"aiValuePerDuration": 215,
			
			"vfxList": [ "effects/status/poisoning_unit" ],

			"canDispel": false, "keepOnDeath": true,

			"icon": "magic_fatal_decay_effect_icon",
			"name_": "night_7_magic_fatal_decay_name",
			"description_": "magic_fatal_decay_effect_description_3",

			"tags": [ "negative" ],
			"isPositive": false,

			"addition": "duration",

			"data": {	
				
				"immunities": 
				[ 
					{ "type": "mechanic", "tags": [ "heal" ] },
					{ "type": "mechanic", "tags": [ "heal_percent" ] },
					{ "type": "mechanic", "tags": [ "vampirism" ] },
					{ "type": "mechanic", "tags": [ "revive" ] }
				],
			
				"stats": 	{	"hpPerc": -0.30	}
			}
		},
		{
			"id": "magic_fatal_decay_effect_3",

			"aiValue": 5400,
			"aiValuePerDuration": 540,

			"vfxList": [ "effects/status/poisoning_unit" ],

			"canDispel": false, "keepOnDeath": true,

			"icon": "magic_fatal_decay_effect_icon",
			"name_": "night_7_magic_fatal_decay_name",
			"description_": "magic_fatal_decay_effect_description_3",

			"tags": [ "negative" ],
			"isPositive": false,

			"addition": "duration",

			"data": {	
				
				"immunities": 
				[ 
					{ "type": "mechanic", "tags": [ "heal" ] },
					{ "type": "mechanic", "tags": [ "heal_percent" ] },
					{ "type": "mechanic", "tags": [ "vampirism" ] },
					{ "type": "mechanic", "tags": [ "revive" ] }
				],
			
				"stats": 	{	"hpPerc": -0.30	}
			}
		},



		{
			"id": "magic_silence_effect",

			"aiValue": 5400,
			"aiValuePerDuration": 540,
			
			"vfxList": [ "effects/status/silence_unit" ],

			"icon": "magic_silence_effect_icon",
			"name_": "night_10_magic_silence_name",
			"description_": "magic_silence_effect_description",

			"tags": [ "negative", "silenceEffect" ],
			"isPositive": false,

			"addition": "duration",

			"data": 
			{
				"disablers":
				[
					{
						"ability": "ability",
						"attack": "all"
					}
				]	
			},
			
			"statOverrides": [  {  "stat": "energyPerCast", "value": 0  } , {  "stat": "energyPerRound", "value": 0  } , {  "stat": "energyPerTakeDamage", "value": 0  }  ]
		},



		{
			"id": "magic_vulnerability_effect_0",

			"aiValue": 6500,
			"aiValuePerDuration": 325,
			
			"icon": "magic_vulnerability_effect_icon",
			"name_": "night_11_magic_vulnerability_name",
			"description_": "magic_vulnerability_effect_description",

			"tags": [ "negative" ],
			"isPositive": false,

			"addition": "duration",

			"data": {	"stats": 	{	"inAllDmgMod": 0.20	}	}
		},
		{
			"id": "magic_vulnerability_effect_1",

			"aiValue": 7600,
			"aiValuePerDuration": 380,
			
			"icon": "magic_vulnerability_effect_icon",
			"name_": "night_11_magic_vulnerability_name",
			"description_": "magic_vulnerability_effect_description",

			"tags": [ "negative" ],
			"isPositive": false,

			"addition": "duration",

			"data": {	"stats": 	{	"inAllDmgMod": 0.30	}	}
		},
		{
			"id": "magic_vulnerability_effect_2",

			"aiValue": 9400,
			"aiValuePerDuration": 470,
			
			"icon": "magic_vulnerability_effect_icon",
			"name_": "night_11_magic_vulnerability_name",
			"description_": "magic_vulnerability_effect_description",

			"tags": [ "negative" ],
			"isPositive": false,

			"addition": "duration",

			"data": {	"stats": 	{	"inAllDmgMod": 0.50	}	}
		},


		{
			"id": "magic_berserker_effect_0_no_damage",

			"aiValue": 0,
			"aiValuePerDuration": 0,
			
			"vfxList": [ "effects/status/berserk_unit" ],

			"icon": "magic_berserker_effect_icon",
			"name_": "night_13_magic_berserker_name",
			"description_": "magic_berserker_effect_description",

			"hidden": true, 

			"tags": [ "negative" ],
			"isPositive": false,

			"addition": "duration",

			"mechanics":
			[
				{
					"trigger": "unit_took_damage",
					"mech": "zero_duration_on_damage",
					"values": [ "self", "all" ]
				}
			]
		},
		{
			"id": "magic_berserker_effect_0",

			"aiValue": 0,
			"aiValuePerDuration": 0,
			
			"vfxList": [ "effects/status/berserk_unit" ],

			"icon": "magic_berserker_effect_icon",
			"name_": "night_13_magic_berserker_name",
			"description_": "magic_berserker_effect_description",

			"hidden": true, 

			"tags": [ "negative" ],
			"isPositive": false,

			"addition": "duration",

			"mechanics":
			[
				{
					"trigger": "unit_took_damage",
					"mech": "zero_duration_on_damage",
					"values": [ "self", "all" ]
				}
			],

			"data": {	"stats": 	{	"outAllDmgMod": 0.10	}	}
		},
		{
			"id": "magic_berserker_effect_1",

			"aiValue": 0,
			"aiValuePerDuration": 0,
			
			"vfxList": [ "effects/status/berserk_unit" ],

			"icon": "magic_berserker_effect_icon",
			"name_": "night_13_magic_berserker_name",
			"description_": "magic_berserker_effect_description",

			"hidden": true, 

			"tags": [ "negative" ],
			"isPositive": false,

			"addition": "duration",

			"mechanics":
			[
				{
					"trigger": "unit_took_damage",
					"mech": "zero_duration_on_damage",
					"values": [ "self", "all" ]
				}
			],

			"data": {	"stats": 	{	"outAllDmgMod": 0.20	}	}
		},
		{
			"id": "magic_berserker_effect_2",

			"aiValue": 0,
			"aiValuePerDuration": 0,
			
			"vfxList": [ "effects/status/berserk_unit" ],

			"icon": "magic_berserker_effect_icon",
			"name_": "night_13_magic_berserker_name",
			"description_": "magic_berserker_effect_description",

			"hidden": true, 

			"tags": [ "negative" ],
			"isPositive": false,

			"addition": "duration",

			"mechanics":
			[
				{
					"trigger": "unit_took_damage",
					"mech": "zero_duration_on_damage",
					"values": [ "self", "all" ]
				}
			],

			"data": {	"stats": 	{	"outAllDmgMod": 0.30	}	}
		},



		{
			"id": "magic_nairas_kiss_effect_0",

			"aiValue": 5100,
			"aiValuePerDuration": 255,
			
			"icon": "magic_nairas_kiss_effect_icon",
			"name_": "night_14_magic_nairas_kiss_name",
			"description_": "magic_nairas_kiss_effect_description",

			"tags": [ "negative" ],
			"isPositive": false,
			
			"addition": "duration",

			"actions":
			[
				{
					"trigger": "unit_wait",
					"triggerConditions": 
					[
						{
							"checkFunction": "allegiance",
							"values": [ "self" ]
						}
					],
					
					"damageDealer": 
					{
						"tags": [  ],
						"triggerCounter": false,

						"castTargetParams":   
						{ 
							"targetTags": [ "unit" ],
							"castTarget_": "self",
							"targetCondition_": "alive",
							"selection": "object"
						},

						"affectTargetParams":   
						{ 
							"targetTags": [ "unit" ],
							"castTarget_": "self",
							"targetCondition_": "alive",
							"selection": "object"
						},
						
						"attackPatternSid": "attack_single_x100",	"damageTarget_": "none",	"damageType_": "magic_pure",	"buffTarget_": "none",

						"minBaseDmg": 100,
						"maxBaseDmg": 100,
						"minStackDmg": 15,
						"maxStackDmg": 15,

						"targetMechanics": [ ]
					}
				},
				{
					"trigger": "unit_skip",
					"triggerConditions": 
					[
						{
							"checkFunction": "allegiance",
							"values": [ "self" ]
						}
					],
					
					"damageDealer": 
					{
						"tags": [  ],
						"triggerCounter": false,

						"castTargetParams":   
						{ 
							"targetTags": [ "unit" ],
							"castTarget_": "self",
							"targetCondition_": "alive",
							"selection": "object"
						},

						"affectTargetParams":   
						{ 
							"targetTags": [ "unit" ],
							"castTarget_": "self",
							"targetCondition_": "alive",
							"selection": "object"
						},
						
						"attackPatternSid": "attack_single_x100",	"damageTarget_": "none",	"damageType_": "magic_pure",	"buffTarget_": "none",

						"minBaseDmg": 100,
						"maxBaseDmg": 100,
						"minStackDmg": 15,
						"maxStackDmg": 15,

						"targetMechanics": [ ]
					}
				},
				{
					"trigger": "unit_end_move",
					"triggerConditions": 
					[
						{
							"checkFunction": "allegiance",
							"values": [ "self" ]
						}
					],
					
					"damageDealer": 
					{
						"tags": [  ],
						"triggerCounter": false,

						"castTargetParams":   
						{ 
							"targetTags": [ "unit" ],
							"castTarget_": "self",
							"targetCondition_": "alive",
							"selection": "object"
						},

						"affectTargetParams":   
						{ 
							"targetTags": [ "unit" ],
							"castTarget_": "self",
							"targetCondition_": "alive",
							"selection": "object"
						},
						
						"attackPatternSid": "attack_single_x100",	"damageTarget_": "none",	"damageType_": "magic_pure",	"buffTarget_": "none",

						"minBaseDmg": 100,
						"maxBaseDmg": 100,
						"minStackDmg": 15,
						"maxStackDmg": 15,

						"targetMechanics": [ ]
					}
				},
				{
					"trigger": "unit_cast_ability",
					"triggerConditions": 
					[
						{
							"checkFunction": "allegiance",
							"values": [ "self" ]
						}
					],
					
					"damageDealer": 
					{
						"tags": [  ],
						"triggerCounter": false,

						"castTargetParams":   
						{ 
							"targetTags": [ "unit" ],
							"castTarget_": "self",
							"targetCondition_": "alive",
							"selection": "object"
						},

						"affectTargetParams":   
						{ 
							"targetTags": [ "unit" ],
							"castTarget_": "self",
							"targetCondition_": "alive",
							"selection": "object"
						},
						
						"attackPatternSid": "attack_single_x100",	"damageTarget_": "none",	"damageType_": "magic_pure",	"buffTarget_": "none",

						"minBaseDmg": 100,
						"maxBaseDmg": 100,
						"minStackDmg": 15,
						"maxStackDmg": 15,

						"targetMechanics": [ ]
					}
				}
			]
		},
		{
			"id": "magic_nairas_kiss_effect_1",

			"aiValue": 6000,
			"aiValuePerDuration": 300,
			
			"icon": "magic_nairas_kiss_effect_icon",
			"name_": "night_14_magic_nairas_kiss_name",
			"description_": "magic_nairas_kiss_effect_description",

			"tags": [ "negative" ],
			"isPositive": false,
			
			"addition": "duration",
			
			"actions":
			[
				{
					"trigger": "unit_wait",
					"triggerConditions": 
					[
						{
							"checkFunction": "allegiance",
							"values": [ "self" ]
						}
					],
					
					"damageDealer": 
					{
						"tags": [  ],
						"triggerCounter": false,

						"castTargetParams":   
						{ 
							"targetTags": [ "unit" ],
							"castTarget_": "self",
							"targetCondition_": "alive",
							"selection": "object"
						},

						"affectTargetParams":   
						{ 
							"targetTags": [ "unit" ],
							"castTarget_": "self",
							"targetCondition_": "alive",
							"selection": "object"
						},
						
						"attackPatternSid": "attack_single_x100",	"damageTarget_": "all",	"damageType_": "magic_pure",	"buffTarget_": "none",

						"minBaseDmg": 200,
						"maxBaseDmg": 200,
						"minStackDmg": 15,
						"maxStackDmg": 15,

						"targetMechanics": [ ]
					}
				},
				{
					"trigger": "unit_skip",
					"triggerConditions": 
					[
						{
							"checkFunction": "allegiance",
							"values": [ "self" ]
						}
					],
					
					"damageDealer": 
					{
						"tags": [  ],
						"triggerCounter": false,

						"castTargetParams":   
						{ 
							"targetTags": [ "unit" ],
							"castTarget_": "self",
							"targetCondition_": "alive",
							"selection": "object"
						},

						"affectTargetParams":   
						{ 
							"targetTags": [ "unit" ],
							"castTarget_": "self",
							"targetCondition_": "alive",
							"selection": "object"
						},
						
						"attackPatternSid": "attack_single_x100",	"damageTarget_": "all",	"damageType_": "magic_pure",	"buffTarget_": "none",

						"minBaseDmg": 200,
						"maxBaseDmg": 200,
						"minStackDmg": 15,
						"maxStackDmg": 15,

						"targetMechanics": [ ]
					}
				},
				{
					"trigger": "unit_end_move",
					"triggerConditions": 
					[
						{
							"checkFunction": "allegiance",
							"values": [ "self" ]
						}
					],
					
					"damageDealer": 
					{
						"tags": [  ],
						"triggerCounter": false,

						"castTargetParams":   
						{ 
							"targetTags": [ "unit" ],
							"castTarget_": "self",
							"targetCondition_": "alive",
							"selection": "object"
						},

						"affectTargetParams":   
						{ 
							"targetTags": [ "unit" ],
							"castTarget_": "self",
							"targetCondition_": "alive",
							"selection": "object"
						},
						
						"attackPatternSid": "attack_single_x100",	"damageTarget_": "all",	"damageType_": "magic_pure",	"buffTarget_": "none",

						"minBaseDmg": 200,
						"maxBaseDmg": 200,
						"minStackDmg": 15,
						"maxStackDmg": 15,

						"targetMechanics": [ ]
					}
				},
				{
					"trigger": "unit_cast_ability",
					"triggerConditions": 
					[
						{
							"checkFunction": "allegiance",
							"values": [ "self" ]
						}
					],
					
					"damageDealer": 
					{
						"tags": [  ],
						"triggerCounter": false,

						"castTargetParams":   
						{ 
							"targetTags": [ "unit" ],
							"castTarget_": "self",
							"targetCondition_": "alive",
							"selection": "object"
						},

						"affectTargetParams":   
						{ 
							"targetTags": [ "unit" ],
							"castTarget_": "self",
							"targetCondition_": "alive",
							"selection": "object"
						},
						
						"attackPatternSid": "attack_single_x100",	"damageTarget_": "all",	"damageType_": "magic_pure",	"buffTarget_": "none",

						"minBaseDmg": 200,
						"maxBaseDmg": 200,
						"minStackDmg": 15,
						"maxStackDmg": 15,

						"targetMechanics": [ ]
					}
				}
			]
		},
		{
			"id": "magic_nairas_kiss_effect_2",

			"aiValue": 7400,
			"aiValuePerDuration": 370,
			
			"icon": "magic_nairas_kiss_effect_icon",
			"name_": "night_14_magic_nairas_kiss_name",
			"description_": "magic_nairas_kiss_effect_description_1",

			"tags": [ "negative" ],
			"isPositive": false,
			
			"addition": "duration",
			
			"actions":
			[
				{
					"trigger": "unit_wait",
					"triggerConditions": 
					[
						{
							"checkFunction": "allegiance",
							"values": [ "self" ]
						}
					],
					
					"damageDealer": 
					{
						"tags": [  ],
						"triggerCounter": false,

						"castTargetParams":   
						{ 
							"targetTags": [ "unit" ],
							"castTarget_": "self",
							"targetCondition_": "alive",
							"selection": "object"
						},

						"affectTargetParams":   
						{ 
							"targetTags": [ "unit" ],
							"castTarget_": "self",
							"targetCondition_": "alive",
							"selection": "object"
						},
						
						"attackPatternSid": "attack_single_x100",	"damageTarget_": "all",	"damageType_": "magic_pure",	"buffTarget_": "all",

						"minBaseDmg": 200,
						"maxBaseDmg": 200,
						"minStackDmg": 20,
						"maxStackDmg": 20,

						"targetMechanics": [ ]
					}
				},
				{
					"trigger": "unit_skip",
					"triggerConditions": 
					[
						{
							"checkFunction": "allegiance",
							"values": [ "self" ]
						}
					],
					
					"damageDealer": 
					{
						"tags": [  ],
						"triggerCounter": false,

						"castTargetParams":   
						{ 
							"targetTags": [ "unit" ],
							"castTarget_": "self",
							"targetCondition_": "alive",
							"selection": "object"
						},

						"affectTargetParams":   
						{ 
							"targetTags": [ "unit" ],
							"castTarget_": "self",
							"targetCondition_": "alive",
							"selection": "object"
						},
						
						"attackPatternSid": "attack_single_x100",	"damageTarget_": "all",	"damageType_": "magic_pure",	"buffTarget_": "all",

						"minBaseDmg": 200,
						"maxBaseDmg": 200,
						"minStackDmg": 20,
						"maxStackDmg": 20,

						"targetMechanics": [ ]
					}
				},
				{
					"trigger": "unit_end_move",
					"triggerConditions": 
					[
						{
							"checkFunction": "allegiance",
							"values": [ "self" ]
						}
					],
					
					"damageDealer": 
					{
						"tags": [  ],
						"triggerCounter": false,

						"castTargetParams":   
						{ 
							"targetTags": [ "unit" ],
							"castTarget_": "self",
							"targetCondition_": "alive",
							"selection": "object"
						},

						"affectTargetParams":   
						{ 
							"targetTags": [ "unit" ],
							"castTarget_": "self",
							"targetCondition_": "alive",
							"selection": "object"
						},
						
						"attackPatternSid": "attack_single_x100",	"damageTarget_": "all",	"damageType_": "magic_pure",	"buffTarget_": "all",

						"minBaseDmg": 200,
						"maxBaseDmg": 200,
						"minStackDmg": 20,
						"maxStackDmg": 20,

						"targetMechanics": [ ]
					}
				},
				{
					"trigger": "unit_cast_ability",
					"triggerConditions": 
					[
						{
							"checkFunction": "allegiance",
							"values": [ "self" ]
						}
					],
					
					"damageDealer": 
					{
						"tags": [  ],
						"triggerCounter": false,

						"castTargetParams":   
						{ 
							"targetTags": [ "unit" ],
							"castTarget_": "self",
							"targetCondition_": "alive",
							"selection": "object"
						},

						"affectTargetParams":   
						{ 
							"targetTags": [ "unit" ],
							"castTarget_": "self",
							"targetCondition_": "alive",
							"selection": "object"
						},
						
						"attackPatternSid": "attack_single_x100",	"damageTarget_": "all",	"damageType_": "magic_pure",	"buffTarget_": "all",

						"minBaseDmg": 200,
						"maxBaseDmg": 200,
						"minStackDmg": 20,
						"maxStackDmg": 20,

						"targetMechanics": [ ]
					}
				}
			]
		},
		{
			"id": "magic_nairas_kiss_effect_3",

			"aiValue": 7400,
			"aiValuePerDuration": 370,
			
			"icon": "magic_nairas_kiss_effect_icon",
			"name_": "night_14_magic_nairas_kiss_name",
			"description_": "magic_nairas_kiss_effect_description_1",

			"tags": [ "negative" ],
			"isPositive": false,
			
			"addition": "duration",
			
			"actions":
			[
				{
					"trigger": "unit_wait",
					"triggerConditions": 
					[
						{
							"checkFunction": "allegiance",
							"values": [ "self" ]
						}
					],
					
					"damageDealer": 
					{
						"tags": [  ],
						"triggerCounter": false,

						"castTargetParams":   
						{ 
							"targetTags": [ "unit" ],
							"castTarget_": "self",
							"targetCondition_": "alive",
							"selection": "object"
						},

						"affectTargetParams":   
						{ 
							"targetTags": [ "unit" ],
							"castTarget_": "self",
							"targetCondition_": "alive",
							"selection": "object"
						},
						
						"attackPatternSid": "attack_single_x100",	"damageTarget_": "all",	"damageType_": "magic_pure",	"buffTarget_": "all",

						"minBaseDmg": 200,
						"maxBaseDmg": 200,
						"minStackDmg": 20,
						"maxStackDmg": 20,

						"buff": 
						{
							"sid": "magic_nairas_kiss_slow_effect",
							"duration": 1
						},

						"targetMechanics": [ ]
					}
				},
				{
					"trigger": "unit_skip",
					"triggerConditions": 
					[
						{
							"checkFunction": "allegiance",
							"values": [ "self" ]
						}
					],
					
					"damageDealer": 
					{
						"tags": [  ],
						"triggerCounter": false,

						"castTargetParams":   
						{ 
							"targetTags": [ "unit" ],
							"castTarget_": "self",
							"targetCondition_": "alive",
							"selection": "object"
						},

						"affectTargetParams":   
						{ 
							"targetTags": [ "unit" ],
							"castTarget_": "self",
							"targetCondition_": "alive",
							"selection": "object"
						},
						
						"attackPatternSid": "attack_single_x100",	"damageTarget_": "all",	"damageType_": "magic_pure",	"buffTarget_": "all",

						"minBaseDmg": 200,
						"maxBaseDmg": 200,
						"minStackDmg": 20,
						"maxStackDmg": 20,

						"buff": 
						{
							"sid": "magic_nairas_kiss_slow_effect",
							"duration": 1
						},

						"targetMechanics": [ ]
					}
				},
				{
					"trigger": "unit_end_move",
					"triggerConditions": 
					[
						{
							"checkFunction": "allegiance",
							"values": [ "self" ]
						}
					],
					
					"damageDealer": 
					{
						"tags": [  ],
						"triggerCounter": false,

						"castTargetParams":   
						{ 
							"targetTags": [ "unit" ],
							"castTarget_": "self",
							"targetCondition_": "alive",
							"selection": "object"
						},

						"affectTargetParams":   
						{ 
							"targetTags": [ "unit" ],
							"castTarget_": "self",
							"targetCondition_": "alive",
							"selection": "object"
						},
						
						"attackPatternSid": "attack_single_x100",	"damageTarget_": "all",	"damageType_": "magic_pure",	"buffTarget_": "all",

						"minBaseDmg": 200,
						"maxBaseDmg": 200,
						"minStackDmg": 20,
						"maxStackDmg": 20,

						"buff": 
						{
							"sid": "magic_nairas_kiss_slow_effect",
							"duration": 1
						},

						"targetMechanics": [ ]
					}
				},
				{
					"trigger": "unit_cast_ability",
					"triggerConditions": 
					[
						{
							"checkFunction": "allegiance",
							"values": [ "self" ]
						}
					],
					
					"damageDealer": 
					{
						"tags": [  ],
						"triggerCounter": false,

						"castTargetParams":   
						{ 
							"targetTags": [ "unit" ],
							"castTarget_": "self",
							"targetCondition_": "alive",
							"selection": "object"
						},

						"affectTargetParams":   
						{ 
							"targetTags": [ "unit" ],
							"castTarget_": "self",
							"targetCondition_": "alive",
							"selection": "object"
						},
						
						"attackPatternSid": "attack_single_x100",	"damageTarget_": "all",	"damageType_": "magic_pure",	"buffTarget_": "all",

						"minBaseDmg": 200,
						"maxBaseDmg": 200,
						"minStackDmg": 20,
						"maxStackDmg": 20,

						"buff": 
						{
							"sid": "magic_nairas_kiss_slow_effect",
							"duration": 1
						},

						"targetMechanics": [ ]
					}
				}
			],

			"timeoutActions": 
			[
				{
					"trigger": "buff_timeout",
					"damageDealer": 
					{
						"tags": [ "buff" ],

						"castTargetParams":   
						{ 
							"targetTags": [ "unit" ],
							"castTarget_": "self",
							"targetCondition_": "alive",
							"selection": "object"
						},

						"affectTargetParams":   
						{ 
							"targetTags": [ "unit" ],
							"castTarget_": "self",
							"targetCondition_": "alive",
							"selection": "object"
						},

						"attackPatternSid": "attack_single_x100",	"damageTarget_": "none",	"damageType_": "none",	"buffTarget_": "all",

						"targetMechanics" : 
						[ 
							{ "mech": "dispel", "values":  [ "magic_nairas_kiss_slow_effect" ] }
						]
					}
				}
			]
		},

		{
			"id": "magic_nairas_kiss_slow_effect",

			"aiValue": 5100,
			"aiValuePerDuration": 255,

			"infinite": true,
			
			"icon": "magic_web_effect_icon",
			"name_": "night_14_magic_nairas_kiss_name",
			"description_": "magic_nairas_kiss_effect_description_2",

			"tags": [ "negative", "movementNegative", "magic_nairas_kiss_slow_effect" ],
			"isPositive": false,
			
			"addition": "data",
			
			"data":	{
				"stats": 
				{
					"speed": -1,
					"initiative": -1
				}
			}
		},


		{
			"id": "magic_nairas_kiss_effect_0_old",

			"aiValue": 5100,
			"aiValuePerDuration": 255,
			
			"icon": "magic_nairas_kiss_effect_icon",
			"name_": "night_14_magic_nairas_kiss_name",
			"description_": "magic_nairas_kiss_effect_description",

			"tags": [ "negative" ],
			"isPositive": false,
			
			"addition": "duration",
			
			"data":	{

			},

			"statOverrides": [  {  "stat": "offence", "value": 0  }, {  "stat": "defence", "value": 0  }  ]
		},
		{
			"id": "magic_nairas_kiss_effect_1_old",

			"aiValue": 6000,
			"aiValuePerDuration": 300,
			
			"icon": "magic_nairas_kiss_effect_icon",
			"name_": "night_14_magic_nairas_kiss_name",
			"description_": "magic_nairas_kiss_effect_description_1",

			"tags": [ "negative" ],
			"isPositive": false,
			
			"addition": "duration",
			
			"data":	{
				"stats": 
				{
					"moral": -999,
					"luck": -999
				}
			},

			"statOverrides": [  {  "stat": "offence", "value": 0  }, {  "stat": "defence", "value": 0  }  ]
		},
		{
			"id": "magic_nairas_kiss_effect_2_old",

			"aiValue": 7400,
			"aiValuePerDuration": 370,
			
			"icon": "magic_nairas_kiss_effect_icon",
			"name_": "night_14_magic_nairas_kiss_name",
			"description_": "magic_nairas_kiss_effect_description_2",

			"tags": [ "negative" ],
			"isPositive": false,
			
			"addition": "duration",
			
			"data":	{
				"stats": 
				{
					"moral": -999,
					"luck": -999,
					"skipActionChanceModifier": 0.03,
					"anticritChanceModifier": 0.03
				}
			},

			"statOverrides": [  {  "stat": "offence", "value": 0  }, {  "stat": "defence", "value": 0  }  ]
		},



		{
			"id": "magic_deaths_call_effect_0",

			"aiValue": 7900,
			"aiValuePerDuration": 395,

			"icon": "magic_deaths_call_effect_icon",
			"name_": "night_15_magic_deaths_call_name",
			"description_": "magic_deaths_call_effect_description",

			"tags": [ "negative" ],
			"isPositive": false,
			
			"addition": "duration",

			"actions":
			[
				{
					"trigger": "unit_took_damage",
					"triggerConditions": 
					[
						{
							"checkFunction": "allegiance",
							"values": [ "self" ]
						}
					],
					
					"damageDealer": 
					{
						"tags": [  ],
						"triggerCounter": false,

						"castTargetParams":   
						{ 
							"targetTags": [ "unit" ],
							"castTarget_": "self",
							"targetCondition_": "alive",
							"selection": "object"
						},

						"affectTargetParams":   
						{ 
							"targetTags": [ "unit" ],
							"castTarget_": "self",
							"targetCondition_": "alive",
							"selection": "object"
						},
						
						"attackPatternSid": "attack_single_x100",	"damageTarget_": "none",	"damageType_": "none",	"buffTarget_": "none",

						"targetMechanics": 
						[
							{ "mech": "assasinate", "values": [ "0.20", "0.0" ] }
						]
					}
				}
			]
		},

		{
			"id": "magic_deaths_call_effect_1",

			"aiValue": 9200,
			"aiValuePerDuration": 460,

			"icon": "magic_deaths_call_effect_icon",
			"name_": "night_15_magic_deaths_call_name",
			"description_": "magic_deaths_call_effect_description",

			"tags": [ "negative" ],
			"isPositive": false,
			
			"addition": "duration",

			"actions":
			[
				{
					"trigger": "unit_took_damage",
					"triggerConditions": 
					[
						{
							"checkFunction": "allegiance",
							"values": [ "self" ]
						}
					],
					
					"damageDealer": 
					{
						"tags": [  ],
						"triggerCounter": false,

						"castTargetParams":   
						{ 
							"targetTags": [ "unit" ],
							"castTarget_": "self",
							"targetCondition_": "alive",
							"selection": "object"
						},

						"affectTargetParams":   
						{ 
							"targetTags": [ "unit" ],
							"castTarget_": "self",
							"targetCondition_": "alive",
							"selection": "object"
						},
						
						"attackPatternSid": "attack_single_x100",	"damageTarget_": "none",	"damageType_": "none",	"buffTarget_": "none",

						"targetMechanics": 
						[
							{ "mech": "assasinate", "values": [ "0.30", "0.0" ] }
						]
					}
				}
			]
		},

		{
			"id": "magic_deaths_call_effect_2",

			"aiValue": 11400,
			"aiValuePerDuration": 570,

			"icon": "magic_deaths_call_effect_icon",
			"name_": "night_15_magic_deaths_call_name",
			"description_": "magic_deaths_call_effect_description",

			"tags": [ "negative" ],
			"isPositive": false,
			
			"addition": "duration",

			"actions":
			[
				{
					"trigger": "unit_took_damage",
					"triggerConditions": 
					[
						{
							"checkFunction": "allegiance",
							"values": [ "self" ]
						}
					],
					
					"damageDealer": 
					{
						"tags": [  ],
						"triggerCounter": false,

						"castTargetParams":   
						{ 
							"targetTags": [ "unit" ],
							"castTarget_": "self",
							"targetCondition_": "alive",
							"selection": "object"
						},

						"affectTargetParams":   
						{ 
							"targetTags": [ "unit" ],
							"castTarget_": "self",
							"targetCondition_": "alive",
							"selection": "object"
						},
						
						"attackPatternSid": "attack_single_x100",	"damageTarget_": "none",	"damageType_": "none",	"buffTarget_": "none",

						"targetMechanics": 
						[
							{ "mech": "assasinate", "values": [ "0.40", "0.0" ] }
						]
					}
				}
			]
		},



		{
			"id": "magic_mind_control_effect_0",

			"icon": "magic_mind_control_effect_icon",
			"name_": "magic_mind_control_effect_name",
			"description_": "magic_mind_control_effect_description",

			"tags": [ "negative" ],
			"isPositive": false,
			
			"addition": "save_old",
			
			"data":	{
				"stats": 
				{

				}
			}
		},
		{
			"id": "magic_mind_control_effect_1",

			"icon": "magic_mind_control_effect_icon",
			"name_": "magic_mind_control_effect_name",
			"description_": "magic_mind_control_effect_description",

			"tags": [ "negative" ],
			"isPositive": false,
			
			"addition": "save_old",
			
			"data":	{
				"stats": 
				{

				}
			}
		},
		{
			"id": "magic_mind_control_effect_2",

			"icon": "magic_mind_control_effect_icon",
			"name_": "magic_mind_control_effect_name",
			"description_": "magic_mind_control_effect_description",

			"tags": [ "negative" ],
			"isPositive": false,
			
			"addition": "save_old",
			
			"data":	{
				"stats": 
				{

				}
			}
		},



		{
			"id": "night_12_magic_summon_starchild_silence_effect",

			"infinite": true, "hidden": true, "canDispel": false, "dontMimic": true, "dontTriggerAction": true, "keepOnDeath": true,

			"vfxList": [ "effects/status/silence_unit" ],

			"icon": "magic_silence_effect_icon",
			"name_": "night_10_magic_silence_name",
			"description_": "magic_silence_effect_description",

			"tags": [  ],
			"isPositive": false,

			"addition": "duration",

			"data": 
			{
				"disablers":
				[
					{
						"ability": "ability",
						"attack": "all"
					}
				]	
			}
		},








		{
			"id": "magic_unnatural_calm_effect_0_special",

			"aiValue": 6500,
			"aiValuePerDuration": 325,
			
			"icon": "magic_unnatural_calm_effect_icon",
			"name_": "night_1_magic_unnatural_calm_name",
			"description_": "magic_unnatural_calm_effect_description_special",

			"tags": [ "negative" ],
			"isPositive": false,
			
			"addition": "duration",

			"data": {	"stats": 	{	"outDmgMods":	{	"list":	[	{ "t": "normal_damage", "v": -0.10 }	]	}	}	,	"alwaysMinDmg":	true	}
		},
		{
			"id": "magic_unnatural_calm_effect_1_special",

			"aiValue": 7600,
			"aiValuePerDuration": 380,
			
			"icon": "magic_unnatural_calm_effect_icon",
			"name_": "night_1_magic_unnatural_calm_name",
			"description_": "magic_unnatural_calm_effect_description_special",

			"tags": [ "negative" ],
			"isPositive": false,
			
			"addition": "duration",

			"data": {	"stats": 	{	"outDmgMods":	{	"list":	[	{ "t": "normal_damage", "v": -0.15 }	]	}	}	,	"alwaysMinDmg":	true	}
		},
		{
			"id": "magic_unnatural_calm_effect_2_special",

			"aiValue": 9400,
			"aiValuePerDuration": 470,
			
			"icon": "magic_unnatural_calm_effect_icon",
			"name_": "night_1_magic_unnatural_calm_name",
			"description_": "magic_unnatural_calm_effect_description_special",

			"tags": [ "negative" ],
			"isPositive": false,
			
			"addition": "duration",

			"data": {	"stats": 	{	"outDmgMods":	{	"list":	[	{ "t": "normal_damage", "v": -0.25 }	]	}	}	,	"alwaysMinDmg":	true	}
		},
		



		{
			"id": "magic_web_effect_0_special",

			"aiValue": 6500,
			"aiValuePerDuration": 325,
			
			"canDispel": false,

			"icon": "magic_web_effect_icon",
			"name_": "night_2_magic_web_name",
			"description_": "magic_web_effect_description_special",

			"tags": [ "negative", "movementNegative", "slowEffect", "slow" ],
			"isPositive": false,
			
			"addition": "duration",
			
			"data":	{
				"stats": 
				{
					"speed": -2
				}
			}
		},
		{
			"id": "magic_web_effect_1_special",

			"aiValue": 7600,
			"aiValuePerDuration": 380,
			
			"canDispel": false,

			"icon": "magic_web_effect_icon",
			"name_": "night_2_magic_web_name",
			"description_": "magic_web_effect_description_special",

			"tags": [ "negative", "movementNegative", "slowEffect", "slow" ],
			"isPositive": false,
			
			"addition": "duration",
			
			"data":	{
				"stats": 
				{
					"speed": -3
				}
			}
		},
		{
			"id": "magic_web_effect_2_special",

			"aiValue": 9400,
			"aiValuePerDuration": 470,
			
			"canDispel": false,

			"icon": "magic_web_effect_icon",
			"name_": "night_2_magic_web_name",
			"description_": "magic_web_effect_description_special",

			"tags": [ "negative", "movementNegative", "slowEffect", "slow" ],
			"isPositive": false,
			
			"addition": "duration",
			
			"data":	{
				"stats": 
				{
					"speed": -4
				}
			}
		},




		{
			"id": "magic_fatal_decay_effect_0_special",

			"aiValue": 5100,
			"aiValuePerDuration": 255,
			
			"vfxList": [ "effects/status/poisoning_unit" ],

			"canDispel": false,
			"keepOnDeath": true,

			"icon": "magic_fatal_decay_effect_icon",
			"name_": "night_7_magic_fatal_decay_name",
			"description_": "magic_fatal_decay_effect_description_1_special",

			"tags": [ "negative" ],
			"isPositive": false,

			"addition": "duration",

			"data": {	

				"immunities": 
				[ 
					{ "type": "mechanic", "tags": [ "heal" ] },
					{ "type": "mechanic", "tags": [ "heal_percent" ] },
					{ "type": "mechanic", "tags": [ "vampirism" ] },
					{ "type": "mechanic", "tags": [ "revive" ] }
				]
			}
		},
		{
			"id": "magic_fatal_decay_effect_1_special",

			"aiValue": 6000,
			"aiValuePerDuration": 300,
			
			"vfxList": [ "effects/status/poisoning_unit" ],

			"canDispel": false,
			"keepOnDeath": true,

			"icon": "magic_fatal_decay_effect_icon",
			"name_": "night_7_magic_fatal_decay_name",
			"description_": "magic_fatal_decay_effect_description_2_special",

			"tags": [ "negative" ],
			"isPositive": false,

			"addition": "duration",

			"data": {	
				
				"immunities": 
				[ 
					{ "type": "mechanic", "tags": [ "heal" ] },
					{ "type": "mechanic", "tags": [ "heal_percent" ] },
					{ "type": "mechanic", "tags": [ "vampirism" ] },
					{ "type": "mechanic", "tags": [ "revive" ] }
				],
			
				"stats": 	{	"hpPerc": -0.15	}	}
		},
		{
			"id": "magic_fatal_decay_effect_2_special",

			"aiValue": 7400,
			"aiValuePerDuration": 370,
			
			"vfxList": [ "effects/status/poisoning_unit" ],

			"canDispel": false,
			"keepOnDeath": true,

			"icon": "magic_fatal_decay_effect_icon",
			"name_": "night_7_magic_fatal_decay_name",
			"description_": "magic_fatal_decay_effect_description_2_special",

			"tags": [ "negative" ],
			"isPositive": false,

			"addition": "duration",

			"data": {	
				
				"immunities": 
				[ 
					{ "type": "mechanic", "tags": [ "heal" ] },
					{ "type": "mechanic", "tags": [ "heal_percent" ] },
					{ "type": "mechanic", "tags": [ "vampirism" ] },
					{ "type": "mechanic", "tags": [ "revive" ] }
				],
			
				"stats": 	{	"hpPerc": -0.30	}	}
		},



		{
			"id": "magic_vulnerability_effect_0_special",

			"aiValue": 7900,
			"aiValuePerDuration": 395,
			
			"icon": "magic_vulnerability_effect_icon",
			"name_": "night_11_magic_vulnerability_name",
			"description_": "magic_vulnerability_effect_description_special",

			"tags": [ "negative" ],
			"isPositive": false,

			"addition": "duration",

			"data": {	"stats": 	{	"inAllDmgMod": 0.20		,	"alwaysTakeMaxDmg":	true	}	}
		},
		{
			"id": "magic_vulnerability_effect_1_special",

			"aiValue": 9200,
			"aiValuePerDuration": 460,
			
			"icon": "magic_vulnerability_effect_icon",
			"name_": "night_11_magic_vulnerability_name",
			"description_": "magic_vulnerability_effect_description_special",

			"tags": [ "negative" ],
			"isPositive": false,

			"addition": "duration",

			"data": {	"stats": 	{	"inAllDmgMod": 0.30		,	"alwaysTakeMaxDmg":	true	}	}
		},
		{
			"id": "magic_vulnerability_effect_2_special",

			"aiValue": 11400,
			"aiValuePerDuration": 570,
			
			"icon": "magic_vulnerability_effect_icon",
			"name_": "night_11_magic_vulnerability_name",
			"description_": "magic_vulnerability_effect_description_special",

			"tags": [ "negative" ],
			"isPositive": false,

			"addition": "duration",

			"data": {	"stats": 	{	"inAllDmgMod": 0.50		,	"alwaysTakeMaxDmg":	true	}	}
		}
	]
}
