{
	"array":
	[
		{
			"id": "magic_sharp_edge_effect_0",

			"aiValue": 5600,
			"aiValuePerDuration": 280,

			"icon": "magic_sharp_edge_effect_icon",
			"name_": "day_2_magic_sharp_edge_name",
			"description_": "magic_sharp_edge_effect_description",

			"tags": [ "positive" ],	"addition": "duration",
			"isPositive": true,

			"data": {	"stats": 	{	"outDmgMods":	{	"list":	[	{ "t": "normal_damage", "v": 0.10 }	]	}	}	}
		},
		{
			"id": "magic_sharp_edge_effect_1",

			"aiValue": 6500,
			"aiValuePerDuration": 325,
			
			"icon": "magic_sharp_edge_effect_icon",
			"name_": "day_2_magic_sharp_edge_name",
			"description_": "magic_sharp_edge_effect_description",

			"tags": [ "positive" ],	"addition": "duration",
			"isPositive": true,

			"data": {	"stats": 	{	"outDmgMods":	{	"list":	[	{ "t": "normal_damage", "v": 0.15 }	]	}	}	}
		},
		{
			"id": "magic_sharp_edge_effect_2",

			"aiValue": 9400,
			"aiValuePerDuration": 470,

			"icon": "magic_sharp_edge_effect_icon",
			"name_": "day_2_magic_sharp_edge_name",
			"description_": "magic_sharp_edge_effect_description",

			"tags": [ "positive" ],	"addition": "duration",
			"isPositive": true,

			"data": {	"stats": 	{	"outDmgMods":	{	"list":	[	{ "t": "normal_damage", "v": 0.25 }	]	}	}	}
		},



		{
			"id": "magic_haste_effect_0",

			"aiValue": 4400,
			"aiValuePerDuration": 220,

			"icon": "magic_haste_effect_icon",
			"name_": "day_3_magic_haste_name",
			"description_": "magic_haste_effect_description",

			"tags": [ "positive", "movementPositive", "hasteEffect", "haste" ],
			"isPositive": true,
			
			"addition": "duration",

			"data": 
			{
				"stats": 
				{
					"speed": 2
				}
			}
		},
		{
			"id": "magic_haste_effect_1",

			"aiValue": 6000,
			"aiValuePerDuration": 300,

			"icon": "magic_haste_effect_icon",
			"name_": "day_3_magic_haste_name",
			"description_": "magic_haste_effect_description",

			"tags": [ "positive", "movementPositive", "hasteEffect", "haste" ],
			"isPositive": true,
			
			"addition": "duration",

			"data": 
			{
				"stats": 
				{
					"speed": 3
				}
			}
		},
		{
			"id": "magic_haste_effect_2",

			"aiValue": 7400,
			"aiValuePerDuration": 370,

			"icon": "magic_haste_effect_icon",
			"name_": "day_3_magic_haste_name",
			"description_": "magic_haste_effect_description",

			"tags": [ "positive", "movementPositive", "hasteEffect", "haste" ],
			"isPositive": true,
			
			"addition": "duration",

			"data": 
			{
				"stats": 
				{
					"speed": 4
				}
			}
		},



		{
			"id": "magic_favorable_wind_effect_0",

			"aiValue": 3200,
			"aiValuePerDuration": 160,

			"icon": "magic_favorable_wind_effect_icon",
			"name_": "day_4_magic_favorable_wind_name",
			"description_": "magic_favorable_wind_effect_description",

			"tags": [ "positive" ],
			"isPositive": true,
			
			"addition": "duration",

			"data": {	"stats": 	{	"outDmgMods":	{	"list":	[	{ "t": "shoot_attack", "v": 0.15 } , { "t": "range_attack", "v": 0.15 }	]	}	}	}
		},
		{
			"id": "magic_favorable_wind_effect_1",

			"aiValue": 3700,
			"aiValuePerDuration": 185,

			"icon": "magic_favorable_wind_effect_icon",
			"name_": "day_4_magic_favorable_wind_name",
			"description_": "magic_favorable_wind_effect_description",

			"tags": [ "positive" ],
			"isPositive": true,
			
			"addition": "duration",

			"data": {	"stats": 	{	"outDmgMods":	{	"list":	[	{ "t": "shoot_attack", "v": 0.20 } , { "t": "range_attack", "v": 0.20 }	]	}	}	}
		},
		{
			"id": "magic_favorable_wind_effect_2",

			"aiValue": 4300,
			"aiValuePerDuration": 215,

			"icon": "magic_favorable_wind_effect_icon",
			"name_": "day_4_magic_favorable_wind_name",
			"description_": "magic_favorable_wind_effect_description",

			"tags": [ "positive" ],
			"isPositive": true,
			
			"addition": "duration",

			"data": {	"stats": 	{	"outDmgMods":	{	"list":	[	{ "t": "shoot_attack", "v": 0.30 } , { "t": "range_attack", "v": 0.30 }	]	}	}	}
		},
		{
			"id": "magic_favorable_wind_effect_3",

			"aiValue": 5400,
			"aiValuePerDuration": 540,

			"icon": "magic_favorable_wind_effect_icon",
			"name_": "day_4_magic_favorable_wind_name",
			"description_": "magic_favorable_wind_effect_description",

			"tags": [ "positive" ],
			"isPositive": true,
			
			"addition": "duration",

			"data": {	"stats": 	{	"outDmgMods":	{	"list":	[	{ "t": "shoot_attack", "v": 0.45 } , { "t": "range_attack", "v": 0.45 }	]	}	}	}
		},



		{
			"id": "magic_masterful_parry_effect_0",

			"aiValue": 7900,
			"aiValuePerDuration": 395,
			"vfxList": [ "effects/status/buff_counterstrike_unit" ],

			"icon": "magic_masterful_parry_effect_icon",
			"name_": "day_11_magic_masterful_parry_name",
			"description_": "magic_masterful_parry_effect_description",

			"tags": [ "positive", "parryEffect" ],
			"isPositive": true,
			
			"addition": "duration",

			"data": {
				"sequenceEffect": "counter_before_attack"
			}
		},
		{
			"id": "magic_masterful_parry_effect_1",

			"aiValue": 9200,
			"aiValuePerDuration": 460,
			"vfxList": [ "effects/status/buff_counterstrike_unit" ],

			"icon": "magic_masterful_parry_effect_icon",
			"name_": "day_11_magic_masterful_parry_name",
			"description_": "magic_masterful_parry_effect_1_description",

			"tags": [ "positive", "parryEffect" ],
			"isPositive": true,
			
			"addition": "duration",

			"data": {
				"sequenceEffect": "counter_before_attack",
				"stats": 	{	"numCounters": 1, "outDmgMods":	{	"list":	[	{ "t": "counter_attack", "v": 0.15 }	]	}	}
			}
		},
		{
			"id": "magic_masterful_parry_effect_2",

			"aiValue": 11400,
			"aiValuePerDuration": 570,
			"vfxList": [ "effects/status/buff_counterstrike_unit" ],

			"icon": "magic_masterful_parry_effect_icon",
			"name_": "day_11_magic_masterful_parry_name",
			"description_": "magic_masterful_parry_effect_2_description",

			"tags": [ "positive", "parryEffect" ],
			"isPositive": true,
			
			"addition": "duration",

			"data": {
				"sequenceEffect": "counter_before_attack",
				"stats": 	{	"numCounters": 1, "outDmgMods":	{	"list":	[	{ "t": "counter_attack", "v": 0.15 }	]	}	}
			}
		},



		{
			"id": "magic_shorten_shadow_effect_0",

			"aiValue": 3700,
			"aiValuePerDuration": 185,

			"icon": "magic_shorten_shadow_effect_icon",
			"name_": "day_5_magic_shorten_shadow_name",
			"description_": "magic_shorten_shadow_effect_description",

			"tags": [ "negative", "shortenShadowEffect" ],
			"isPositive": false,
			
			"addition": "duration",

			"data": {	"stats": 	{	"defence": -2,	"offence": -2	}	}
		},
		{
			"id": "magic_shorten_shadow_effect_1",

			"aiValue": 4300,
			"aiValuePerDuration": 215,

			"icon": "magic_shorten_shadow_effect_icon",
			"name_": "day_5_magic_shorten_shadow_name",
			"description_": "magic_shorten_shadow_effect_description",

			"tags": [ "negative", "shortenShadowEffect" ],
			"isPositive": false,
			
			"addition": "duration",

			"data": {	"stats": 	{	"defence": -2,	"offence": -2	}	},

			"actions":
			[
				{
					"trigger": "start_round",
					
					"damageDealer": 
					{
						"tags": [ "passive" ],
						"triggerCounter": false,

						"castTargetParams":   
						{ 
							"targetTags": [ "unit" ],
							"castTarget_": "self",
							"targetCondition_": "alive",
							"selection": "object"
						},

						"affectTargetParams":   
						{ 
							"targetTags": [ "unit" ],
							"castTarget_": "self",
							"targetCondition_": "alive",
							"selection": "object"
						},

						"attackPatternSid": "attack_single_x100",	"damageTarget_": "none",	"damageType_": "none",	"buffTarget_": "all",

						"buff": 
						{
							"sid": "magic_shorten_shadow_effect_1_bonus",
							"duration": 1
						},

						"targetMechanics":
						[

						]
					}
				}
			],

			"timeoutActions": 
			[
				{
					"trigger": "buff_timeout",
					"damageDealer": 
					{
						"tags": [ "passive" ],

						"castTargetParams": 
						{ 
							"targetTags": [ "unit" ],
							"castTarget_": "self" 
						},

						"affectTargetParams": 
						{ 
							"targetTags": [ "unit" ],
							"castTarget_": "self" 
						},

						"attackPatternSid": "attack_single_x100",	"damageTarget_": "none",	"damageType_": "none",

						"targetMechanics": 
						[ 
							{
								"mech": "dispel", "values":  [ "magic_shorten_shadow_effect_1_bonus" ]
							}
						]
					}
				}
			]
		},
		{
			"id": "magic_shorten_shadow_effect_1_bonus",

			"infinite": true,

			"aiValue": 4300,
			"aiValuePerDuration": 215,

			"icon": "magic_shorten_shadow_effect_icon",
			"name_": "day_5_magic_shorten_shadow_name",
			"description_": "magic_shorten_shadow_effect_description",

			"tags": [ "negative", "shortenShadowEffect", "magic_shorten_shadow_effect_1_bonus" ],
			"isPositive": false,
			
			"addition": "data",

			"data": {	"stats": 	{	"defence": -2,	"offence": -2	}	}
		},

		{
			"id": "magic_shorten_shadow_effect_2",

			"aiValue": 5400,
			"aiValuePerDuration": 270,

			"icon": "magic_shorten_shadow_effect_icon",
			"name_": "day_5_magic_shorten_shadow_name",
			"description_": "magic_shorten_shadow_effect_description",

			"tags": [ "negative", "shortenShadowEffect" ],
			"isPositive": false,
			
			"addition": "combined",

			"data": {	"stats": 	{	"defence": -4,	"offence": -4	}	}
		},



		{
			"id": "magic_taunt_effect_0",

			"aiValue": 5100,
			"aiValuePerDuration": 255,

			"vfxList": [ "effects/status/taunt_hex" ],

			"icon": "magic_taunt_effect_icon",
			"name_": "day_8_magic_taunt_name",
			"description_": "magic_taunt_effect_description",

			"tags": [ "positive" ],
			"isPositive": true,
			
			"addition": "duration",

			"mechanics":
			[
				{
					"trigger": "unit_took_damage",
					"mech": "add_duration_on_damage",
					"values": [ "-1", "all", "self" ]
				}
			],

			"data": {	"stats": 	{	"tauntRadius": 2	}	}
		},
		{
			"id": "magic_taunt_effect_1",

			"aiValue": 6000,
			"aiValuePerDuration": 300,
			
			"vfxList": [ "effects/status/taunt_hex" ],

			"icon": "magic_taunt_effect_icon",
			"name_": "day_8_magic_taunt_name",
			"description_": "magic_taunt_effect_description",

			"tags": [ "positive" ],
			"isPositive": true,
			
			"addition": "duration",

			"mechanics":
			[
				{
					"trigger": "unit_took_damage",
					"mech": "add_duration_on_damage",
					"values": [ "-1", "all", "self" ]
				}
			],

			"data": {	"stats": 	{	"tauntRadius": 3	}	}
		},
		{
			"id": "magic_taunt_effect_2",

			"aiValue": 7400,
			"aiValuePerDuration": 370,
			
			"vfxList": [ "effects/status/taunt_hex" ],

			"icon": "magic_taunt_effect_icon",
			"name_": "day_8_magic_taunt_name",
			"description_": "magic_taunt_effect_description",

			"tags": [ "positive" ],
			"isPositive": true,
			
			"addition": "duration",

			"mechanics":
			[
				{
					"trigger": "unit_took_damage",
					"mech": "add_duration_on_damage",
					"values": [ "-1", "all", "self" ]
				}
			],

			"data": {	"stats": 	{	"tauntRadius": 4	}	}
		},



		{
			"id": "magic_arinas_hymn_effect_0",

			"aiValue": 9300,
			"aiValuePerDuration": 465,
			
			"icon": "magic_arinas_hymn_effect_icon",
			"name_": "day_9_magic_arinas_hymn_name",
			"description_": "magic_arinas_hymn_effect_description_alt",

			"tags": [ "positive", "movementPositive" ],
			"isPositive": true,
			
			"addition": "duration",

			"data": {	"stats": 	{	"initiative": 1,	"hpPerc": 0.10	}	}
		},
		{
			"id": "magic_arinas_hymn_effect_1",

			"aiValue": 10800,
			"aiValuePerDuration": 540,
			
			"icon": "magic_arinas_hymn_effect_icon",
			"name_": "day_9_magic_arinas_hymn_name",
			"description_": "magic_arinas_hymn_effect_description_alt",

			"tags": [ "positive", "movementPositive" ],
			"isPositive": true,
			
			"addition": "duration",

			"data": {	"stats": 	{	"initiative": 1,	"hpPerc": 0.20	}	}
		},
		{
			"id": "magic_arinas_hymn_effect_2",

			"aiValue": 13400,
			"aiValuePerDuration": 670,
			
			"icon": "magic_arinas_hymn_effect_icon",
			"name_": "day_9_magic_arinas_hymn_name",
			"description_": "magic_arinas_hymn_effect_description_alt",

			"tags": [ "positive", "movementPositive" ],
			"isPositive": true,
			
			"addition": "duration",

			"data": {	"stats": 	{	"initiative": 2,	"hpPerc": 0.20	}	}
		},



		{
			"id": "magic_second_song_effect_0",

			"aiValue": 4300,
			"aiValuePerDuration": 215,
			
			"icon": "magic_second_song_effect_icon",
			"name_": "day_10_magic_second_song_name",
			"description_": "magic_second_song_effect_description",

			"tags": [ "positive" ],
			"isPositive": true,
			
			"addition": "duration",

			"data": {	"stats": 	{	"finalHealingBonusPercent": 0.25,		"finalAbilityDamageBonusPercent": 0.25,	"finalSummonBonusPercent": 0.25	}	}
		},
		{
			"id": "magic_second_song_effect_1",

			"aiValue": 5400,
			"aiValuePerDuration": 540,
			
			"icon": "magic_second_song_effect_icon",
			"name_": "day_10_magic_second_song_name",
			"description_": "magic_second_song_effect_description",

			"tags": [ "positive" ],
			"isPositive": true,
			
			"addition": "duration",

			"data": {	"stats": 	{	"finalHealingBonusPercent": 0.50,		"finalAbilityDamageBonusPercent": 0.5,	"finalSummonBonusPercent": 0.5	}	}
		},



		{
			"id": "magic_inner_light_effect_0",

			"aiValue": 6000,
			"aiValuePerDuration": 300,
			
			"icon": "magic_second_song_effect_icon",
			"name_": "day_7_magic_inner_light_name",
			"description_": "magic_inner_light_effect_description",

			"tags": [ "positive" ],
			"isPositive": true,
			
			"addition": "duration",

			"data": {	"stats": 	{	"energyPerCast": 1	}	}
		},
		{
			"id": "magic_inner_light_effect_1",

			"aiValue": 7400,
			"aiValuePerDuration": 370,
			
			"icon": "magic_second_song_effect_icon",
			"name_": "day_7_magic_inner_light_name",
			"description_": "magic_inner_light_effect_1_description",

			"tags": [ "positive" ],
			"isPositive": true,
			
			"addition": "duration",

			"data": {	"stats": 	{	"energyPerCast": 1, "energyPerTakeDamage": 1	}	}
		},



		{
			"id": "magic_vengeance_effect_0",

			"aiValue": 11400,
			"aiValuePerDuration": 570,
			
			"icon": "magic_second_song_effect_icon",
			"name_": "day_14_magic_vengeance_name",
			"description_": "magic_vengeance_effect_description",

			"vfxList": [ "effects/status/buff_fire_shield_hex" ],

			"tags": [ "positive" ],
			"isPositive": true,
			
			"addition": "duration",
			"actions":
			[
				{
					"trigger": "unit_took_damage",
					"triggerConditions": 
					[
						{
							"checkFunction": "allegiance",
							"values": [ "self" ]
						}
					],

					"damageDealer": 
					{
						"tags": [ "passive" ],
						"triggerCounter": false,

						"damageTarget_": "none",
						"statDmgMult": 0.0,

						"attackPatternSid": "attack_single_x100",

						"castTargetParams":   
						{
							"targetTags": [ "unit" ],
							"castTarget_": "self",
							"targetCondition_": "all"
						},

						"affectTargetParams":   
						{
							"targetTags": [ "unit" ],
							"castTarget_": "self",
							"targetCondition_": "all"
						},

						"targetMechanics":
						[
							{ "mech": "revenge_damage", "values": [ "flat", "magic_pure", "100", "15", "1", "8", "melee" ] }
						]
					}
				}
			]
		},
		{
			"id": "magic_vengeance_effect_1",

			"aiValue": 7900,
			"aiValuePerDuration": 395,
			
			"icon": "magic_second_song_effect_icon",
			"name_": "day_14_magic_vengeance_name",
			"description_": "magic_vengeance_effect_description",

			"vfxList": [ "effects/status/buff_fire_shield_hex" ],

			"tags": [ "positive" ],
			"isPositive": true,
			
			"addition": "duration",
			"actions":
			[
				{
					"trigger": "unit_took_damage",
					"triggerConditions": 
					[
						{
							"checkFunction": "allegiance",
							"values": [ "self" ]
						}
					],

					"damageDealer": 
					{
						"tags": [ "passive" ],
						"triggerCounter": false,

						"damageTarget_": "none",
						"statDmgMult": 0.0,

						"attackPatternSid": "attack_single_x100",

						"castTargetParams":   
						{
							"targetTags": [ "unit" ],
							"castTarget_": "self",
							"targetCondition_": "all"
						},

						"affectTargetParams":   
						{
							"targetTags": [ "unit" ],
							"castTarget_": "self",
							"targetCondition_": "all"
						},

						"targetMechanics":
						[
							{ "mech": "revenge_damage", "values": [ "flat", "magic_pure", "100", "20", "1", "8", "melee" ] }
						]
					}
				}
			]
		},
		{
			"id": "magic_vengeance_effect_2",

			"aiValue": 9200,
			"aiValuePerDuration": 460,
			
			"icon": "magic_second_song_effect_icon",
			"name_": "day_14_magic_vengeance_name",
			"description_": "magic_vengeance_effect_1_description",

			"vfxList": [ "effects/status/buff_fire_shield_hex" ],

			"tags": [ "positive" ],
			"isPositive": true,
			
			"addition": "duration",
			"actions":
			[
				{
					"trigger": "unit_took_damage",
					"triggerConditions": 
					[
						{
							"checkFunction": "allegiance",
							"values": [ "self" ]
						}
					],

					"damageDealer": 
					{
						"tags": [ "passive" ],
						"triggerCounter": false,

						"damageTarget_": "none",
						"statDmgMult": 0.0,

						"attackPatternSid": "attack_single_x100",

						"castTargetParams":   
						{
							"targetTags": [ "unit" ],
							"castTarget_": "self",
							"targetCondition_": "all"
						},

						"affectTargetParams":   
						{
							"targetTags": [ "unit" ],
							"castTarget_": "self",
							"targetCondition_": "all"
						},

						"targetMechanics":
						[
							{ "mech": "revenge_damage", "values": [ "flat", "magic_pure", "100", "20", "1", "8", "melee" ] },
							{ "mech": "revenge_damage", "values": [ "flat", "magic_pure", "100", "20", "1", "8", "range" ] },
							{ "mech": "revenge_damage", "values": [ "flat", "magic_pure", "100", "20", "1", "8", "shoot" ] }
						]
					}
				}
			]
		},



		{
			"id": "magic_radiant_armor_effect_0",

			"aiValue": 8000,
			"aiValuePerDuration": 400,			
			"icon": "magic_radiant_armor_effect_icon",
			"name_": "day_12_magic_radiant_armor_name",
			"description_": "magic_radiant_armor_effect_description",

			"tags": [ "positive" ],
			"isPositive": true,
			
			"addition": "duration",

			"data": {	"stats": 	{	"inAllDmgMod": -0.20	}	}
		},
		{
			"id": "magic_radiant_armor_effect_1",
			
			"aiValue": 9300,
			"aiValuePerDuration": 465,	
			"icon": "magic_radiant_armor_effect_icon",
			"name_": "day_12_magic_radiant_armor_name",
			"description_": "magic_radiant_armor_effect_description",

			"tags": [ "positive" ],
			"isPositive": true,
			
			"addition": "duration",

			"data": {	"stats": 	{	"inAllDmgMod": -0.25	}	}
		},
		{
			"id": "magic_radiant_armor_effect_2",

			"aiValue": 10800,
			"aiValuePerDuration": 540,			
			"icon": "magic_radiant_armor_effect_icon",
			"name_": "day_12_magic_radiant_armor_name",
			"description_": "magic_radiant_armor_effect_description",

			"tags": [ "positive" ],
			"isPositive": true,
			
			"addition": "duration",

			"data": {	"stats": 	{	"inAllDmgMod": -0.35	}	}
		},



		{
			"id": "magic_holy_arms_effect_0",

			"aiValue": 9300,
			"aiValuePerDuration": 465,

			"icon": "magic_holy_arms_effect_icon",
			"name_": "day_13_magic_holy_arms_name",
			"description_": "magic_holy_arms_effect_description",

			"tags": [ "positive" ],
			"isPositive": true,
			
			"addition": "duration",

			"data": 
			{	
				
			},
			"actions":
			[
				{
					"trigger": "unit_took_damage",
					"triggerConditions": 
					[
						{
							"checkFunction": "allegiance_both",
							"values": [ "self", "enemy" ]
						}
					],

					"damageDealer": 
					{
						"tags": [ "passive" ],
						"triggerCounter": false,

						"damageTarget_": "none",
						"statDmgMult": 0.0,

						"attackPatternSid": "attack_single_x100",

						"castTargetParams":   
						{
							"targetTags": [ "unit" ],
							"castTarget_": "self",
							"targetCondition_": "alive"
						},

						"affectTargetParams":   
						{
							"targetTags": [ "unit" ],
							"castTarget_": "self",
							"targetCondition_": "alive"
						},

						"targetMechanics":
						[
							{ "mech": "damage", "values": [ "50", "0", "1", "none", "0", "true" ] }
						]
					}
				},
				{
					"trigger": "unit_took_damage",
					"triggerConditions": 
					[
						{
							"checkFunction": "allegiance_both",
							"values": [ "self", "enemy" ]
						}
					],

					"damageDealer": 
					{
						"tags": [ "passive", "undead_immunities", "embodiment_immunities", "construct_immunities" ],
						"triggerCounter": false,

						"damageTarget_": "none",
						"statDmgMult": 0.0,

						"attackPatternSid": "attack_single_x100",

						"castTargetParams":   
						{
							"targetTags": [ "unit" ],
							"castTarget_": "self",
							"targetCondition_": "alive"
						},

						"affectTargetParams":   
						{
							"targetTags": [ "unit" ],
							"castTarget_": "self",
							"targetCondition_": "alive"
						},

						"targetMechanics":
						[
							{	"mech": "heal",	"values":	[ "50" ,  "0" ,  "0" , "without respawn" ] }
						]
					}
				}
			]
		},
		{
			"id": "magic_holy_arms_effect_1",

			"aiValue": 10800,
			"aiValuePerDuration": 540,			
			"icon": "magic_holy_arms_effect_icon",
			"name_": "day_13_magic_holy_arms_name",
			"description_": "magic_holy_arms_effect_description",

			"tags": [ "positive" ],
			"isPositive": true,
			
			"addition": "duration",

			"data": 
			{	
				
			},
			"actions":
			[
				{
					"trigger": "unit_took_damage",
					"triggerConditions": 
					[
						{
							"checkFunction": "allegiance_both",
							"values": [ "self", "enemy" ]
						}
					],

					"damageDealer": 
					{
						"tags": [ "passive" ],
						"triggerCounter": false,

						"damageTarget_": "none",
						"statDmgMult": 0.0,

						"attackPatternSid": "attack_single_x100",

						"castTargetParams":   
						{
							"targetTags": [ "unit" ],
							"castTarget_": "self",
							"targetCondition_": "alive"
						},

						"affectTargetParams":   
						{
							"targetTags": [ "unit" ],
							"castTarget_": "self",
							"targetCondition_": "alive"
						},

						"targetMechanics":
						[
							{ "mech": "damage", "values": [ "100", "0", "1", "none", "0", "true" ] }
						]
					}
				},
				{
					"trigger": "unit_took_damage",
					"triggerConditions": 
					[
						{
							"checkFunction": "allegiance_both",
							"values": [ "self", "enemy" ]
						}
					],

					"damageDealer": 
					{
						"tags": [ "passive", "undead_immunities", "embodiment_immunities", "construct_immunities" ],
						"triggerCounter": false,

						"damageTarget_": "none",
						"statDmgMult": 0.0,

						"attackPatternSid": "attack_single_x100",

						"castTargetParams":   
						{
							"targetTags": [ "unit" ],
							"castTarget_": "self",
							"targetCondition_": "alive"
						},

						"affectTargetParams":   
						{
							"targetTags": [ "unit" ],
							"castTarget_": "self",
							"targetCondition_": "alive"
						},

						"targetMechanics":
						[
							{	"mech": "heal",	"values":	[ "100" ,  "0" ,  "0" , "without respawn" ] }
						]
					}
				}
			]
		},
		{
			"id": "magic_holy_arms_effect_2",

			"aiValue": 13400,
			"aiValuePerDuration": 670,

			"icon": "magic_holy_arms_effect_icon",
			"name_": "day_13_magic_holy_arms_name",
			"description_": "magic_holy_arms_effect_description",

			"tags": [ "positive" ],
			"isPositive": true,
			
			"addition": "duration",

			"data": 
			{	
				
			},
			"actions":
			[
				{
					"trigger": "unit_took_damage",
					"triggerConditions": 
					[
						{
							"checkFunction": "allegiance_both",
							"values": [ "self", "enemy" ]
						}
					],

					"damageDealer": 
					{
						"tags": [ "passive" ],
						"triggerCounter": false,

						"damageTarget_": "none",
						"statDmgMult": 0.0,

						"attackPatternSid": "attack_single_x100",

						"castTargetParams":   
						{
							"targetTags": [ "unit" ],
							"castTarget_": "self",
							"targetCondition_": "alive"
						},

						"affectTargetParams":   
						{
							"targetTags": [ "unit" ],
							"castTarget_": "self",
							"targetCondition_": "alive"
						},

						"targetMechanics":
						[
							{ "mech": "damage", "values": [ "100", "0", "1", "none", "0", "true" ] },
							{ "mech": "destroy_summon",	"values": [  ] },
							{ "mech": "destroy_temp_stacks", "values": [  ] }
						]
					}
				},
				{
					"trigger": "unit_took_damage",
					"triggerConditions": 
					[
						{
							"checkFunction": "allegiance_both",
							"values": [ "self", "enemy" ]
						}
					],

					"damageDealer": 
					{
						"tags": [ "passive", "undead_immunities", "embodiment_immunities", "construct_immunities" ],
						"triggerCounter": false,

						"damageTarget_": "none",
						"statDmgMult": 0.0,

						"attackPatternSid": "attack_single_x100",

						"castTargetParams":   
						{
							"targetTags": [ "unit" ],
							"castTarget_": "self",
							"targetCondition_": "alive"
						},

						"affectTargetParams":   
						{
							"targetTags": [ "unit" ],
							"castTarget_": "self",
							"targetCondition_": "alive"
						},

						"targetMechanics":
						[
							{	"mech": "heal",	"values":	[ "100" ,  "0" ,  "0" , "without respawn" ] }
						]
					}
				}
			]
		},



		{
			"id": "magic_arinas_chosen_effect_0",

			"aiValue": 5100,
			"aiValuePerDuration": 255,
			
			"vfxList": [ "effects/status/arina_shield_unit" ],

			"icon": "magic_arinas_chosen_effect_icon",
			"name_": "day_16_magic_arinas_chosen_name",
			"description_": "magic_arinas_chosen_effect_description",

			"tags": [ "positive" ],
			"isPositive": true,
			
			"addition": "duration",

			"mechanics":
			[
				{
					"trigger": "unit_took_damage",
					"mech": "add_duration_on_damage",
					"values": [ "-1", "all", "self" ]
				}
			],
			
			"data": {	"stats": { "healthLimitMinPercent": 0.20 }	}
		},
		{
			"id": "magic_arinas_chosen_effect_1",

			"aiValue": 6000,
			"aiValuePerDuration": 300,
			
			"vfxList": [ "effects/status/arina_shield_unit" ],

			"icon": "magic_arinas_chosen_effect_icon",
			"name_": "day_16_magic_arinas_chosen_name",
			"description_": "magic_arinas_chosen_effect_description",

			"tags": [ "positive" ],
			"isPositive": true,
			
			"addition": "duration",

			"mechanics":
			[
				{
					"trigger": "unit_took_damage",
					"mech": "add_duration_on_damage",
					"values": [ "-1", "all", "self" ]
				}
			],
			
			"data": {	"stats": { "healthLimitMinPercent": 0.35 }	}
		},
		{
			"id": "magic_arinas_chosen_effect_2",

			"aiValue": 7400,
			"aiValuePerDuration": 370,
			
			"vfxList": [ "effects/status/arina_shield_unit" ],

			"icon": "magic_arinas_chosen_effect_icon",
			"name_": "day_16_magic_arinas_chosen_name",
			"description_": "magic_arinas_chosen_effect_description",

			"tags": [ "positive" ],
			"isPositive": true,
			
			"addition": "duration",

			"mechanics":
			[
				{
					"trigger": "unit_took_damage",
					"mech": "add_duration_on_damage",
					"values": [ "-1", "all", "self" ]
				}
			],
			
			"data": {	"stats": { "healthLimitMinPercent": 0.50 }	}
		},





		{
			"id": "day_1_magic_healing_water_effect",

			"maxDuration": 2,

			"aiValue": 6500,
			"aiValuePerDuration": 325,
			
			"icon": "day_1_magic_healing_water_effect_special_icon",
			"name_": "day_1_magic_healing_water_name",
			"description_": "healing_water_effect_special_description",

			"tags": [ "positive", "overTime_effect" ],
			"isPositive": true, "ignoreDurationBuffs": true,

			"addition": "none",

			"actions":
			[
				{
					"trigger": "start_round",
					
					"damageDealer": 
					{
						"tags": [ "passive", "overTime_effect" ],
						"triggerCounter": false,

						"castTargetParams":   
						{ 
							"targetTags": [ "unit" ],
							"castTarget_": "self",
							"targetCondition_": "alive",
							"selection": "object"
						},

						"affectTargetParams":   
						{ 
							"targetTags": [ "unit" ],
							"castTarget_": "self",
							"targetCondition_": "alive",
							"selection": "object"
						},

						"attackPatternSid": "attack_single_x100",	"damageTarget_": "none",	"damageType_": "none",
						"targetMechanics":
						[
							{
								"mech": "heal",	"values":	[ "25" ,  "1" ,  "10" , "without respawn" ]
							}
						]
					}
				}
			]
		},
		{
			"id": "day_1_magic_healing_water_effect_special",

			"maxDuration": 2,

			"aiValue": 7600,
			"aiValuePerDuration": 380,
			
			"icon": "day_1_magic_healing_water_effect_special_icon",
			"name_": "day_1_magic_healing_water_name",
			"description_": "healing_water_effect_special_1_description",

			"tags": [ "positive", "overTime_effect" ],
			"isPositive": true, "ignoreDurationBuffs": true,

			"addition": "none",

			"actions":
			[
				{
					"trigger": "start_round",
					
					"damageDealer": 
					{
						"tags": [ "passive", "overTime_effect" ],
						"triggerCounter": false,

						"castTargetParams":   
						{ 
							"targetTags": [ "unit" ],
							"castTarget_": "self",
							"targetCondition_": "alive",
							"selection": "object"
						},

						"affectTargetParams":   
						{ 
							"targetTags": [ "unit" ],
							"castTarget_": "self",
							"targetCondition_": "alive",
							"selection": "object"
						},

						"attackPatternSid": "attack_single_x100",	"damageTarget_": "none",	"damageType_": "none",
						"targetMechanics":
						[
							{
								"mech": "heal",	"values":	[ "25" ,  "1" ,  "10" , "without respawn" ]
							},
							{
								"mech": "dispel", "values":  [ "negative" ]
							}
						]
					}
				}
			]
		},

		{
			"id": "day_1_magic_healing_water_effect_0_special",

			"aiValue": 6500,
			"aiValuePerDuration": 325,
			
			"icon": "day_1_magic_healing_water_effect_special_icon",
			"name_": "day_1_magic_healing_water_name",
			"description_": "healing_water_effect_special_description",

			"tags": [ "positive", "overTime_effect" ],
			"isPositive": true, "ignoreDurationBuffs": true,

			"addition": "none",

			"actions":
			[
				{
					"trigger": "start_turn",
					"triggerConditions": 
					[
						{
							"checkFunction": "allegiance",
							"values": [ "self" ]
						}
					],
					
					"damageDealer": 
					{
						"tags": [ "passive", "overTime_effect" ],
						"triggerCounter": false,

						"castTargetParams":   
						{ 
							"targetTags": [ "unit" ],
							"castTarget_": "self",
							"targetCondition_": "alive",
							"selection": "object"
						},

						"affectTargetParams":   
						{ 
							"targetTags": [ "unit" ],
							"castTarget_": "self",
							"targetCondition_": "alive",
							"selection": "object"
						},

						"attackPatternSid": "attack_single_x100",	"damageTarget_": "none",	"damageType_": "none",
						"targetMechanics":
						[
							{
								"mech": "heal",	"values":	[ "25" ,  "1" ,  "5" , "without respawn" ]
							}
						]
					}
				}
			]
		},
		{
			"id": "day_1_magic_healing_water_effect_1_special",

			"aiValue": 7600,
			"aiValuePerDuration": 380,
			
			"icon": "day_1_magic_healing_water_effect_special_icon",
			"name_": "day_1_magic_healing_water_name",
			"description_": "healing_water_effect_special_1_description_alt",

			"tags": [ "positive", "overTime_effect" ],
			"isPositive": true, "ignoreDurationBuffs": true,

			"addition": "none",

			"actions":
			[
				{
					"trigger": "start_turn",
					"triggerConditions": 
					[
						{
							"checkFunction": "allegiance",
							"values": [ "self" ]
						}
					],
					
					"damageDealer": 
					{
						"tags": [ "passive", "overTime_effect" ],
						"triggerCounter": false,

						"castTargetParams":   
						{ 
							"targetTags": [ "unit" ],
							"castTarget_": "self",
							"targetCondition_": "alive",
							"selection": "object"
						},

						"affectTargetParams":   
						{ 
							"targetTags": [ "unit" ],
							"castTarget_": "self",
							"targetCondition_": "alive",
							"selection": "object"
						},

						"attackPatternSid": "attack_single_x100",	"damageTarget_": "none",	"damageType_": "none",
						"targetMechanics":
						[
							{
								"mech": "heal",	"values":	[ "25" ,  "1" ,  "5" , "without respawn" ]
							},
							{
								"mech": "add_buff_duration", "values":  [ "negative", "-2", "0", "1", "negative" ]
							}
						]
					}
				}
			]
		},
		{
			"id": "day_1_magic_healing_water_effect_2_special",

			"aiValue": 9400,
			"aiValuePerDuration": 470,
			
			"icon": "day_1_magic_healing_water_effect_special_icon",
			"name_": "day_1_magic_healing_water_name",
			"description_": "healing_water_effect_special_1_description_alt",

			"tags": [ "positive", "overTime_effect" ],
			"isPositive": true, "ignoreDurationBuffs": true,

			"addition": "none",

			"actions":
			[
				{
					"trigger": "start_turn",
					"triggerConditions": 
					[
						{
							"checkFunction": "allegiance",
							"values": [ "self" ]
						}
					],
					
					"damageDealer": 
					{
						"tags": [ "passive", "overTime_effect" ],
						"triggerCounter": false,

						"castTargetParams":   
						{ 
							"targetTags": [ "unit" ],
							"castTarget_": "self",
							"targetCondition_": "alive",
							"selection": "object"
						},

						"affectTargetParams":   
						{ 
							"targetTags": [ "unit" ],
							"castTarget_": "self",
							"targetCondition_": "alive",
							"selection": "object"
						},

						"attackPatternSid": "attack_single_x100",	"damageTarget_": "none",	"damageType_": "none",
						"targetMechanics":
						[
							{
								"mech": "heal",	"values":	[ "25" ,  "1" ,  "10" , "without respawn" ]
							},
							{
								"mech": "add_buff_duration", "values":  [ "negative", "-2", "0", "1", "negative" ]
							}
						]
					}
				}
			]
		},



		{
			"id": "magic_sharp_edge_effect_0_special",

			"aiValue": 7900,
			"aiValuePerDuration": 395,
			
			"icon": "magic_sharp_edge_effect_icon",
			"name_": "day_2_magic_sharp_edge_name",
			"description_": "magic_sharp_edge_effect_description_special",

			"tags": [ "positive" ],	"addition": "duration",
			"isPositive": true,

			"data": {	"stats": 	{	"outDmgMods":	{	"list":	[	{ "t": "normal_damage", "v": 0.10 }	]	}	,	"alwaysMaxDmg":	true	}	}
		},
		{
			"id": "magic_sharp_edge_effect_1_special",

			"aiValue": 9200,
			"aiValuePerDuration": 460,
			
			"icon": "magic_sharp_edge_effect_icon",
			"name_": "day_2_magic_sharp_edge_name",
			"description_": "magic_sharp_edge_effect_description_special",

			"tags": [ "positive" ],	"addition": "duration",
			"isPositive": true,

			"data": {	"stats": 	{	"outDmgMods":	{	"list":	[	{ "t": "normal_damage", "v": 0.20 }	]	}	,	"alwaysMaxDmg":	true	}	}
		},
		{
			"id": "magic_sharp_edge_effect_2_special",

			"aiValue": 11400,
			"aiValuePerDuration": 570,
			
			"icon": "magic_sharp_edge_effect_icon",
			"name_": "day_2_magic_sharp_edge_name",
			"description_": "magic_sharp_edge_effect_description_special",

			"tags": [ "positive" ],	"addition": "duration",
			"isPositive": true,

			"data": {	"stats": 	{	"outDmgMods":	{	"list":	[	{ "t": "normal_damage", "v": 0.40 }	]	}	,	"alwaysMaxDmg":	true	}	}
		},



		{
			"id": "magic_haste_effect_0_special",

			"aiValue": 6500,
			"aiValuePerDuration": 325,
			
			"canDispel": false,

			"icon": "magic_haste_effect_icon",
			"name_": "day_3_magic_haste_name",
			"description_": "magic_haste_effect_description_special",

			"tags": [ "positive", "movementPositive", "hasteEffect", "haste" ],
			"isPositive": true,
			
			"addition": "duration",

			"data": 
			{
				"stats": 
				{
					"speed": 1
				}
			}
		},
		{
			"id": "magic_haste_effect_1_special",

			"aiValue": 7600,
			"aiValuePerDuration": 380,
			
			"canDispel": false,

			"icon": "magic_haste_effect_icon",
			"name_": "day_3_magic_haste_name",
			"description_": "magic_haste_effect_description_special",

			"tags": [ "positive", "movementPositive", "hasteEffect", "haste" ],
			"isPositive": true,
			
			"addition": "duration",

			"data": 
			{
				"stats": 
				{
					"speed": 2
				}
			}
		},
		{
			"id": "magic_haste_effect_2_special",

			"aiValue": 9400,
			"aiValuePerDuration": 470,
			
			"canDispel": false,

			"icon": "magic_haste_effect_icon",
			"name_": "day_3_magic_haste_name",
			"description_": "magic_haste_effect_description_special",

			"tags": [ "positive", "movementPositive", "hasteEffect", "haste" ],
			"isPositive": true,
			
			"addition": "duration",

			"data": 
			{
				"stats": 
				{
					"speed": 4
				}
			}
		},



		{
			"id": "magic_arinas_hymn_effect_0_special",

			"aiValue": 7900,
			"aiValuePerDuration": 395,
			
			"icon": "magic_arinas_hymn_effect_icon",
			"name_": "day_9_magic_arinas_hymn_name",
			"description_": "magic_arinas_hymn_effect_description",

			"tags": [ "positive", "movementPositive" ],
			"isPositive": true,
			
			"addition": "duration",

			"data": {	"stats": 	{	"speed": 1,		"initiative": 1,	"hpPerc": 0.20	}	}
		},
		{
			"id": "magic_arinas_hymn_effect_1_special",

			"aiValue": 9200,
			"aiValuePerDuration": 460,
			
			"icon": "magic_arinas_hymn_effect_icon",
			"name_": "day_9_magic_arinas_hymn_name",
			"description_": "magic_arinas_hymn_effect_description",

			"tags": [ "positive", "movementPositive" ],
			"isPositive": true,
			
			"addition": "duration",

			"data": {	"stats": 	{	"speed": 1,		"initiative": 1,	"hpPerc": 0.30	}	}
		},
		{
			"id": "magic_arinas_hymn_effect_2_special",

			"aiValue": 11400,
			"aiValuePerDuration": 570,
			
			"icon": "magic_arinas_hymn_effect_icon",
			"name_": "day_9_magic_arinas_hymn_name",
			"description_": "magic_arinas_hymn_effect_description",

			"tags": [ "positive", "movementPositive" ],
			"isPositive": true,
			
			"addition": "duration",

			"data": {	"stats": 	{	"speed": 2,		"initiative": 2,	"hpPerc": 0.30	}	}
		},



		{
			"id": "magic_arinas_chosen_effect_0_special",

			"aiValue": 6500,
			"aiValuePerDuration": 325,
			
			"vfxList": [ "effects/status/arina_shield_unit" ],

			"icon": "magic_arinas_chosen_effect_icon",
			"name_": "day_16_magic_arinas_chosen_name",
			"description_": "magic_arinas_chosen_effect_description_special",

			"tags": [ "positive" ],
			"isPositive": true,
			
			"addition": "duration",

			"mechanics":
			[
				{
					"trigger": "unit_took_damage",
					"mech": "add_duration_on_damage",
					"values": [ "-1", "all", "self" ]
				}
			],
			
			"data": {	"stats": { "healthLimitMinPercent": 0.20, "actionPoints": 1, "maxAddedApPerRound": 1 }	}
		},
		{
			"id": "magic_arinas_chosen_effect_1_special",

			"aiValue": 7600,
			"aiValuePerDuration": 380,
			
			"vfxList": [ "effects/status/arina_shield_unit" ],

			"icon": "magic_arinas_chosen_effect_icon",
			"name_": "day_16_magic_arinas_chosen_name",
			"description_": "magic_arinas_chosen_effect_description_special",

			"tags": [ "positive" ],
			"isPositive": true,
			
			"addition": "duration",

			"mechanics":
			[
				{
					"trigger": "unit_took_damage",
					"mech": "add_duration_on_damage",
					"values": [ "-1", "all", "self" ]
				}
			],
			
			"data": {	"stats": { "healthLimitMinPercent": 0.35, "actionPoints": 1, "maxAddedApPerRound": 1 }	}
		},
		{
			"id": "magic_arinas_chosen_effect_2_special",

			"aiValue": 9400,
			"aiValuePerDuration": 470,
			
			"vfxList": [ "effects/status/arina_shield_unit" ],

			"icon": "magic_arinas_chosen_effect_icon",
			"name_": "day_16_magic_arinas_chosen_name",
			"description_": "magic_arinas_chosen_effect_description_special",

			"tags": [ "positive" ],
			"isPositive": true,
			
			"addition": "duration",

			"mechanics":
			[
				{
					"trigger": "unit_took_damage",
					"mech": "add_duration_on_damage",
					"values": [ "-1", "all", "self" ]
				}
			],
			
			"data": {	"stats": { "healthLimitMinPercent": 0.50, "actionPoints": 1, "maxAddedApPerRound": 1 }	}
		}
	]  
}
