{
	"array":
	[
		{
			"id": "magic_fire_globe_effect",

			"icon": "magic_fire_globe_icon",
			"name_": "magic_fire_globe_name",
			"description_": "magic_fire_globe_description",

			"tags": [ "negative" ],
			"isPositive": false,

			"addition": "duration",

			"actions":
			[
				{
					"trigger": "start_turn",
					"triggerConditions": [{"checkFunction": "allegiance", "values": [ "self" ]}],
					"damageDealer": 
					{
						"tags": [ "magic_damage" ],
						"damageType_" : "magic_pure",
						"minBaseDmg": 50,
						"maxBaseDmg": 50,
						"minStackDmg": 10,
						"maxStackDmg": 10,
						"attackPatternSid": "attack_single_x100"
					}
				}
			]
		},



		{
			"id": "magic_thick_hide_effect_0",

			"aiValue": 6500,
			"aiValuePerDuration": 325,

			"icon": "magic_thick_hide_effect_icon",
			"name_": "primal_2_magic_thick_hide_name",
			"description_": "magic_thick_hide_effect_description",

			"tags": [ "positive" ],
			"isPositive": true,
			
			"addition": "duration",

			"data": {	"stats": 	{	"inDmgMods":	{	"list":		[	{ "t": "melee_attack", "v": -0.15 }		]	}	}	}
		},
		{
			"id": "magic_thick_hide_effect_1",

			"aiValue": 7600,
			"aiValuePerDuration": 380,

			"icon": "magic_thick_hide_effect_icon",
			"name_": "primal_2_magic_thick_hide_name",
			"description_": "magic_thick_hide_effect_description",

			"tags": [ "positive" ],
			"isPositive": true,
			
			"addition": "duration",

			"data": {	"stats": 	{	"inDmgMods":	{	"list":		[	{ "t": "melee_attack", "v": -0.20 }		]	}	}	}
		},
		{
			"id": "magic_thick_hide_effect_2",

			"aiValue": 9400,
			"aiValuePerDuration": 470,

			"icon": "magic_thick_hide_effect_icon",
			"name_": "primal_2_magic_thick_hide_name",
			"description_": "magic_thick_hide_effect_description",

			"tags": [ "positive" ],
			"isPositive": true,
			
			"addition": "duration",

			"data": {	"stats": 	{	"inDmgMods":	{	"list":		[	{ "t": "melee_attack", "v": -0.30 }		]	}	}	}
		},



		{
			"id": "magic_ice_bolt_effect_0",

			"aiValue": 4300,
			"aiValuePerDuration": 215,

			"icon": "magic_ice_bolt_effect_icon",
			"name_": "primal_6_magic_ice_bolt_name",
			"description_": "magic_ice_bolt_effect_description",

			"tags": [ "negative" ],
			"isPositive": false,
			
			"addition": "duration",

			"data": {
				"stats": 
				{
					"initiative": -2
				}
			}
		},
		{
			"id": "magic_ice_bolt_effect_1",

			"aiValue": 5400,
			"aiValuePerDuration": 540,

			"icon": "magic_ice_bolt_effect_icon",
			"name_": "primal_6_magic_ice_bolt_name",
			"description_": "magic_ice_bolt_effect_description",

			"tags": [ "negative" ],
			"isPositive": false,
			
			"addition": "duration",

			"data": {
				"stats": 
				{
					"initiative": -4
				}
			}
		},

		{
			"id": "magic_avalanche_effect_0",

			"aiValue": 4300,
			"aiValuePerDuration": 215,

			"icon": "magic_avalanche_effect_icon",
			"name_": "primal_13_magic_avalanche_name",
			"description_": "magic_avalanche_effect_description",

			"tags": [ "negative", "movementNegative" ],
			"isPositive": false,
			
			"addition": "duration",

			"data": {
				"stats": 
				{
					"initiative": -2
				}
			}
		},

		{
			"id": "magic_avalanche_effect_1",

			"aiValue": 5400,
			"aiValuePerDuration": 540,

			"icon": "magic_avalanche_effect_icon",
			"name_": "primal_13_magic_avalanche_name",
			"description_": "magic_avalanche_effect_description",

			"tags": [ "negative", "movementNegative" ],
			"isPositive": false,
			
			"addition": "duration",

			"data": {
				"stats": 
				{
					"initiative": -4
				}
			}
		},



		{
			"id": "magic_primordial_purity_effect",

			"aiValue": 9400,
			"aiValuePerDuration": 470,

			"canDispel": false,

			"icon": "magic_primordial_purity_icon",
			"name_": "primal_10_magic_primordial_purity_name",
			"description_": "magic_primordial_purity_effect_description",

			"tags": [ "positive" ],
			"isPositive": true,
			
			"addition": "duration",

			"data": {
				"immunities": 
				[ 
					{ "type": "magic_level", "tags": [ "5" ] },
					
					{ "type": "ability_rank", "tags": [ "5" ] }
				]
			}
		},

		{
			"id": "magic_primordial_purity_effect_1",

			"canDispel": false,

			"icon": "magic_primordial_purity_icon",
			"name_": "primal_10_magic_primordial_purity_name",
			"description_": "magic_primordial_purity_effect_description",

			"tags": [ "positive" ],
			"isPositive": true,
			
			"addition": "duration",

			"data": {
				"immunities": 
				[ 
					{ "type": "magic_level", "tags": [ "3" ] },
					
					{ "type": "ability_rank", "tags": [ "3" ] }
				]
			}
		},

		{
			"id": "magic_primordial_purity_effect_2",

			"canDispel": false,

			"icon": "magic_primordial_purity_icon",
			"name_": "primal_10_magic_primordial_purity_name",
			"description_": "magic_primordial_purity_effect_description",

			"tags": [ "positive" ],
			"isPositive": true,
			
			"addition": "duration",

			"data": {
				"immunities": 
				[ 
					{ "type": "magic_level", "tags": [ "4" ] },
					
					{ "type": "ability_rank", "tags": [ "4" ] }
				]
			}
		},

		{
			"id": "magic_primordial_purity_effect_3",

			"canDispel": false,

			"icon": "magic_primordial_purity_icon",
			"name_": "primal_10_magic_primordial_purity_name",
			"description_": "magic_primordial_purity_effect_description",

			"tags": [ "positive" ],
			"isPositive": true,
			
			"addition": "duration",

			"data": {
				"immunities": 
				[ 
					{ "type": "magic_level", "tags": [ "5" ] },
					
					{ "type": "ability_rank", "tags": [ "5" ] }
				]
			}
		},




		{
			"id": "magic_hksmillas_rampage_effect_0",

			"aiValue": 8000,
			"aiValuePerDuration": 800,
			"vfxList": [ "effects/status/double_all_hits_unit" ],

			"icon": "magic_hksmillas_rampage_icon",
			"name_": "primal_14_magic_hksmillas_rampage_name",
			"description_": "magic_hksmillas_rampage_effect_description",

			"tags": [ "positive" ],
			"isPositive": true,
			
			"addition": "duration",

			"data": {
				"sequenceEffect": "add_attack_after_counter",
				"stats": 	{	"outAllDmgMod": 0.10,	"inAllDmgMod": 0.10	}
			}
		},
		{
			"id": "magic_hksmillas_rampage_effect_1",

			"aiValue": 9300,
			"aiValuePerDuration": 930,
			"vfxList": [ "effects/status/double_all_hits_unit" ],

			"icon": "magic_hksmillas_rampage_icon",
			"name_": "primal_14_magic_hksmillas_rampage_name",
			"description_": "magic_hksmillas_rampage_effect_description",

			"tags": [ "positive" ],
			"isPositive": true,
			
			"addition": "duration",

			"data": {
				"sequenceEffect": "add_attack_after_counter",
				"stats": 	{	"outAllDmgMod": 0.15,	"inAllDmgMod": 0.15	}
			}
		},
		{
			"id": "magic_hksmillas_rampage_effect_2",

			"aiValue": 10800,
			"aiValuePerDuration": 1080,
			"vfxList": [ "effects/status/double_all_hits_unit" ],

			"icon": "magic_hksmillas_rampage_icon",
			"name_": "primal_14_magic_hksmillas_rampage_name",
			"description_": "magic_hksmillas_rampage_effect_description",

			"tags": [ "positive" ],
			"isPositive": true,
			
			"addition": "duration",

			"data": {
				"sequenceEffect": "add_attack_after_counter",
				"stats": 	{	"outAllDmgMod": 0.25,	"inAllDmgMod": 0.25	}
			}
		},
		{
			"id": "magic_hksmillas_rampage_effect_3",

			"aiValue": 13400,
			"aiValuePerDuration": 1340,
			"vfxList": [ "effects/status/double_all_hits_unit" ],

			"icon": "magic_hksmillas_rampage_icon",
			"name_": "primal_14_magic_hksmillas_rampage_name",
			"description_": "magic_hksmillas_rampage_effect_description",

			"tags": [ "positive" ],
			"isPositive": true,
			
			"addition": "duration",

			"data": {
				"sequenceEffect": "add_attack_after_counter",
				"stats": 	{	"outAllDmgMod": 0.40,	"inAllDmgMod": 0.40	}
			}
		},

		

		{
			"id": "primal_15_magic_summon_primal_remnant_silence_effect",

			"infinite": true, "hidden": true, "canDispel": false, "dontMimic": true, "dontTriggerAction": true, "keepOnDeath": true,

			"vfxList": [ "effects/status/silence_unit" ],

			"icon": "magic_silence_effect_icon",
			"name_": "night_10_magic_silence_name",
			"description_": "magic_silence_effect_description",

			"tags": [  ],
			"isPositive": false,

			"addition": "duration",

			"data": 
			{
				"disablers":
				[
					{
						"ability": "ability",
						"attack": "all"
					}
				]	
			}
		},







		{
			"id": "magic_ice_bolt_effect_0_special",

			"aiValue": 6000,
			"aiValuePerDuration": 300,

			"icon": "magic_ice_bolt_effect_icon",
			"name_": "primal_6_magic_ice_bolt_name",
			"description_": "magic_ice_bolt_effect_description",

			"tags": [ "negative", "movementNegative" ],
			"isPositive": false,
			
			"addition": "duration",

			"data": {
				"stats": 
				{
					"initiative": -4
				}
			}
		},
		{
			"id": "magic_ice_bolt_effect_1_special",

			"aiValue": 7400,
			"aiValuePerDuration": 370,

			"icon": "magic_ice_bolt_effect_icon",
			"name_": "primal_6_magic_ice_bolt_name",
			"description_": "magic_ice_bolt_effect_description",

			"tags": [ "negative", "movementNegative" ],
			"isPositive": false,
			
			"addition": "duration",

			"data": {
				"stats": 
				{
					"initiative": -8
				}
			}
		},


		{
			"id": "magic_fire_globe_effect_special",

			"icon": "magic_fire_globe_icon",
			"name_": "magic_fire_globe_name",
			"description_": "magic_fire_globe_description",

			"tags": [ "negative" ],
			"isPositive": false,

			"addition": "duration",

			"actions":
			[
				{
					"trigger": "start_turn",
					"damageDealer": 
					{
						"tags": [ "magic_damage" ],
						"damageType_" : "magic_pure",
						"minBaseDmg": 100,
						"maxBaseDmg": 100,
						"attackPatternSid": "attack_single_x100"
					}
				}
			]
		}
	]
}
