{
	"array":
	[
		{
			"id": "sub_skill_tactics_2_unit_bonus",

			"infinite": true, "hidden": true, "canDispel": false, "dontMimic": true, "dontTriggerAction": true, "keepOnDeath": true,

			"actions": 
			[
				{
					"trigger": "unit_wait",
					"triggerConditions": 
					[
						{
							"checkFunction": "allegiance",
							"values": [ "enemy" ]
						}
					],
					"damageDealer": 
					{
						"attackPatternSid": "attack_single_x100",

						"castTargetParams":   
						{ 
							"castTarget_": "self"
						},

						"affectTargetParams":   
						{ 
							"castTarget_": "self"
						},

						"buffTarget_": "all",
						"buff":
						{
							"sid": "sub_skill_tactics_2_initiative_buff",
							"duration": 1
						}
					}
				}
			]
		},

		{
			"id": "sub_skill_tactics_3_unit_bonus",

			"infinite": true, "hidden": true, "canDispel": false, "dontMimic": true, "dontTriggerAction": true, "keepOnDeath": true,

			"actions": 
			[
				{
					"trigger": "cast_magic",
					"triggerConditions": 
					[
						{
							"checkFunction": "allegiance",
							"values": [ "enemy" ]
						}
					],
					"damageDealer": 
					{
						"attackPatternSid": "attack_single_x100",

						"castTargetParams":   
						{ 
							"castTarget_": "self"
						},

						"affectTargetParams":   
						{ 
							"castTarget_": "self"
						},

						"buffTarget_": "all",

						"targetMechanics" : [ { "mech": "add_energy", "values": [ "1", "0", "1" ] } ]
					}
				}
			]
		},

		{
			"id": "sub_skill_tactics_5_unit_bonus",

			"infinite": true, "hidden": true, "canDispel": false, "dontMimic": true, "dontTriggerAction": true, "keepOnDeath": true,

			"icon": "sub_skill_tactics_5_unit_bonus_icon",
			"name_": "sub_skill_tactics_5_unit_bonus_name",
			"description_": "sub_skill_tactics_5_unit_bonus_description",

			"tags": [ "positive" ],

			"maxDuration": 1,

			"addition": "duration",

			"mechanics": [ { "trigger": "unit_died", "mech": "add_counters_on_kill", "values": [ "1", "true", "counter_attack" ] } ]
		},


		
		{
			"id": "sub_skill_tactics_1_offence_buff",

			"infinite": true, "hidden": true, "canDispel": false, "dontMimic": true, "dontTriggerAction": true, "keepOnDeath": true,

			"icon": "sub_skill_tactics_1_offence_buff_icon",
			"name_": "sub_skill_tactics_1_offence_buff_name",
			"description_": "sub_skill_tactics_1_offence_buff_description",

			"tags": [  ],

			"maxDuration": 1,

			"addition": "duration",

			"activationParams": 
			{
				"radius": 1,
				"targetAllegiance": "enemy"
			},

			"data": {
				"stats":
				{
					"offence": 3
				}
			}
		},

		{
			"id": "sub_skill_tactics_1_offence_add_buff",

			"infinite": true, "hidden": true, "canDispel": false, "dontMimic": true, "dontTriggerAction": true, "keepOnDeath": true,

			"icon": "sub_skill_tactics_1_offence_buff_icon",
			"name_": "sub_skill_tactics_1_offence_buff_name",
			"description_": "sub_skill_tactics_1_offence_buff_description",

			"tags": [  ],

			"maxDuration": 1,

			"addition": "duration",

			"activationParams": 
			{
				"radius": 1,
				"targetAllegiance": "enemy"
			},

			"data": {
				"stats":
				{
					"offence": 3
				}
			}
		},

		{
			"id": "sub_skill_tactics_2_initiative_buff",

			"hidden": true, "canDispel": false, "dontMimic": true,

			"icon": "sub_skill_tactics_2_initiative_buff_icon",
			"name_": "sub_skill_tactics_2_initiative_buff_name",
			"description_": "sub_skill_tactics_2_initiative_buff_description",

			"tags": [  ],

			"maxDuration": 1,

			"addition": "duration",

			"data": {
				"stats":
				{
					"initiative": 2
				}
			}
		},

		{
			"id": "sub_skill_tactics_4_defence_buff",

			"infinite": true, "hidden": true, "canDispel": false, "dontMimic": true, "dontTriggerAction": true, "keepOnDeath": true,

			"icon": "sub_skill_tactics_4_defence_buff_icon",
			"name_": "sub_skill_tactics_4_defence_buff_name",
			"description_": "sub_skill_tactics_4_defence_buff_description",

			"tags": [  ],

			"maxDuration": 1,

			"addition": "duration",

			"activationParams": 
			{
				"radius": 1,
				"targetAllegiance": "ally"
			},

			"data": {
				"stats":
				{
					"defence": 3
				}
			}
		},

		{
			"id": "sub_skill_tactics_4_defence_add_buff",

			"infinite": true, "hidden": true, "canDispel": false, "dontMimic": true, "dontTriggerAction": true, "keepOnDeath": true,

			"icon": "sub_skill_tactics_4_defence_buff_icon",
			"name_": "sub_skill_tactics_4_defence_buff_name",
			"description_": "sub_skill_tactics_4_defence_buff_description",

			"tags": [  ],

			"maxDuration": 1,

			"addition": "duration",

			"activationParams": 
			{
				"radius": 1,
				"targetAllegiance": "ally"
			},

			"data": {
				"stats":
				{
					"defence": 3
				}
			}
		}
	]  
}
