{
	"array":
	[
		{
			"id": "skill_summon_1_bonus",

			"infinite": true, "hidden": true, "canDispel": false, "dontMimic": true, "dontTriggerAction": true, "keepOnDeath": true,

			"icon": "skill_summon_1_bonus_icon",
			"name_": "skill_summon_1_bonus_name",
			"description_": "skill_summon_1_bonus_description",

			"tags": [ "positive" ],

			"maxDuration": 1,

			"addition": "duration",

			"data": {
				"stats":
				{
					"hp": 20,
					"damageMin": 4,
					"damageMax": 4
				}
			}
		},

		{
			"id": "skill_summon_2_bonus",

			"infinite": true, "hidden": true, "canDispel": false, "dontMimic": true, "dontTriggerAction": true, "keepOnDeath": true,

			"icon": "skill_summon_2_bonus_icon",
			"name_": "skill_summon_2_bonus_name",
			"description_": "skill_summon_2_bonus_description",

			"tags": [ "positive" ],

			"maxDuration": 1,

			"addition": "duration",

			"data": {
				"stats":
				{
					"hp": 30,
					"damageMin": 8,
					"damageMax": 8
				}
			}
		},

		{
			"id": "skill_summon_3_bonus",

			"infinite": true, "hidden": true, "canDispel": false, "dontMimic": true, "dontTriggerAction": true, "keepOnDeath": true,

			"icon": "skill_summon_3_bonus_icon",
			"name_": "skill_summon_3_bonus_name",
			"description_": "skill_summon_3_bonus_description",

			"tags": [ "positive" ],

			"maxDuration": 1,

			"addition": "duration",

			"data": {
				"stats":
				{
					"hp": 40,
					"damageMin": 12,
					"damageMax": 12
				}
			}
		},

		{
			"id": "skill_summon_4_bonus",

			"infinite": true, "hidden": true, "canDispel": false, "dontMimic": true, "dontTriggerAction": true, "keepOnDeath": true,

			"icon": "skill_summon_3_bonus_icon",
			"name_": "skill_summon_3_bonus_name",
			"description_": "skill_summon_3_bonus_description",

			"tags": [ "positive" ],

			"maxDuration": 1,

			"addition": "duration",

			"data": {
				"stats":
				{
					"hp": 50,
					"damageMin": 16,
					"damageMax": 16
				}
			}
		},

		{
			"id": "skill_summon_5_bonus",

			"infinite": true, "hidden": true, "canDispel": false, "dontMimic": true, "dontTriggerAction": true, "keepOnDeath": true,

			"icon": "skill_summon_3_bonus_icon",
			"name_": "skill_summon_3_bonus_name",
			"description_": "skill_summon_3_bonus_description",

			"tags": [ "positive" ],

			"maxDuration": 1,

			"addition": "duration",

			"data": {
				"stats":
				{
					"hp": 60,
					"damageMin": 20,
					"damageMax": 20
				}
			}
		},

		{
			"id": "sub_skill_summoner_1_unit_bonus",

			"infinite": true, "hidden": true, "canDispel": false, "dontMimic": true, "dontTriggerAction": true, "keepOnDeath": true,

			"icon": "subskill_summoner_1_unit_bonus_icon",
			"name_": "subskill_summoner_1_unit_bonus_name",
			"description_": "subskill_summoner_1_unit_bonus_description",

			"tags": [ "positive" ],

			"maxDuration": 1,

			"addition": "duration",

			"data": {
				"stats":
				{
					"offence": 10
				}
			}
		},

		{
			"id": "sub_skill_summoner_2_unit_bonus",

			"infinite": true, "hidden": true, "canDispel": false, "dontMimic": true, "dontTriggerAction": true, "keepOnDeath": true,

			"icon": "subskill_summoner_1_unit_bonus_icon",
			"name_": "subskill_summoner_1_unit_bonus_name",
			"description_": "subskill_summoner_1_unit_bonus_description",

			"tags": [ "positive" ],

			"maxDuration": 1,

			"addition": "duration",

			"data": {
				"stats":
				{
					"defence": 10
				}
			}
		},

		{
			"id": "sub_skill_summoner_3_unit_bonus",

			"infinite": true, "hidden": true, "canDispel": false, "dontMimic": true, "dontTriggerAction": true, "keepOnDeath": true,

			"icon": "subskill_summoner_1_unit_bonus_icon",
			"name_": "subskill_summoner_1_unit_bonus_name",
			"description_": "subskill_summoner_1_unit_bonus_description",

			"tags": [ "positive" ],

			"maxDuration": 1,

			"addition": "duration",

			"data": {
				"stats":
				{
					"speed": 2,
					"initiative": 2
				}
			}
		},

		{
			"id": "sub_skill_assault_3_unit_bonus",

			"infinite": true, "hidden": true, "canDispel": false, "dontMimic": true, "dontTriggerAction": true, "keepOnDeath": true,

			"icon": "sub_skill_assault_3_unit_bonus_icon",
			"name_": "sub_skill_assault_3_unit_bonus_name",
			"description_": "sub_skill_assault_3_unit_bonus_description",

			"tags": [ "positive" ],

			"maxDuration": 1,

			"addition": "duration",

			"mimicStats": [ { "fromType": "flat", "toType": "percent", "from": "morale", "to": "outAllDmgMod", "stackCountInt": 1, "bonusFloat": 0.02, "checkPositivity": true, "positivity": true } ]
		},

		{
			"id": "sub_skill_protection_3_unit_bonus",

			"infinite": true, "hidden": true, "canDispel": false, "dontMimic": true, "dontTriggerAction": true, "keepOnDeath": true,

			"icon": "sub_skill_protection_3_unit_bonus_icon",
			"name_": "sub_skill_protection_3_unit_bonus_name",
			"description_": "sub_skill_protection_3_unit_bonus_description",

			"tags": [ "positive" ],

			"maxDuration": 1,

			"addition": "duration",

			"mimicStats": [ { "fromType": "flat", "toType": "percent", "from": "luck", "to": "inAllDmgMod", "stackCountInt": 1, "bonusFloat": 0.02, "checkPositivity": true, "positivity": true } ]
		},




		{
			"id": "living_arrows_light_and_shade_cloak_artifact_unit_bonus",

			"infinite": true, "hidden": true, "canDispel": false, "dontMimic": true, "dontTriggerAction": true, "keepOnDeath": true,

			"icon": "living_arrows_light_and_shade_cloak_artifact_unit_bonus_icon",
			"name_": "living_arrows_light_and_shade_cloak_artifact_unit_bonus_name",
			"description_": "living_arrows_light_and_shade_cloak_artifact_unit_bonus_description",

			"tags": [ "positive" ],

			"maxDuration": 1,

			"addition": "duration",

			"data": {
				"stats":
				{
					"ignoreShootingBlock": true
				}
			}
		},

		{
			"id": "living_arrows_shroomwood_bow_artifact_unit_bonus",

			"infinite": true, "hidden": true, "canDispel": false, "dontMimic": true, "dontTriggerAction": true, "keepOnDeath": true,

			"icon": "living_arrows_shroomwood_bow_artifact_unit_bonus_icon",
			"name_": "living_arrows_shroomwood_bow_artifact_unit_bonus_name",
			"description_": "living_arrows_shroomwood_bow_artifact_unit_bonus_description",

			"tags": [ "positive" ],

			"maxDuration": 1,

			"addition": "duration",

			"data": {
				"stats":
				{
					"ignoreShootDmgBuff": true
				}
			}
		},

		{
			"id": "living_arrows_shroomwood_bow_law_unit_bonus",

			"infinite": true, "hidden": true, "canDispel": false, "dontMimic": true, "dontTriggerAction": true, "keepOnDeath": true,

			"icon": "living_arrows_shroomwood_bow_artifact_unit_bonus_icon",
			"name_": "living_arrows_shroomwood_bow_artifact_unit_bonus_name",
			"description_": "living_arrows_shroomwood_bow_artifact_unit_bonus_description",

			"tags": [ "positive" ],

			"maxDuration": 1,

			"addition": "duration",

			"data": {
				"stats":
				{
					"ignoreShootDmgBuff": true
				}
			}
		},

		{
			"id": "living_arrows_item_set_unit_bonus",

			"infinite": true, "hidden": true, "canDispel": false, "dontMimic": true, "dontTriggerAction": true, "keepOnDeath": true,

			"icon": "living_arrows_item_set_unit_bonus_icon",
			"name_": "living_arrows_item_set_unit_bonus_name",
			"description_": "living_arrows_item_set_unit_bonus_description",

			"tags": [ "positive" ],

			"maxDuration": 1,

			"addition": "duration",

			"data":
			{
				"sequenceEffect": "add_attack_after_counter_shoot"
			}
		},

		{
			"id": "power_of_the_dragon_father_item_set_unit_bonus_1",

			"infinite": true, "hidden": true, "canDispel": false, "dontMimic": true, "dontTriggerAction": true, "keepOnDeath": true,

			"icon": "power_of_the_dragon_father_item_set_unit_bonus_icon",
			"name_": "power_of_the_dragon_father_item_set_unit_bonus_name",
			"description_": "power_of_the_dragon_father_item_set_unit_bonus_description",

			"tags": [ "positive" ],

			"maxDuration": 1,

			"addition": "duration",

			"data": {
				"immunities": 
				[ 
					{ "type": "effect", "tags": [ "negative" ] }
				]
			}
		},

		{
			"id": "power_of_the_dragon_father_item_set_unit_bonus_2",

			"infinite": true, "hidden": true, "canDispel": false, "dontMimic": true, "dontTriggerAction": true, "keepOnDeath": true,

			"icon": "power_of_the_dragon_father_item_set_unit_bonus_icon",
			"name_": "power_of_the_dragon_father_item_set_unit_bonus_name",
			"description_": "power_of_the_dragon_father_item_set_unit_bonus_description",

			"tags": [ "positive" ],

			"maxDuration": 1,

			"addition": "duration",

			"data": {
				"immunities": 
				[ 
					{ "type": "damage", "tags": [ "magic_damage" ] }
				]
			}
		},

		{
			"id": "elixir_of_life_item_set_unit_bonus",

			"infinite": true, "hidden": true, "canDispel": false, "dontMimic": true, "dontTriggerAction": true, "keepOnDeath": true,

			"icon": "elixir_of_life_item_set_unit_bonus_icon",
			"name_": "elixir_of_life_item_set_unit_bonus_name",
			"description_": "elixir_of_life_item_set_unit_bonus_description",

			"tags": [ "positive" ],

			"maxDuration": 1,

			"addition": "duration",

			"actions":
			[
				{
					"trigger": "start_turn",
					"triggerConditions": 
					[
						{
							"checkFunction": "allegiance",
							"values": [ "self" ]
						}
					],
					
					"damageDealer": 
					{
						"tags": [ "passive", "heal_damage" ],
						"triggerCounter": false,

						"damageTarget_": "none",
						"statDmgMult": 0.0,

						"attackPatternSid": "attack_single_x100",

						"castTargetParams":   
						{
							"targetTags": ["unit"],
							"targetCondition_": "alive",
							"castTarget_": "self"
						},

						"affectTargetParams":   
						{
							"targetTags": ["unit"],
							"targetCondition_": "alive",
							"castTarget_": "self"
						},
						
						"targetMechanics":
						[
							{
								"mech": "heal_percent",	"values":	[ "until start amount",  "start_squad",  "0.05",  "0.00",  "true" ]
							}
						]
					}
				}
			]
		},

		{
			"id": "ring_of_neutrality_artifact_unit_bonus",

			"infinite": true, "hidden": true, "canDispel": false, "dontMimic": true, "dontTriggerAction": true, "keepOnDeath": true,

			"icon": "ring_of_neutrality_artifact_unit_bonus_icon",
			"name_": "ring_of_neutrality_artifact_unit_bonus_name",
			"description_": "ring_of_neutrality_artifact_unit_bonus_description",

			"tags": [ "positive" ],

			"maxDuration": 1,

			"addition": "duration",

			"statOverrides": [  {  "stat": "moral", "value": 0  }, {  "stat": "luck", "value": 0  }  ]
		},

		{
			"id": "sub_skill_siege_2_unit_bonus",

			"infinite": true, "hidden": true, "canDispel": false, "dontMimic": true, "dontTriggerAction": true, "keepOnDeath": true,

			"icon": "sub_skill_siege_2_unit_bonus_icon",
			"name_": "sub_skill_siege_2_unit_bonus_name",
			"description_": "sub_skill_siege_2_unit_bonus_description",

			"tags": [ "positive" ],

			"maxDuration": 1,

			"addition": "duration",

			"data":
			{
				"stats":
				{
					"ignoreCastleProtection": true
				}
			}
		},





		{
			"id": "sub_class_undead_magic_1_unit_bonus",

			"infinite": true, "hidden": true, "canDispel": false, "dontMimic": true, "dontTriggerAction": true, "keepOnDeath": true,

			"icon": "sub_class_undead_magic_1_unit_bonus_icon",
			"name_": "sub_class_undead_magic_1_unit_bonus_name",
			"description_": "sub_class_undead_magic_1_unit_bonus_description",

			"tags": [ "positive" ],

			"maxDuration": 1,

			"addition": "duration",

			"actions": 
			[
				{
					"trigger": "unit_died",
					"triggerConditions": 
					[
						{
							"checkFunction": "allegiance",
							"values": [ "self" ]
						}
					],
					"damageDealer": 
					{
						"attackPatternSid": "attack_single_x100",

						"castTargetParams":   
						{ 
							"targetTags": [ "unit" ],
							"castTarget_": "self",
							"targetCondition_": "alive"
						},

						"affectTargetParams":   
						{ 
							"targetTags": [ "unit" ],
							"castTarget_": "self",
							"targetCondition_": "alive"
						},

						"targetMechanics" : 
						[ 
							{
								"mech": "summon_percent",	"values": [ "unit", "flicker", "enemy", "start_squad", 0.5, "", "true", "2", "0", "1" ]
							}
						]
					}
				}
			]
		},





		{
			"id": "skill_faction_humans_1_unit_bonus",

			"infinite": true, "hidden": true, "canDispel": false, "dontMimic": true, "dontTriggerAction": true, "keepOnDeath": true,

			"actions": 
			[
				{
					"trigger": "unit_died",
					"triggerConditions": 
					[
						{
							"checkFunction": "allegiance",
							"values": [ "ally" ]
						}
					],
					"damageDealer": 
					{
						"attackPatternSid": "attack_single_x100",

						"castTargetParams":   
						{ 
							"targetTags": [ "unit" ],
							"castTarget_": "self",
							"targetCondition_": "alive",
							"selection": "object"
						},

						"affectTargetParams":   
						{ 
							"targetTags": [ "unit" ],
							"castTarget_": "self",
							"targetCondition_": "alive",
							"selection": "object"
						},
						
						"buffTarget_": "ally",
						"buff": 
						{
							"sid": "skill_faction_humans_1_unit_bonus_additionbuff",
							"duration": 2
						}
					}
				}
			]
		},

		{
			"id": "skill_faction_humans_1_unit_bonus_additionbuff",

			"infinite": false, "hidden": false, "canDispel": true, "dontMimic": true, "dontTriggerAction": true, "keepOnDeath": false,

			"icon": "skill_faction_humans_unit_bonus_additionbuff_icon",
			"name_": "skill_faction_humans_name",
			"description_": "skill_faction_humans_unit_bonus_additionbuff_description",

			"tags": [ "positive", "skill_faction_humans_additionbuff" ],

			"addition": "duration",

			"maxDuration": 2,

			"data": {
				"stats":
				{
					"hpPerc": 0.10
				}
			}
		},

		{
			"id": "skill_faction_humans_2_unit_bonus",

			"infinite": true, "hidden": true, "canDispel": false, "dontMimic": true, "dontTriggerAction": true, "keepOnDeath": true,

			"actions": 
			[
				{
					"trigger": "unit_died",
					"triggerConditions": 
					[
						{
							"checkFunction": "allegiance",
							"values": [ "ally" ]
						}
					],
					"damageDealer": 
					{
						"attackPatternSid": "attack_single_x100",

						"castTargetParams":   
						{ 
							"targetTags": [ "unit" ],
							"castTarget_": "self",
							"targetCondition_": "alive",
							"selection": "object"
						},

						"affectTargetParams":   
						{ 
							"targetTags": [ "unit" ],
							"castTarget_": "self",
							"targetCondition_": "alive",
							"selection": "object"
						},
						
						"buffTarget_": "ally",
						"buff": 
						{
							"sid": "skill_faction_humans_2_unit_bonus_additionbuff",
							"duration": 2
						}
					}
				}
			]
		},

		{
			"id": "skill_faction_humans_2_unit_bonus_additionbuff",

			"infinite": false, "hidden": false, "canDispel": true, "dontMimic": true, "dontTriggerAction": true, "keepOnDeath": false,

			"icon": "skill_faction_humans_unit_bonus_additionbuff_icon",
			"name_": "skill_faction_humans_name",
			"description_": "skill_faction_humans_unit_bonus_additionbuff_description",

			"tags": [ "positive", "skill_faction_humans_additionbuff" ],

			"addition": "duration",

			"maxDuration": 2,

			"data": {
				"stats":
				{
					"hpPerc": 0.20
				}
			}
		},

		{
			"id": "skill_faction_humans_3_unit_bonus",

			"infinite": true, "hidden": true, "canDispel": false, "dontMimic": true, "dontTriggerAction": true, "keepOnDeath": true,

			"actions": 
			[
				{
					"trigger": "unit_died",
					"triggerConditions": 
					[
						{
							"checkFunction": "allegiance",
							"values": [ "ally" ]
						}
					],
					"damageDealer": 
					{
						"attackPatternSid": "attack_single_x100",

						"castTargetParams":   
						{ 
							"targetTags": [ "unit" ],
							"castTarget_": "self",
							"targetCondition_": "alive",
							"selection": "object"
						},

						"affectTargetParams":   
						{ 
							"targetTags": [ "unit" ],
							"castTarget_": "self",
							"targetCondition_": "alive",
							"selection": "object"
						},
						
						"buffTarget_": "ally",
						"buff": 
						{
							"sid": "skill_faction_humans_3_unit_bonus_additionbuff",
							"duration": 2
						}
					}
				}
			]
		},

		{
			"id": "skill_faction_humans_3_unit_bonus_additionbuff",

			"infinite": false, "hidden": false, "canDispel": true, "dontMimic": true, "dontTriggerAction": true, "keepOnDeath": false,

			"icon": "skill_faction_humans_unit_bonus_additionbuff_icon",
			"name_": "skill_faction_humans_name",
			"description_": "skill_faction_humans_unit_bonus_additionbuff_description",

			"tags": [ "positive", "skill_faction_humans_additionbuff" ],

			"addition": "duration",

			"maxDuration": 2,

			"data": {
				"stats":
				{
					"hpPerc": 0.30
				}
			}
		},

		{
			"id": "sub_skill_faction_humans_2_unit_bonus",

			"infinite": true, "hidden": true, "canDispel": false, "dontMimic": true, "dontTriggerAction": true, "keepOnDeath": true,

			"actions": 
			[
				{
					"trigger": "unit_died",
					"triggerConditions": 
					[
						{
							"checkFunction": "allegiance",
							"values": [ "ally" ]
						}
					],
					"damageDealer": 
					{
						"attackPatternSid": "attack_single_x100",

						"castTargetParams":   
						{ 
							"targetTags": [ "unit" ],
							"castTarget_": "self",
							"targetCondition_": "alive",
							"selection": "object"
						},

						"affectTargetParams":   
						{ 
							"targetTags": [ "unit" ],
							"castTarget_": "self",
							"targetCondition_": "alive",
							"selection": "object"
						},
						
						"buffTarget_": "ally",
						"buff": 
						{
							"sid": "sub_skill_faction_humans_2_unit_bonus_additionbuff",
							"duration": 2
						}
					}
				}
			]
		},

		{
			"id": "sub_skill_faction_humans_2_unit_bonus_additionbuff",

			"infinite": false, "hidden": false, "canDispel": true, "dontMimic": true, "dontTriggerAction": true, "keepOnDeath": false,

			"icon": "sub_skill_faction_humans_unit_bonus_additionbuff_icon",
			"name_": "sub_skill_faction_humans_2_name",
			"description_": "sub_skill_faction_humans_unit_bonus_additionbuff_description",

			"tags": [ "positive", "skill_faction_humans_additionbuff" ],

			"addition": "combined",

			"maxDuration": 2,

			"data": {
				"stats":
				{
					"outAllDmgMod": 0.1
				}
			}
		},

		{
			"id": "sub_skill_faction_humans_4_unit_bonus",

			"tags": [ "summon_immmun" ],

			"infinite": true, "hidden": true, "canDispel": false, "dontMimic": true, "dontTriggerAction": true, "keepOnDeath": true,

			"actions": 
			[
				{
					"trigger": "unit_died",
					"triggerConditions": 
					[
						{
							"checkFunction": "allegiance",
							"values": [ "self" ]
						}
					],
					"damageDealer": 
					{
						"attackPatternSid": "attack_single_x100",

						"castTargetParams":   
						{ 
							"targetTags": [ "unit" ],
							"castTarget_": "self",
							"targetCondition_": "alive"
						},

						"affectTargetParams":   
						{ 
							"targetTags": [ "unit" ],
							"castTarget_": "self",
							"targetCondition_": "alive"
						},

						"targetMechanics" : 
						[ 
							{
								"mech": "summon_percent",	"values": [ "unit", "self_copy", "ally", "start_squad", 0.1, "self_destruct_buff_sid", "true", "1", "0", "1" ]
							}
						]
					}
				}
			]
		},

		{
			"id": "sub_skill_faction_humans_5_unit_bonus",

			"infinite": true, "hidden": true, "canDispel": false, "dontMimic": true, "dontTriggerAction": true, "keepOnDeath": true,

			"actions": 
			[
				{
					"trigger": "unit_died",
					"triggerConditions": 
					[
						{
							"checkFunction": "allegiance",
							"values": [ "ally" ]
						}
					],
					"damageDealer": 
					{
						"tags": [ "passive", "heal_damage" ],
						"triggerCounter": false,

						"damageTarget_": "none",
						"statDmgMult": 0.0,

						"attackPatternSid": "attack_single_x100",

						"castTargetParams":   
						{ 
							"targetTags": [ "unit" ],
							"castTarget_": "self",
							"targetCondition_": "ally"
						},

						"affectTargetParams":   
						{ 
							"targetTags": [ "unit" ],
							"castTarget_": "self",
							"targetCondition_": "ally"
						},

						"targetMechanics":
						[
							{
								"mech": "heal_percent",	"values":	[ "without respawn",  "max_unit",  "1.0",  "0.00",  "false" ]
							}
						]
					}
				}
			]
		}
	]  
}