{
	"array":
	[
		{
			"id": "sub_skill_leadership_3_unit_bonus",

			"infinite": true, "hidden": true, "canDispel": false, "dontMimic": true, "dontTriggerAction": true, "keepOnDeath": true,

			"actions": 
			[
				{
					"trigger": "fail_turn",
					"triggerConditions": 
					[
						{
							"checkFunction": "allegiance",
							"values": [ "self" ]
						}
					],
					"damageDealer": 
					{
						"attackPatternSid": "attack_single_x100",

						"castTargetParams":   
						{ 
							"castTarget_": "self"
						},

						"affectTargetParams":   
						{ 
							"castTarget_": "self"
						},

						"buffTarget_": "all",
						"buff":
						{
							"sid": "sub_skill_leadership_3_moral_buff",
							"duration": 1
						}
					}
				}
			]
		},
		
		{
			"id": "sub_skill_leadership_3_moral_buff",

			"hidden": true, "canDispel": false, "dontMimic": true, "dontTriggerAction": true, "keepOnDeath": true,

			"icon": "sub_skill_leadership_3_initiative_buff_icon",
			"name_": "sub_skill_leadership_3_initiative_buff_name",
			"description_": "sub_skill_leadership_3_initiative_buff_description",

			"tags": [  ],

			"maxDuration": 1,

			"addition": "duration",

			"data": {
				"stats":
				{
					"moral": 5
				}
			}
		}
	]  
}
