{
	"array":
	[
		{
			"id": "esquire_additionbuff",

			"aiValue": 4060,
			"aiValuePerDuration": 406,
			
			"icon": "esquire_additionbuff_icon",
			"name_": "esquire_passive_1_name",
			"description_": "esquire_additionbuff_description",

			"tags": [ "positive" ],
			"isPositive": true,

			"infinite": true, "hidden": true, "canDispel": false, "dontMimic": true, "dontTriggerAction": true, "keepOnDeath": true,

			"addition": "data",

			"data": {
				"stats":
				{
					"defence": 2
				}
			}
		},

		{
			"id": "crossbowman_buff_1",

			"aiValue": 4060,
			"aiValuePerDuration": 406,
			
			"icon": "crossbowman_buff_icon",
			"name_": "crossbowman_ability_1_name",
			"description_": "crossbowman_buff_1_description",

			"tags": [ "positive" ],
			"isPositive": true,

			"addition": "duration",

			"data": {
				"stats":
				{
					"outDmgMods":
					{
						"list":
						[
							{ "t": "shoot_attack", "v": 0.20 }
						]
					}
				}
			}
		},
		{
			"id": "crossbowman_buff_2",

			"aiValue": 5560,
			"aiValuePerDuration": 556,
			
			"icon": "crossbowman_buff_icon",
			"name_": "crossbowman_ability_1_name",
			"description_": "crossbowman_buff_1_description",

			"tags": [ "positive" ],
			"isPositive": true,

			"addition": "duration",

			"data": {
				"stats":
				{
					"outDmgMods":
					{
						"list":
						[
							{ "t": "shoot_attack", "v": 0.40 }
						]
					}
				}
			}
		},
		{
			"id": "crossbowman_debuff",

			"aiValue": 5560,
			"aiValuePerDuration": 556,
			
			"maxDuration": 1,

			"icon": "crossbowman_debuff_icon",
			"name_": "crossbowman_ability_2_name",
			"description_": "crossbowman_debuff_description",

			"tags": [ "negative" ],
			"isPositive": false,

			"addition": "duration",

			"data": {
				"stats":
				{
					"inAllDmgMod": 0.2
				}
			}
		},
		{
			"id": "griffin_selfbuff_1",

			"aiValue": 5560,
			"aiValuePerDuration": 556,
			
			"icon": "griffin_selfbuff_icon",
			"name_": "griffin_ability_1_name",
			"description_": "griffin_selfbuff_1_description",

			"tags": [ "positive", "movementPositive" ],
			"isPositive": true,

			"addition": "duration",

			"data": {
				"stats":
				{
					"offence": 5,
					"initiative": 1
				}
			}
		},
		{
			"id": "griffin_selfbuff_2",

			"aiValue": 7060,
			"aiValuePerDuration": 706,
			
			"icon": "griffin_selfbuff_icon",
			"name_": "griffin_ability_1_name",
			"description_": "griffin_selfbuff_1_description",

			"tags": [ "positive", "movementPositive" ],
			"isPositive": true,

			"addition": "duration",

			"data": {
				"stats":
				{
					"offence": 10,
					"initiative": 2
				}
			}
		},
		{
			"id": "lightweaver_buff",

			"aiValue": 5560,
			"aiValuePerDuration": 556,
			
			"icon": "lightweaver_buff_icon",
			"name_": "lightweaver_ability_1_name",
			"description_": "lightweaver_buff_1_description",

			"tags": [ "positive", "movementPositive" ],
			"isPositive": true,

			"addition": "duration",

			"data": {
				"stats":
				{
					"offence": 5,
					"defence": 5,
					"initiative": 1,
					"speed": 1
				}
			}
		},
		{
			"id": "lightweaver_buff_1",

			"aiValue": 7060,
			"aiValuePerDuration": 706,
			
			"icon": "lightweaver_buff_icon",
			"name_": "lightweaver_ability_1_name",
			"description_": "lightweaver_buff_1_description",

			"tags": [ "positive", "movementPositive" ],
			"isPositive": true,

			"addition": "duration",

			"data": {
				"stats":
				{
					"offence": 5,
					"defence": 5,
					"initiative": 2,
					"speed": 2
				}
			}
		},
		{
			"id": "lightweaver_buff_2",

			"aiValue": 5560,
			"aiValuePerDuration": 556,
			
			"icon": "lightweaver_buff_icon",
			"name_": "lightweaver_ability_4_name",
			"description_": "lightweaver_buff_2_description",

			"tags": [ "positive" ],
			"isPositive": true,

			"addition": "duration",

			"data": {
				"stats": 
				{
					"alwaysMaxDmg": true
				}
			}
		},
		{
			"id": "lightweaver_additionbuff",

			"aiValue": 4060,
			"aiValuePerDuration": 406,
			
			"icon": "lightweaver_additionbuff_icon",
			"name_": "lightweaver_passive_1_name",
			"description_": "lightweaver_additionbuff_description",

			"tags": [ "positive" ],
			"isPositive": true,

			"infinite": true, "hidden": true, "canDispel": false, "dontMimic": true, "dontTriggerAction": true, "keepOnDeath": true,

			"addition": "data",

			"data": {
				"stats":
				{
					"damageMin": 1,
					"damageMax": 1
				}
			}
		},
		{
			"id": "sunlightCavalry_buff_1",

			"aiValue": 4060,
			"aiValuePerDuration": 406,
			
			"icon": "sunlightCavalry_buff_icon",
			"name_": "sunlight_cavalry_ability_1_name",
			"description_": "sunlightCavalry_buff_1_description",

			"tags": [ "positive", "movementPositive" ],
			"isPositive": true,

			"addition": "duration",

			"data": {
				"stats":
				{
					"initiative": 1,
					"speed": 1
				}
			}
		},
		{
			"id": "sunlightCavalry_buff_2",

			"aiValue": 5560,
			"aiValuePerDuration": 556,
			
			"icon": "sunlightCavalry_buff_icon",
			"name_": "sunlight_cavalry_ability_1_name",
			"description_": "sunlightCavalry_buff_1_description",

			"tags": [ "positive", "movementPositive" ],
			"isPositive": true,

			"addition": "duration",

			"data": {
				"stats":
				{
					"initiative": 2,
					"speed": 2
				}
			}
		},
		{
			"id": "sunlightCavalry_additionbuff",

			"aiValue": 4060,
			"aiValuePerDuration": 406,
			
			"icon": "sunlightCavalry_additionbuff_icon",
			"name_": "sunlight_cavalry_passive_3_name",
			"description_": "sunlightCavalry_additionbuff_description",

			"tags": [ "positive" ],
			"isPositive": true,

			"infinite": true, "hidden": true, "canDispel": false, "dontMimic": true, "dontTriggerAction": true, "keepOnDeath": true,

			"addition": "data",

			"data": {
				"stats":
				{
					"offence": 2
				}
			}
		},
		{
			"id": "inquisitor_buff",

			"aiValue": 7060,
			"aiValuePerDuration": 706,
			
			"icon": "inquisitor_buff_icon",
			"name_": "inquisitor_ability_3_name",
			"description_": "inquisitor_buff_description",

			"tags": [ "positive" ],
			"isPositive": true,

			"addition": "duration",

			"data": {
				"stats":
				{
					"moral": 3,
					"luck": 3
				}
			}
		},
		{
			"id": "inquisitor_selfbuff_1",

			"aiValue": 7060,
			"aiValuePerDuration": 706,
			
			"icon": "inquisitor_selfbuff_icon",
			"name_": "inquisitor_ability_1_name",
			"description_": "inquisitor_selfbuff_1_description",

			"tags": [ "positive", "movementPositive" ],
			"isPositive": true,

			"addition": "duration",

			"data": {
				"stats":
				{
					"defence": 5,
					"speed": 1
				}
			}
		},
		{
			"id": "inquisitor_selfbuff_2",

			"aiValue": 7060,
			"aiValuePerDuration": 706,
			
			"icon": "inquisitor_selfbuff_icon",
			"name_": "inquisitor_ability_1_name",
			"description_": "inquisitor_selfbuff_1_description",

			"tags": [ "positive", "movementPositive" ],
			"isPositive": true,

			"addition": "duration",

			"data": {
				"stats":
				{
					"defence": 10,
					"speed": 2
				}
			}
		}
	]
}
