{
	"array":
	[
		{
			"id": "unfrozen_cultist_debuff_1",

			"aiValue": 4060,
			"aiValuePerDuration": 406,
			
			"maxDuration": 2,

			"icon": "unfrozen_cultist_debuff_1_icon",
			"name_": "unfrozen_cultist_ability_3_name",
			"description_": "unfrozen_cultist_debuff_1_description",

			"tags": [ "negative", "movementNegative" ],
			"isPositive": false,

			"addition": "duration",

			"data": {
				"stats":
				{
					"initiative": -1
				}
			}
		},
		{
			"id": "unfrozen_cultist_debuff_2",

			"aiValue": 4060,
			"aiValuePerDuration": 406,
			
			"maxDuration": 2,

			"icon": "unfrozen_cultist_debuff_2_icon",
			"name_": "unfrozen_cultist_ability_4_name",
			"description_": "unfrozen_cultist_debuff_2_description",

			"tags": [ "negative", "movementNegative" ],
			"isPositive": false,

			"addition": "duration",

			"data": {
				"stats":
				{
					"speed": -1
				}
			}
		},
		{
			"id": "unfrozen_cultist_curse",

			"aiValue": 5560,
			"aiValuePerDuration": 556,
			
			"icon": "unfrozen_cultist_curse_icon",
			"name_": "unfrozen_cultist_ability_1_name",
			"description_": "unfrozen_cultist_curse_description",
			"tags": [ "negative", "overTime_effect", "overTime_effect_curse" ],
			"isPositive": false,

			"addition": "none",

			"actions":
			[
				{
					"trigger": "start_turn",
					"triggerConditions": 
					[
						{
							"checkFunction": "allegiance",
							"values": [ "self" ]
						}
					],
					
					"damageDealer": 
					{
						"tags": [ "passive", "absolute_damage", "overTime_effect", "overTime_effect_curse" ],
						"triggerCounter": false,

						"attackPatternSid": "attack_single_x100",

						"castTargetParams":   
						{ 
							"targetTags": [ "unit" ],
							"castTarget_": "self",
							"targetCondition_": "alive",
							"selection": "object"
						},

						"affectTargetParams":   
						{ 
							"targetTags": [ "unit" ],
							"castTarget_": "self",
							"targetCondition_": "alive",
							"selection": "object"
						},

						"damageTarget_": "all",
						"damageType_": "absolute",
						"statDmgMult": 0.0,

						"minStackDmg": 2,
						"maxStackDmg": 2
					}
				}
			]
		},
		{
			"id": "frostworm_rider_debuff",

			"aiValue": 7060,
			"aiValuePerDuration": 706,
			
			"icon": "frostworm_rider_debuff_icon",
			"name_": "frostworm_rider_passive_2_name",
			"description_": "frostworm_rider_debuff_description",

			"tags": [ "negative" ],
			"isPositive": false,

			"addition": "duration",

			"data": {
				"stats":
				{
					"inDmgMods":
					{
						"list":
						[
							{ "t": "magic_damage", "v": 1.0 }
						]
					}
				}
			}
		},
		{
			"id": "succubus_debuff_1",

			"aiValue": 7060,
			"aiValuePerDuration": 706,
			
			"vfxList": [ "effects/status/silence_unit" ],

			"icon": "succubus_debuff_1_icon",
			"name_": "succubus_ability_1_name",
			"description_": "succubus_debuff_1_description",

			"tags": [ "negative", "silenceEffect" ],
			"isPositive": false,

			"addition": "duration",

			"data":
			{
				"disablers":
				[
					{
						"ability": "ability",
						"attack": "all"
					}
				]
			}
		},
		{
			"id": "succubus_debuff_2",

			"aiValue": 5560,
			"aiValuePerDuration": 556,
			
			"icon": "succubus_debuff_2_icon",
			"name_": "succubus_passive_2_name",
			"description_": "succubus_debuff_2_description",

			"tags": [ "negative" ],
			"isPositive": false,

			"addition": "duration",

			"data":
			{
				"stats":
				{
					"maxEnergy": 1
				}
			}
		},
		{
			"id": "succubus_debuff_3",

			"aiValue": 5560,
			"aiValuePerDuration": 556,
			
			"maxDuration": 2,

			"vfxList": [ "effects/status/debuff_energy_unit" ],

			"icon": "succubus_debuff_3_icon",
			"name_": "succubus_ability_3_name",
			"description_": "succubus_debuff_3_description",

			"tags": [ "negative" ],
			"isPositive": false,

			"addition": "duration",

			"data":
			{
				"stats":
				{
					"blockEnergyRegen": true
				}
			}
		},
		{
			"id": "arbitrator_debuff_attack",

			"aiValue": 5560,
			"aiValuePerDuration": 556,
			
			"maxDuration": 1,

			"icon": "arbitrator_debuff_icon",
			"name_": "arbitrator_passive_2_name",
			"description_": "arbitrator_debuff_description",

			"tags": [ "negative", "movementNegative" ],
			"isPositive": false,

			"addition": "duration",

			"data": {
				"stats":
				{
					"initiative": -1,
					"speed": -1
				}
			}
		},
		{
			"id": "arbitrator_debuff",

			"aiValue": 5560,
			"aiValuePerDuration": 556,
			
			"icon": "arbitrator_debuff_icon",
			"name_": "arbitrator_ability_3_name",
			"description_": "arbitrator_debuff_description",

			"tags": [ "negative" ],
			"isPositive": false,

			"addition": "duration",

			"data": {
				"stats":
				{
					"initiative": -1,
					"speed": -1
				}
			}
		},
		
		{
			"id": "unspeakable_buff",

			"maxDuration": 1,

			"aiValue": 20060,
			"aiValuePerDuration": 2006,
			
			"icon": "unspeakable_buff_icon",
			"name_": "unspeakable_ability_4_name",
			"description_": "unspeakable_buff_description",

			"infinite": false, "hidden": false, "canDispel": true, "dontMimic": false, "dontTriggerAction": true, "keepOnDeath": true, "ignoreDurationBuffs": true,

			"tags": [ "positive" ],
			"isPositive": true,

			"addition": "data",

			"data": {	
				"stats": { "actionPoints": 1, "maxAddedApPerRound": 1 }	
			}
		},
		
		{
			"id": "unspeakable_debuff",

			"maxDuration": 1,

			"aiValue": 20060,
			"aiValuePerDuration": 2006,
			
			"icon": "unspeakable_buff_icon",
			"name_": "unspeakable_ability_5_name",
			"description_": "unspeakable_buff_description",

			"infinite": false, "hidden": true, "canDispel": false, "dontMimic": true, "dontTriggerAction": true, "keepOnDeath": false, "ignoreDurationBuffs": true,

			"tags": [ "positive" ],
			"isPositive": false,

			"addition": "data",

			"data": {	
				"sequenceEffect": "skip_turn",
				"stats": { "actionPoints": -99, "maxAddedApPerRound": -99 }	
			}
		}
	]
}
