{
	"array":
	[
		{
			"id": "wisp_silence",

			"aiValue": 5560,
			"aiValuePerDuration": 556,
			
			"infinite": true, "hidden": true, "dontMimic": true, "dontTriggerAction": true, "keepOnDeath": true,

			"tags": [ "wisp_silence" ],
			"isPositive": true,

			"addition": "duration",

			"data": 
			{
				"disablers":
				[
					{
						"ability": "ability",
						"attack": "all"
					}
				]	
			}
		},

		{
			"id": "ent_wisp_buff_1",

			"aiValue": 20060,
			"aiValuePerDuration": 2006,
			
			"icon": "ent_wisp_buff_icon",
			"name_": "ent_ability_1_name",
			"description_": "ent_wisp_buff_1_description",

			"infinite": true, "hidden": true, "canDispel": false, "dontMimic": true, "dontTriggerAction": true, "keepOnDeath": true,

			"tags": [ "positive" ],
			"isPositive": true,

			"addition": "duration",

			"data": {
				"stats":
				{
					"speed": 1,
					"initiative": 1,
					"hp": 10,
					"numCounters": 999
				}
			},

			"statOverrides": [  {  "stat": "maxEnergy", "value": 0  }  ]
		},
		{
			"id": "ent_wisp_buff_2",

			"aiValue": 20060,
			"aiValuePerDuration": 2006,
			
			"icon": "ent_wisp_buff_icon",
			"name_": "ent_ability_2_name",
			"description_": "ent_wisp_buff_1_description",

			"infinite": true, "hidden": true, "canDispel": false, "dontMimic": true, "dontTriggerAction": true, "keepOnDeath": true,

			"tags": [ "positive" ],
			"isPositive": true,

			"addition": "duration",

			"data": {
				"stats":
				{
					"speed": 1,
					"initiative": 1,
					"hp": 10,
					"maxEnergy": -3,
					"numCounters": 999
				}
			}
		},
		{
			"id": "ent_taunt_buff",

			"aiValue": 7060,
			"aiValuePerDuration": 706,
			
			"vfxList": [ "effects/status/taunt_hex" ],

			"maxDuration": 1,

			"icon": "ent_taunt_buff_icon",
			"name_": "ent_ability_3_name",
			"description_": "ent_taunt_buff_description",

			"canDispel": false, "dontMimic": true, "dontTriggerAction": true,

			"tags": [ "positive" ],
			"isPositive": true,
			
			"addition": "duration",

			"data": {	"stats": 	{	"tauntRadius": 2	}	}
		},
		{
			"id": "ent_passive_buff",

			"aiValue": 7060,
			"aiValuePerDuration": 706,
			
			"maxDuration": 1,

			"icon": "ent_passive_buff_icon",
			"name_": "ent_passive_3_name",
			"description_": "ent_passive_buff_description",

			"vfxList": [ "effects/status/buff_dmg_shield_unit" ],

			"infinite": true, "hidden": false, "canDispel": false, "dontMimic": true, "dontTriggerAction": true,

			"tags": [ "positive" ],
			"isPositive": true,
			
			"addition": "duration",
			"actions":
			[
				{
					"trigger": "unit_took_damage",
					"triggerConditions": 
					[
						{
							"checkFunction": "allegiance_both",
							"values": [ "enemy", "self" ]
						}
					],

					"damageDealer": 
					{
						"tags": [ "passive" ],
						"triggerCounter": false,

						"damageTarget_": "none",
						"statDmgMult": 0.0,

						"attackPatternSid": "attack_single_x100",

						"castTargetParams":   
						{
							"targetTags": ["unit"],
							"castTarget_": "self",
							"targetCondition_": "alive"
						},

						"affectTargetParams":   
						{
							"targetTags": ["unit"],
							"castTarget_": "self",
							"targetCondition_": "alive"
						},

						"targetMechanics":
						[
							{ "mech": "revenge_damage", "values": [ "percent", "max_unit", "1", "0", "6", "melee" ] }
						]
					}
				}
			]
		},

		{
			"id": "aqualotl_wisp_buff_1",

			"aiValue": 20060,
			"aiValuePerDuration": 2006,
			
			"icon": "aqualotl_wisp_buff_icon",
			"name_": "aqualotl_ability_1_name",
			"description_": "aqualotl_wisp_buff_1_description",

			"infinite": true, "hidden": true, "canDispel": false, "dontMimic": true, "dontTriggerAction": true, "keepOnDeath": true,

			"tags": [ "positive" ],
			"isPositive": true,

			"addition": "duration",

			"data": {
				"stats":
				{
					"speed": 1,
					"initiative": 1,
					"hp": 15,
					"ignoreShootingBlock": true
				}
			},

			"statOverrides": [  {  "stat": "maxEnergy", "value": 0  }  ]
		},
		{
			"id": "aqualotl_wisp_buff_2",

			"aiValue": 20060,
			"aiValuePerDuration": 2006,
			
			"icon": "aqualotl_wisp_buff_icon",
			"name_": "aqualotl_ability_2_name",
			"description_": "aqualotl_wisp_buff_1_description",

			"infinite": true, "hidden": true, "canDispel": false, "dontMimic": true, "dontTriggerAction": true, "keepOnDeath": true,

			"tags": [ "positive" ],
			"isPositive": true,

			"addition": "duration",

			"data": {
				"stats":
				{
					"speed": 1,
					"initiative": 1,
					"hp": 15,
					"maxEnergy": -3,
					"ignoreShootingBlock": true
				}
			}
		},

		{
			"id": "druid_bees",

			"aiValue": 7060,
			"aiValuePerDuration": 706,
			
			"icon": "druid_bees_icon",
			"name_": "druid_ability_2_name",
			"description_": "druid_bees_description",
			"tags": [ "negative", "overTime_effect", "overTime_effect_normal" ],
			"isPositive": false,

			"addition": "none",

			"actions":
			[
				{
					"trigger": "start_turn",
					"triggerConditions": 
					[
						{
							"checkFunction": "allegiance",
							"values": [ "self" ]
						}
					],
					
					"damageDealer": 
					{
						"tags": [ "passive", "normal_damage", "overTime_effect", "overTime_effect_normal" ],
						"triggerCounter": false,

						"attackPatternSid": "attack_single_x100",

						"castTargetParams":   
						{ 
							"targetTags": [ "unit" ],
							"castTarget_": "self",
							"targetCondition_": "alive",
							"selection": "object"
						},

						"affectTargetParams":   
						{ 
							"targetTags": [ "unit" ],
							"castTarget_": "self",
							"targetCondition_": "alive",
							"selection": "object"
						},

						"damageTarget_": "all",
						"damageType_": "normal",
						"statDmgMult": 0.0,

						"minStackDmg": 8,
						"maxStackDmg": 8
					}
				}
			]
		},

		{
			"id": "qilin_wisp_buff_1",

			"aiValue": 20060,
			"aiValuePerDuration": 2006,
			
			"icon": "qilin_wisp_buff_icon",
			"name_": "qilin_ability_1_name",
			"description_": "qilin_wisp_buff_1_description",

			"infinite": true, "hidden": true, "canDispel": false, "dontMimic": true, "dontTriggerAction": true, "keepOnDeath": true,

			"tags": [ "positive" ],
			"isPositive": true,

			"addition": "duration",

			"data": {
				"stats":
				{
					"speed": 1,
					"initiative": 1,
					"hp": 20
				},
				"sequenceEffect": "disable_counter"
			},

			"statOverrides": [  {  "stat": "maxEnergy", "value": 0  }  ]
		},
		{
			"id": "qilin_wisp_buff_2",

			"aiValue": 20060,
			"aiValuePerDuration": 2006,
			
			"icon": "qilin_wisp_buff_icon",
			"name_": "qilin_ability_2_name",
			"description_": "qilin_wisp_buff_1_description",

			"infinite": true, "hidden": true, "canDispel": false, "dontMimic": true, "dontTriggerAction": true, "keepOnDeath": true,

			"tags": [ "positive" ],
			"isPositive": true,

			"addition": "duration",

			"data": {
				"stats":
				{
					"speed": 1,
					"initiative": 1,
					"hp": 20,
					"maxEnergy": -3
				},
				"sequenceEffect": "disable_counter"
			}
		},

		{
			"id": "phoenix_wisp_buff_1",

			"aiValue": 20060,
			"aiValuePerDuration": 2006,
			
			"icon": "phoenix_wisp_buff_icon",
			"name_": "phoenix_ability_1_name",
			"description_": "phoenix_wisp_buff_1_description",

			"infinite": true, "hidden": true, "canDispel": false, "dontMimic": true, "dontTriggerAction": true, "keepOnDeath": true,

			"tags": [ "positive" ],
			"isPositive": true,

			"addition": "duration",

			"data": {
				"stats":
				{
					"speed": 1,
					"initiative": 1,
					"hp": 25,
					"alwaysMaxDmg":	true
				}
			},

			"statOverrides": [  {  "stat": "maxEnergy", "value": 0  }  ]
		},
		{
			"id": "phoenix_wisp_buff_2",

			"aiValue": 20060,
			"aiValuePerDuration": 2006,
			
			"icon": "phoenix_wisp_buff_icon",
			"name_": "phoenix_ability_2_name",
			"description_": "phoenix_wisp_buff_1_description",

			"infinite": true, "hidden": true, "canDispel": false, "dontMimic": true, "dontTriggerAction": true, "keepOnDeath": true,

			"tags": [ "positive" ],
			"isPositive": true,

			"addition": "duration",

			"data": {
				"stats":
				{
					"speed": 1,
					"initiative": 1,
					"hp": 25,
					"maxEnergy": -3,
					"alwaysMaxDmg":	true
				}
			}
		},


		{
			"id": "elf_tracker_selfbuff",

			"aiValue": 7060,
			"aiValuePerDuration": 706,
			
			"maxDuration": 1,

			"icon": "elf_tracker_selfbuff_icon",
			"name_": "elf_tracker_ability_1_name",
			"description_": "elf_tracker_selfbuff_description",

			"tags": [ "positive", "movementPositive" ],
			"isPositive": true,

			"addition": "duration",

			"data": {
				"stats":
				{
					"damageMin": 2,
					"damageMax": 2,
					"speed": 2
				}
			}
		},
		{
			"id": "ent_root",

			"aiValue": 7060,
			"aiValuePerDuration": 706,
			
			"icon": "ent_root_icon",
			"name_": "ent_passive_3_name",
			"description_": "ent_root_description",

			"tags": [ "negative", "movementNegative" ],
			"isPositive": false,

			"addition": "duration",

			"statOverrides": [  {  "stat": "speed", "value": 0  }  ]
		},
		{
			"id": "ent_buff",

			"aiValue": 7060,
			"aiValuePerDuration": 706,

			"icon": "ent_buff_icon",
			"name_": "ent_ability_4_name",
			"description_": "ent_buff_description",

			"tags": [ "positive" ],
			"isPositive": true,

			"addition": "duration",

			"data": {

			},

			"mimicStats": [ { "fromType": "flat", "toType": "flat", "from": "offence", "to": "defence", "stackCountInt": 1, "bonusInt": 1, "checkPositivity": true, "positivity": true } ],

			"statOverrides": [  {  "stat": "offence", "value": 0  }  ]
		},
		{
			"id": "aqualotl_debuff_1",

			"aiValue": 7060,
			"aiValuePerDuration": 706,
			
			"icon": "aqualotl_debuff_1_icon",
			"name_": "aqualotl_ability_5_name",
			"description_": "aqualotl_debuff_1_description",

			"tags": [ "negative", "movementNegative" ],
			"isPositive": false,

			"addition": "duration",

			"data": {
				"stats": 
				{
					"speed": -2,
					"initiative": -2
				}
			}
		},
		{
			"id": "aqualotl_debuff_1_old",

			"maxDuration": 1,

			"icon": "aqualotl_debuff_1_icon",
			"name_": "aqualotl_ability_5_name",
			"description_": "aqualotl_debuff_1_description",

			"tags": [ "negative" ],
			"isPositive": false,

			"addition": "duration",

			"data": {

			},

			"statOverrides": [  {  "stat": "offence", "value": 0  }  ]
		},
		{
			"id": "aqualotl_debuff_2",

			"aiValue": 4060,
			"aiValuePerDuration": 406,
			
			"icon": "aqualotl_debuff_2_icon",
			"name_": "aqualotl_passive_2_name",
			"description_": "aqualotl_debuff_2_description",

			"tags": [ "negative" ],
			"isPositive": false,

			"addition": "duration",
			"data": {	

				"immunities": 
				[ 
					{ "type": "mechanic", "tags": [ "heal" ] },
					{ "type": "mechanic", "tags": [ "heal_percent" ] },
					{ "type": "mechanic", "tags": [ "vampirism" ] },
					{ "type": "mechanic", "tags": [ "revive" ] }
				]
			}
		},
		{
			"id": "druid_buff",

			"aiValue": 5560,
			"aiValuePerDuration": 556,
			
			"icon": "druid_buff_icon",
			"name_": "druid_ability_3_name",
			"description_": "druid_buff_description",

			"tags": [ "positive" ],
			"isPositive": true,

			"addition": "duration",

			"data": {
				"immunities":  [  { "type": "damage", "tags": [ "magic_damage" ] } ]
			}
		},
		{
			"id": "druid_debuff",

			"aiValue": 7060,
			"aiValuePerDuration": 706,
			
			"maxDuration": 1,

			"icon": "druid_debuff_icon",
			"name_": "druid_ability_2_name",
			"description_": "druid_debuff_description",

			"tags": [ "negative" ],
			"isPositive": false,

			"addition": "duration",

			"data": {

			},

			"statOverrides": [  {  "stat": "defence", "value": 0  }  ]
		},
		{
			"id": "qilin_buff",

			"aiValue": 7060,
			"aiValuePerDuration": 706,
			
			"icon": "qilin_buff_icon",
			"name_": "qilin_ability_3_name",
			"description_": "qilin_buff_description",

			"tags": [ "positive" ],
			"isPositive": true,

			"addition": "duration",

			"data": {

			},

			"mimicStats": [ { "fromType": "flat", "toType": "flat", "from": "defence", "to": "offence", "stackCountInt": 1, "bonusInt": 1, "checkPositivity": true, "positivity": true } ],

			"statOverrides": [  {  "stat": "defence", "value": 0  }  ]
		},
		{
			"id": "qilin_selfbuff",

			"aiValue": 8560,
			"aiValuePerDuration": 856,
			
			"icon": "qilin_buff_icon",
			"name_": "qilin_ability_5_name",
			"description_": "qilin_selfbuff_description",

			"tags": [ "positive" ],
			"isPositive": true,

			"addition": "duration",

			"data": {
				"stats": 
				{
					"inAllDmgMod": -0.25,
					"ignoreObstacles": true
				}
			}
		},
		{
			"id": "phoenix_ignition",

			"aiValue": 10060,
			"aiValuePerDuration": 1006,
			
			"icon": "phoenix_ignition_icon",
			"name_": "graverobber_passive_2_name",
			"description_": "phoenix_ignition_description",
			"tags": [ "negative", "overTime_effect", "overTime_effect_fire" ],
			"isPositive": false,

			"addition": "none",

			"actions":
			[
				{
					"trigger": "start_turn",
					"triggerConditions": 
					[
						{
							"checkFunction": "allegiance",
							"values": [ "self" ]
						}
					],
					
					"damageDealer": 
					{
						"tags": [ "passive", "magic_damage", "overTime_effect", "overTime_effect_fire" ],
						"triggerCounter": false,

						"attackPatternSid": "attack_single_x100",

						"castTargetParams":   
						{ 
							"targetTags": [ "unit" ],
							"castTarget_": "self",
							"targetCondition_": "alive",
							"selection": "object"
						},

						"affectTargetParams":   
						{ 
							"targetTags": [ "unit" ],
							"castTarget_": "self",
							"targetCondition_": "alive",
							"selection": "object"
						},

						"damageTarget_": "all",
						"damageType_": "magic_pure",
						"statDmgMult": 0.0,

						"minStackDmg": 50,
						"maxStackDmg": 50
					}
				}
			]
		}
	]
}
