{
	"array":
	[
		{
			"id": "trogl_debuff",

			"aiValue": 7060,
			"aiValuePerDuration": 706,
			
			"maxDuration": 2,

			"icon": "trogl_debuff_icon",
			"name_": "trogl_debuff_name",
			"description_": "trogl_debuff_description",

			"dontMimic": true,

			"tags": [ "negative", "buff_effect_poison" ],
			"isPositive": false,

			"addition": "data",

			"data": {
				"stats":
				{
					"inAllDmgMod": 0.25
				}
			}
		},

		{
			"id": "assassin_debuff",

			"aiValue": 7060,
			"aiValuePerDuration": 706,
			
			"vfxList": [ "effects/status/debuff_counterstrike_hex" ],

			"icon": "assassin_debuff_icon",
			"name_": "assassin_passive_2_name",
			"description_": "assassin_debuff_description",

			"dontMimic": true,

			"tags": [ "negative", "shacklesEffect" ],
			"isPositive": false,

			"maxDuration": 1,

			"addition": "data",

			"data": {
				"disablers": 
				[
					{
						"ability": "counter_attack",
						"attack": "all"
					}
				]
			}
		},

		{
			"id": "assassin_buff",

			"aiValue": 7060,
			"aiValuePerDuration": 706,
			
			"maxDuration": 1,

			"icon": "assassin_buff_icon",
			"name_": "assassin_ability_3_name",
			"description_": "assassin_buff_description",

			"hidden": true, "canDispel": false, "dontMimic": true,

			"tags": [ "positive" ],
			"isPositive": true,

			"addition": "duration",

			"data": {	"stats": 	{	"untargetable": true	}	}
		},

		{
			"id": "assassin_selfbuff",

			"aiValue": 7060,
			"aiValuePerDuration": 706,
			
			"icon": "assassin_buff_icon",
			"name_": "assassin_ability_2_name",
			"description_": "assassin_buff_description",

			"hidden": true, "canDispel": false, "dontMimic": true,

			"tags": [ "positive" ],
			"isPositive": true,

			"addition": "duration",

			"data": {
				"stats" :
				{
					"armorPen" : 1.0
				}
			}
		},

		{
			"id": "assassin_selfbuff_2",

			"aiValue": 4060,
			"aiValuePerDuration": 406,
			
			"icon": "assassin_selfbuff_2_icon",
			"name_": "assassin_passive_3_name",
			"description_": "assassin_selfbuff_2_description",

			"infinite": true, "hidden": true, "canDispel": false, "dontMimic": true,

			"tags": [ "positive" ],
			"isPositive": true,

			"addition": "data",

			"data": {
				"stats" :
				{
					"luck" : 1
				}
			}
		},

		{
			"id": "assassin_selfbuff_3",

			"aiValue": 5560,
			"aiValuePerDuration": 556,
			
			"icon": "assassin_buff_icon",
			"name_": "assassin_ability_2_name",
			"description_": "assassin_buff_description",

			"hidden": true, "canDispel": true, "dontMimic": true, "keepOnDeath": true,

			"tags": [ "positive" ],
			"isPositive": true,

			"addition": "duration",

			"data": {
				"sequenceEffect": "return_to_start_after_attack"
			}
		},

		{
			"id": "blade_dancer_buff_1",

			"aiValue": 5560,
			"aiValuePerDuration": 556,
			
			"icon": "blade_dancer_buff_icon",
			"name_": "blade_dancer_ability_2_name",
			"description_": "blade_dancer_buff_description",

			"tags": [ "positive" ],
			"isPositive": true,

			"addition": "duration",

			"data": {
				"stats":
				{
					"offence": 4,
					"defence": 4
				}
			}
		},
		{
			"id": "blade_dancer_buff_2",

			"aiValue": 7060,
			"aiValuePerDuration": 706,
			
			"icon": "blade_dancer_buff_icon",
			"name_": "blade_dancer_ability_2_name",
			"description_": "blade_dancer_buff_description",

			"tags": [ "positive" ],
			"isPositive": true,

			"addition": "duration",

			"data": {
				"stats":
				{
					"offence": 6,
					"defence": 6
				}
			}
		},
		{
			"id": "blade_dancer_debuff_1",

			"aiValue": 4060,
			"aiValuePerDuration": 406,
			
			"infinite": true, 

			"icon": "blade_dancer_debuff_icon",
			"name_": "blade_dancer_passive_1_name",
			"description_": "blade_dancer_debuff_description",

			"tags": [ "negative" ],
			"isPositive": false,

			"addition": "data",

			"data": {
				"stats":
				{
					"defence": -1
				}
			}
		},
		{
			"id": "blade_dancer_debuff_2",

			"aiValue": 4060,
			"aiValuePerDuration": 406,
			
			"infinite": true, 

			"icon": "blade_dancer_debuff_icon",
			"name_": "blade_dancer_passive_1_name",
			"description_": "blade_dancer_debuff_description",

			"tags": [ "negative" ],
			"isPositive": false,

			"addition": "data",

			"data": {
				"stats":
				{
					"defence": -2
				}
			}
		},

		{
			"id": "minos_buff",

			"aiValue": 7060,
			"aiValuePerDuration": 706,
			
			"icon": "minos_buff_icon",
			"name_": "minos_ability_2_name",
			"description_": "minos_buff_description",

			"tags": [ "positive" ],
			"isPositive": true,

			"addition": "duration",

			"data": {
				"stats":
				{
					"attackPen": 1.0
				}
			}
		},

		{
			"id": "minos_selfbuff",

			"aiValue": 5560,
			"aiValuePerDuration": 556,
			
			"maxDuration": 2,

			"icon": "minos_selfbuff_icon",
			"name_": "minos_passive_2_name",
			"description_": "minos_selfbuff_description",

			"infinite": true, "hidden": true, "canDispel": false, "dontMimic": true,

			"tags": [ "positive" ],
			"isPositive": true,

			"addition": "data",

			"data": {
				"stats":
				{
					"moral": 1
				}
			}
		},

		{
			"id": "minos_moral_selfbuff",

			"aiValue": 4060,
			"aiValuePerDuration": 406,
			
			"icon": "minos_moral_selfbuff_icon",
			"name_": "minos_passive_3_name",
			"description_": "minos_moral_selfbuff_description",

			"tags": [ "positive", "movementPositive" ],
			"isPositive": true,

			"addition": "duration",

			"maxDuration": 1,

			"data": {
				"stats":
				{
					"offence": 8,
					"defence": 8,
					"speed": 2
				}
			}
		},

		{
			"id": "medusa_debuff",

			"aiValue": 5560,
			"aiValuePerDuration": 556,
			
			"maxDuration": 2,

			"icon": "medusa_debuff_icon",
			"name_": "medusa_passive_1_name",
			"description_": "medusa_debuff_description",

			"tags": [ "negative", "movementNegative" ],
			"isPositive": false,

			"data":
			{
				"stats":
				{
					"initiative": -2
				}
			}
		},
		{
			"id": "medusa_stone",

			"aiValue": 8560,
			"aiValuePerDuration": 856,
			
			"vfxList": [ "effects/status/petrification_unit" ],
			"visualMechanics": [{"mech": "pause_animator"}],
			"icon": "medusa_stone_icon",
			"name_": "medusa_ability_3_name",
			"description_": "medusa_stone_description",

			"tags": [ "negative", "movementNegative" ],
			"isPositive": false,

			"data":
			{
				"sequenceEffect": "skip_turn",
				"disablers":[{"ability": "counter_attack", "attack": "all"}],
				"stats":
				{
					"inDmgMods":
					{
						"list":
						[
							{ "t": "normal_damage", "v": 1.0 }
						]
					}
				},

				"immunities":  [  { "type": "damage", "tags": [ "magic_damage" ] } ]
			}
		},

		{
			"id": "hydra_debuff",

			"aiValue": 5560,
			"aiValuePerDuration": 556,
			
			"maxDuration": 2,

			"icon": "hydra_debuff_icon",
			"name_": "hydra_debuff_name",
			"description_": "hydra_debuff_description",

			"dontMimic": true,

			"tags": [ "negative", "buff_effect_poison" ],
			"isPositive": false,

			"addition": "duration",

			"data": {
				"stats":
				{
					"outAllDmgMod": 0.25
				}
			}
		},

		{
			"id": "hydra_selfbuff_1",

			"aiValue": 4060,
			"aiValuePerDuration": 406,
			
			"icon": "hydra_selfbuff_1_icon",
			"name_": "hydra_passive_4_name",
			"description_": "hydra_selfbuff_description",

			"infinite": true, "hidden": true, "canDispel": false, "dontMimic": true, "dontTriggerAction": true, "keepOnDeath": true,

			"tags": [ "positive" ],
			"isPositive": true,

			"addition": "data",

			"data": {
				"stats":
				{
					"offence": 1
				}
			}
		},

		{
			"id": "hydra_selfbuff_2",

			"aiValue": 4060,
			"aiValuePerDuration": 406,
			
			"icon": "hydra_selfbuff_2_icon",
			"name_": "hydra_passive_4_name",
			"description_": "hydra_selfbuff_description",

			"infinite": true, "hidden": false, "canDispel": false, "dontMimic": true, "dontTriggerAction": true, "keepOnDeath": true,

			"tags": [ "positive" ],
			"isPositive": true,

			"addition": "data",

			"data": {
				"stats":
				{
					"offence": 2
				}
			}
		},

		{
			"id": "black_dragon_buff",

			"aiValue": 10060,
			"aiValuePerDuration": 1006,
			
			"maxDuration": 2,

			"icon": "black_dragon_buff_icon",
			"name_": "black_dragon_ability_2_name",
			"description_": "black_dragon_buff_description",

			"vfxList": [ "effects/status/buff_fire_shield_hex" ],

			"tags": [ "positive" ],
			"isPositive": true,
			
			"addition": "duration",
			"actions":
			[
				{
					"trigger": "unit_took_damage",
					"triggerConditions": 
					[
						{
							"checkFunction": "allegiance",
							"values": [ "self" ]
						}
					],

					"damageDealer": 
					{
						"tags": [ "passive" ],
						"triggerCounter": false,

						"damageTarget_": "none",
						"statDmgMult": 0.0,

						"attackPatternSid": "attack_single_x100",

						"castTargetParams":   
						{
							"targetTags": [ "unit" ],
							"castTarget_": "self",
							"targetCondition_": "all"
						},

						"affectTargetParams":   
						{
							"targetTags": [ "unit" ],
							"castTarget_": "self",
							"targetCondition_": "all"
						},

						"targetMechanics":
						[
							{ "mech": "revenge_damage", "values": [ "flat", "magic_pure", "0", "50", "1", "8", "melee" ], "additionalValues": ["magic_damage"] }
						]
					}
				}
			]
		}
	]
}
