﻿{
	"array":
	[
		{
			"id": "campaign_M4_normal",

			"strategies":
			[
				{
					"sid": "multi_hero_firstDay",
					"off": false,

					"lastAreaTasksMultiplier": 1,

					"conditions":
					{
						"logic": "And",
						"array":
						[
							{
								"condition": "dayFromStart",
								"param": [ "1" ]
							}
						]
					},

					"actionsBefore":
					[
						{ "sid": "cityBuilder" },
						{ "sid": "cityHireGarnison" },
						{ "sid": "garisonUnitsUpgrade" },	
						{ "sid": "markNodeInLastArea" }
					],
					"actionsAfter":
					[

					],
					
					"roles": [ "multi_hero_firstDay_scout_normal", "multi_hero_firstDay_scout_main_normal", "multi_hero_firstDay_scout_normal" ],
					"heroesSort": "None"
				},




				
				{
					"sid": "multi_hero_lastChance",

					"lastAreaTasksMultiplier": 1,

					"conditions":
					{
						"array": [ { "condition": "dontHaveCity" } ]
					},

					"actionsBefore":
					[
						{ "sid": "cityBuilder" },
						{ "sid": "surrenderIfWeak", "p": [ "false", "0.1" ] }	,
						{ "sid": "markNodeInLastArea" }					
					],
					"actionsAfter":
					[

					],
					
					"roles": [ "multi_hero_lastChance_main_hero_normal", "multi_hero_lastChance_courier_normal" ],
					"heroesSort": "Value"
				},




				{
					"sid": "multi_hero_defenceActive",

					"lastAreaTasksMultiplier": 1,

					"conditions":
					{
						"array": [ { "condition": "weakEnemyInMyArea" } ]
					},

					"actionsBefore":
					[
						{ "sid": "cityBuilder" },
						{ "sid": "markEnemyCityCloseToMain", "p": [ "-1", "false" ] },
						{ "sid": "markEnemyHeroCloseToMain", "p": [ "-1", "false" ] },
						{ "sid": "cityHireGarnison" },
						{ "sid": "garisonUnitsUpgrade" },	
						{ "sid": "markCityToCourierWithBestGarnison" },
						{ "sid": "markCityToUnitUpgrade" },
						{ "sid": "markNodeInLastArea" }
					],
					"actionsOnSelectHero":
					[
						{ "sid": "markEnemyCityCloseToMain", "p": [ "-1", "false" ] },
						{ "sid": "markEnemyHeroCloseToMain", "p": [ "-1", "false" ] },
						{ "sid": "markCityToCourierWithBestGarnison" },
						{ "sid": "markCityToUnitUpgrade" },
						{ "sid": "markNodeInLastArea" }
					],
					"actionsAfter":
					[
						{ "sid": "storyHeroResurect" }
					],
					
					"roles": [ "multi_hero_defenceActive_main_hero_normal", "multi_hero_defenceActive_courier_main_normal", "multi_hero_defenceActive_courier_normal", "multi_hero_default_generalist_normal" ],
					"heroesSort": "Value"
				},


				{
					"sid": "multi_hero_defencePassive",

					"lastAreaTasksMultiplier": 1,

					"conditions":
					{
						"array": [ { "condition": "strongEnemyInMyArea" } ]
					},

					"actionsBefore":
					[
						{ "sid": "cityBuilder" },
						{ "sid": "markCityCloseToEnemy" },
						{ "sid": "cityHireGarnison" },
						{ "sid": "garisonUnitsUpgrade" },	
						{ "sid": "markCityToCourierWithBestGarnison" },
						{ "sid": "markCityToUnitUpgrade" },
						{ "sid": "markNodeInLastArea" }
					],
					"actionsOnSelectHero":
					[
						{ "sid": "markCityCloseToEnemy" },
						{ "sid": "markCityToCourierWithBestGarnison" },
						{ "sid": "markCityToUnitUpgrade" },
						{ "sid": "markNodeInLastArea" }
					],
					"actionsAfter":
					[
						{ "sid": "removeGarnisonInMakerCity" },
						{ "sid": "storyHeroResurect" }
					],
					
					"roles": [ "multi_hero_defencePassive_main_hero_normal", "multi_hero_defencePassive_courier_main_normal", "multi_hero_defencePassive_courier", "multi_hero_default_generalist_normal" ],
					"heroesSort": "Value"
				},

				{
					"sid": "multi_hero_defualtWar",

					"lastAreaTasksMultiplier": 10,

					"conditions":
					{
						"array":
						[
							{
								"condition": "canAttackArea",
								"param": [ "1.15" ]
							}
						]
					},

					"actionsBefore":
					[
						{ "sid": "cityBuilder" },
						{ "sid": "cityHireGarnison" },
						{ "sid": "garisonUnitsUpgrade" },
						{ "sid": "markEnemyCityCloseToMain", "p": [ "-1", "false" ] },
						{ "sid": "markEnemyHeroCloseToMain", "p": [ "-1", "false" ] },
						{ "sid": "markCityToCourierWithBestGarnison" },
						{ "sid": "markCityToUnitUpgrade" },
						{ "sid": "markNodeInLastArea" }
					],
					"actionsOnSelectHero":
					[
						{ "sid": "markEnemyCityCloseToMain", "p": [ "-1", "false" ] },
						{ "sid": "markEnemyHeroCloseToMain", "p": [ "-1", "false" ] },
						{ "sid": "markCityToCourierWithBestGarnison" },
						{ "sid": "markCityToUnitUpgrade" },
						{ "sid": "markNodeInLastArea" }
					],
					"actionsAfter":
					[
						{ "sid": "storyHeroResurect" }
					],
					
					"roles": [ "multi_hero_defaultWar_main_hero_normal", "multi_hero_defaultWar_courier_main_normal", "multi_hero_defaultWar_generalist_normal" ],
					"heroesSort": "Value"
				},

				{
					"sid": "multi_hero_captureArea",

					"lastAreaTasksMultiplier": 50,

					"conditions":
					{
						"array": [ { "condition": "haveFreeToCaptureArena" } ]
					},

					"actionsBefore":
					[
						{ "sid": "selectKeyObjectInFreeArea", "p": [ "-1", "false" ] },
						{ "sid": "cityBuilder" },
						{ "sid": "cityHireGarnison" },
						{ "sid": "garisonUnitsUpgrade" },	
						{ "sid": "markCityToCourierWithBestGarnison" },
						{ "sid": "markCityToUnitUpgrade" },
						{ "sid": "markNodeInLastArea" }
					],
					"actionsOnSelectHero":
					[
						{ "sid": "selectKeyObjectInFreeArea", "p": [ "-1", "false" ] },
						{ "sid": "markCityToCourierWithBestGarnison" },
						{ "sid": "markCityToUnitUpgrade" },
						{ "sid": "markNodeInLastArea" }
					],
					"actionsAfter":
					[
						{ "sid": "removeWeakUnits", "p": [ "0.05", "7", "notMain" ] },
						{ "sid": "storyHeroResurect" }
					],
					
					"roles": [ "multi_hero_captureArea_main_hero_normal", "multi_hero_captureArea_courier_normal", "multi_hero_default_generalist_normal" ],
					"heroesSort": "Value"
				},

				{
					"sid": "multi_hero_expandArea",

					"lastAreaTasksMultiplier": 1,

					"conditions":
					{
						"logic": "And",
						"array":
						[
							{
								"condition": "inOpenedAreasPercentLeftValues",
								"param": [ "0.6", "true" ]
							},
							{
								"condition": "isHaveFrontiers"
							}
						]
					},

					"actionsBefore":
					[
						{ "sid": "selectAreaToExpand" },
						{ "sid": "cityBuilder" },
						{ "sid": "cityHireGarnison" },
						{ "sid": "garisonUnitsUpgrade" },	
						{ "sid": "markCityToCourierWithBestGarnison" },
						{ "sid": "markCityToUnitUpgrade" },
						{ "sid": "markEnemyCityCloseToMain", "p": [ "-1", "false" ] },
						{ "sid": "markEnemyHeroCloseToMain", "p": [ "-1", "false" ] },
						{ "sid": "markNodeInLastArea" }
					],
					"actionsOnSelectHero":
					[
						{ "sid": "selectAreaToExpand" },
						{ "sid": "markCityToCourierWithBestGarnison" },
						{ "sid": "markCityToUnitUpgrade" },
						{ "sid": "markEnemyCityCloseToMain", "p": [ "-1", "false" ] },
						{ "sid": "markEnemyHeroCloseToMain", "p": [ "-1", "false" ] },
						{ "sid": "markNodeInLastArea" }
					],
					"actionsAfter":
					[
						{ "sid": "storyHeroResurect" }
					],
					
					"roles": [ "multi_hero_expandArea_main_hero_normal", "multi_hero_expandArea_courier_main_normal", "multi_hero_expandArea_courier_normal", "multi_hero_default_generalist_normal" ],
					"heroesSort": "Value"
				},

				
				{
					"sid": "multi_hero_defualt",

					"lastAreaTasksMultiplier": 3,

					"actionsBefore":
					[
						{ "sid": "cityBuilder" },
						{ "sid": "cityHireGarnison" },
						{ "sid": "garisonUnitsUpgrade" },	
						{ "sid": "markCityToCourierWithBestGarnison" },
						{ "sid": "markCityToUnitUpgrade" },
						{ "sid": "markNodeInLastArea" }
					],
					"actionsOnSelectHero":
					[
						{ "sid": "markCityToCourierWithBestGarnison" },
						{ "sid": "markCityToUnitUpgrade" },
						{ "sid": "markNodeInLastArea" }
					],
					"actionsAfter":
					[
						{ "sid": "removeWeakUnits", "p": [ "0.05", "7", "notMain" ] },
						{ "sid": "storyHeroResurect" }
					],
					
					"roles": [ "multi_hero_default_main_hero_normal", "multi_hero_default_courier_main_normal", "multi_hero_default_courier_normal", "multi_hero_default_generalist_normal" ],
					"heroesSort": "Value"
				}
			]
		}
	]
}
