﻿{
	"array":
	[
		{
			"id": "campaign_M3",

			"strategies":
			[
				{
					"sid": "multi_hero_defualt",

					"lastAreaTasksMultiplier": 1,

					"actionsBefore":
					[

					],
					"actionsOnSelectHero":
					[

					],
					"actionsAfter":
					[
						{ "sid": "storyHeroResurect" }
					],
					
					"roles": [ "multi_hero_default_main_hero", "multi_hero_default_courier_main", "multi_hero_default_courier", "multi_hero_default_generalist" ],
					"heroesSort": "Value"
				}
			]
		}
	]
}
