{
	"array": [
		{
			"id": "t_M_BASIC_dial_9",
			"localization": true,
			"slides": [
				{
					"id": "start",
					"fon": "",
					"avatars": [],
					"title": {
						"sid": "t_M_title",
						"position": 3
					},
					"text": "t_M_BASE_dial_9_1",
					"mapActions": [ { "a": "DeleteEntity", "p": [ "block_3_1" ] }, { "a": "DeleteEntity", "p": [ "block_3_2" ] }, { "a": "DeleteEntity", "p": [ "block_3_3" ] }, { "a": "SubQuestActivate", "p": [ "Questlog", "step_8" ] } ],
					"end": true
				}
			]
		}
	]
}