{
	"array": [
		{
			"id": "t_M_BASIC_dial_start",
			"localization": true,
			"slides": [
				{
					"id": "start",
					"fon": "",
					"avatars": [],
					"title": {
						"sid": "t_M_title",
						"position": 3
					},
					"text": "t_M_BASE_dial_start_1",
					"next": "1"
				},
				{
					"id": "1",
					"fon": "",
					"avatars": [],
					"title": {
						"sid": "t_M_title",
						"position": 3
					},
					"mapActions": [ { "a": "Guide", "p": [ "tutorial_M_BASIC_start" ] } ],
					"invokeOnlyActions": true,
					"end": true
				}
			]
		}
	]
}