{
	"array": [
		{
			"id": "t_M_dial_6",
			"localization": true,
			"slides": [
				{
					"id": "start",
					"fon": "",
					"avatars": [],
					"title": {
						"sid": "t_M_title",
						"position": 3
					},
					"text": "t_M_dial_6_1",
					"mapActions": [ ],
					"next": "1"
				},
				{
					"id": "1",
					"fon": "",
					"avatars": [],
					"title": {
						"sid": "t_M_title",
						"position": 3
					},
					"text": "t_M_dial_6_2",
					"mapActions": [ ],
					"next": "2"
				},
				{
					"id": "2",
					"fon": "",
					"avatars": [],
					"title": {
						"sid": "t_M_title",
						"position": 3
					},
					"text": "t_M_dial_6_3",
					"mapActions": [ ],
					"end": true
				}
			]
		}
	]
}