{
	"array": [
		{
			"id": "t_C4_dial_end",
			"localization": true,
			"slides": [
				{
					"id": "start",
					"fon": "",
					"avatars": [],
					"title": {
						"sid": "t_M_title",
						"position": 3
					},
					"text": "t_M_dial_end",
					"next": "1"
				},
				{
					"id": "1",
					"fon": "",
					"avatars": [],
					"title": {
						"sid": "",
						"position": 3
					},
					"text": "",
					"mapActions": [ { "a": "CounterPlus", "p": [ "Tutorial_C4_Win_Counter", "1" ] } ],
					"invokeOnlyActions": true,
					"end": true
				}
			]
		}
	]
}