﻿{
	"array":
	[
		{
			"id": "dungeon_hero_13",
			"mesh": "dungeon_mage",
			"mounts": [ "dungeon_mount" ],
			"icon": "hero_dungeon_13_Motley",
			"fraction": "dungeon",
			"nativeBiome": "Dirt",
			"classType": "magic",

			"skillsRollVariant": "dungeon_magic_skills_table",

			"costGold": 2500,
			"startLevel": 1,
			"attacksTimesBefore": [0.5],

			"startSquad" : [
				{ "sid": "blade_dancer", "min": 6, "max": 7 },
				{ "sid": "blade_dancer", "min": 6, "max": 7 },
				{ "sid": "blade_dancer", "min": 6, "max": 7 }
			],

			"startSquadAlt": [
				{ "sid": "blade_dancer", "min": 1, "max": 1 }
			],

			"specialization": "dungeon_hero_13_specialization",

			"stats":
			{
				"viewRadius":   6,
				"statsNum":     1,				
				"magicCastsPerRound":     1,

				"enableTactics": true,
				"enableHeroNativeBiome":true,
				
				"offence":      0,
				"defence":      2,
				"spellPower":   2,
				"intelligence": 3,
				"luck":         0,
				"moral":        0
			},

			"statsRolls":
			[
				{
					"levelFrom": 1,
					"rollChances":
					[
						{ "v": 0, "c": 15 },
						{ "v": 1, "c": 20 },
						{ "v": 2, "c": 30 },
						{ "v": 3, "c": 35 }
					]
				},
				{
					"levelFrom": 12,
					"rollChances":
					[
						{ "v": 0, "c": 25 },
						{ "v": 1, "c": 25 },
						{ "v": 2, "c": 25 },
						{ "v": 3, "c": 25 }
					]
				}
			],

			"startSkills":
			[
				{
					"sid": "skill_faction_dungeon",
					"skillLevel": 1
				},

				{
					"sid": "skill_luck",
					"skillLevel": 1
				}
			],

			"startMagics":
			[
				{
					"sidConfig": "night_9_magic_twilight",
					"level": 1,
					"isLearned": true
				}
			]
		}
	]
}