﻿{
	"array":
	[
		{
			"id": "dungeon_hero_1",
			"mesh": "dungeon_warrior",
			"mounts": [ "dungeon_mount" ],
			"icon": "hero_dungeon_1_Enatee",
			"fraction": "dungeon",
			"nativeBiome": "Dirt",
			"classType": "might",

			"skillsRollVariant": "dungeon_might_skills_table",

			"costGold": 2500,
			"startLevel": 1,
			"attacksTimesBefore": [0.5],

			"startSquad" : [
				{ "sid": "trogl", "min": 21, "max": 28 },
				{ "sid": "medusa", "min": 3, "max": 4 }
			],

			"startSquadAlt": [
				{ "sid": "medusa", "min": 1, "max": 1 }
			],

			"specialization": "dungeon_hero_1_specialization",

			"stats":
			{
				"viewRadius":   6,
				"statsNum":     1,				
				"magicCastsPerRound":     1,

				"enableTactics": true,
				"enableHeroNativeBiome":true,
				
				"offence":      2,
				"defence":      2,
				"spellPower":   2,
				"intelligence": 1,
				"luck":         0,
				"moral":        0
			},

			"statsRolls":
			[
				{
					"levelFrom": 1,
					"rollChances":
					[
						{ "v": 0, "c": 25 },
						{ "v": 1, "c": 30 },
						{ "v": 2, "c": 25 },
						{ "v": 3, "c": 20 }
					]
				},
				{
					"levelFrom": 12,
					"rollChances":
					[
						{ "v": 0, "c": 25 },
						{ "v": 1, "c": 25 },
						{ "v": 2, "c": 25 },
						{ "v": 3, "c": 25 }
					]
				}
			],

			"startSkills":
			[
				{
					"sid": "skill_faction_dungeon",
					"skillLevel": 1
				},

				{
					"sid": "skill_protection",
					"skillLevel": 1
				}
			],

			"startMagics":
			[

			]
		}
	]
}