{
	"array":
	[
		{
			"id": "magic_space_trap_jaws_summon_1",
			"name": "space_5_magic_trap_jaws_name",
			"stoppingUnit": false,
			"stopping": "all_path",

			"vfx": "magic/Prefabs_vfx/magic_trap_jaws_capture_hex",
			"timeBeforeExplosion": 0,
			"attackTimeBefore": 1.25,
			"attackTimeAfter": 2,

			"tags": [ "trap" ],

			"charges": 1,
			"damageDealer":
			{
				"tags": [ "magic_damage", "pure_damage", "trap_damage" ],
				"attackPatternSid" : "attack_rumble_x1_x100",

				"castTargetParams":
				{
					"castTarget_": "all",
					"targetTags": [ "unit" ]
				},

				"affectTargetParams":
				{
					"castTarget_": "all",
					"targetTags": [ "unit" ]
				},

				"damageTarget_": "all",
				"damageType_": "magic_pure",
				"percentDamage": "max_unit",

				"minPercentDmg": 1,
				"maxPercentDmg": 1
			}			
		},
		{
			"id": "magic_space_trap_jaws_summon_2",
			"name": "space_5_magic_trap_jaws_name",
			"stoppingUnit": false,
			"stopping": "all_path",

			"vfx": "magic/Prefabs_vfx/magic_trap_jaws_capture_hex",
			"timeBeforeExplosion": 0,
			"attackTimeBefore": 1.25,
			"attackTimeAfter": 2,

			"tags": [ "trap" ],

			"charges": 1,
			"damageDealer":
			{
				"tags": [ "magic_damage", "pure_damage", "trap_damage" ],
				"attackPatternSid" : "attack_rumble_x1_x100",

						"castTargetParams":   
						{
							"targetTags": ["unit"],
							"selection": "object",
							"castTarget_": "enemy"
						},

						"affectTargetParams":   
						{
							"targetTags": ["unit"],
							"selection": "object",
							"castTarget_": "enemy"
						},

				"damageTarget_": "all",
				"damageType_": "magic_pure",
				"percentDamage": "max_unit",

				"minPercentDmg": 2,
				"maxPercentDmg": 2
			}			
		},
		{
			"id": "magic_space_trap_jaws_summon_3",
			"name": "space_5_magic_trap_jaws_name",
			"stoppingUnit": false,
			"stopping": "all_path",

			"vfx": "magic/Prefabs_vfx/magic_trap_jaws_capture_hex",
			"timeBeforeExplosion": 0,
			"attackTimeBefore": 1.25,
			"attackTimeAfter": 2,

			"tags": [ "trap" ],

			"charges": 1,
			"damageDealer":
			{
				"tags": [ "magic_damage", "pure_damage", "trap_damage" ],
				"attackPatternSid" : "attack_rumble_x1_x100",

						"castTargetParams":   
						{
							"targetTags": ["unit"],
							"selection": "object",
							"castTarget_": "enemy"
						},

						"affectTargetParams":   
						{
							"targetTags": ["unit"],
							"selection": "object",
							"castTarget_": "enemy"
						},

				"damageTarget_": "all",
				"damageType_": "magic_pure",
				"percentDamage": "max_unit",

				"minPercentDmg": 4,
				"maxPercentDmg": 4
			}			
		},



		{
			"id": "magic_space_trap_snare_summon",
			"name": "space_15_magic_trap_snare_name",
			"stoppingUnit": true,
			"stopping": "all_path",

			"vfx": "magic/Prefabs_vfx/magic_trap_snare_capture_hex",
			"timeBeforeExplosion": 0,
			"attackTimeBefore": 1.25,
			"attackTimeAfter": 2,

			"tags": [ "trap" ],

			"hiddenFromEnemy": true,

			"charges": 1,
			"damageDealer":
			{
				"tags": [ "trap_damage" ],
				"attackPatternSid" : "attack_single_x100",

						"castTargetParams":   
						{
							"targetTags": ["unit"],
							"selection": "object",
							"castTarget_": "enemy"
						},

						"affectTargetParams":   
						{
							"targetTags": ["unit"],
							"selection": "object",
							"castTarget_": "enemy"
						},

				"damageTarget_": "none",
				"damageType_": "none",

				"buffTarget_": "all",
				"buff": 
				{
					"sid": "magic_space_trap_snare_effect",
					"duration": 2
				}
			}			
		},



		{
			"id": "magic_primal_wall_of_flame_summon",
			"name": "primal_7_magic_wall_of_flame_name",
			"stoppingUnit": false,
			"stopping": "all_path",

			"vfx": "magic/Prefabs_vfx/magic_wall_of_flame_hex",

			"timeBeforeExplosion": 0.5,
			"attackTimeBefore": 0,
			"attackTimeAfter": 2,

			"tags": [ "trap" ],

			"hiddenFromEnemy": false,

			"damageDealer":
			{
				"tags": [ "magic_damage", "pure_damage", "trap_damage", "primal_7_magic_wall_of_flame_damage" ],
				"attackPatternSid" : "attack_single_x100",

						"castTargetParams":   
						{
							"targetTags": ["unit"],
							"selection": "object",
							"castTarget_": "enemy"
						},

						"affectTargetParams":   
						{
							"targetTags": ["unit"],
							"selection": "object",
							"castTarget_": "enemy"
						},

				"damageTarget_": "all",
				"damageType_": "magic_pure",

				"minBaseDmg": 60,
				"maxBaseDmg": 60,
				"minStackDmg": 10,
				"maxStackDmg": 10
			}			
		},

		{
			"id": "magic_primal_wall_of_flame_summon_1",
			"name": "primal_7_magic_wall_of_flame_name",
			"stoppingUnit": false,
			"stopping": "all_path",

			"vfx": "magic/Prefabs_vfx/magic_wall_of_flame_hex",

			"timeBeforeExplosion": 0.5,
			"attackTimeBefore": 0,
			"attackTimeAfter": 2,

			"tags": [ "trap" ],

			"hiddenFromEnemy": false,

			"damageDealer":
			{
				"tags": [ "magic_damage", "pure_damage", "trap_damage", "primal_7_magic_wall_of_flame_damage" ],
				"attackPatternSid" : "attack_single_x100",

						"castTargetParams":   
						{
							"targetTags": ["unit"],
							"selection": "object",
							"castTarget_": "enemy"
						},

						"affectTargetParams":   
						{
							"targetTags": ["unit"],
							"selection": "object",
							"castTarget_": "enemy"
						},

				"damageTarget_": "all",
				"damageType_": "magic_pure",

				"minBaseDmg": 120,
				"maxBaseDmg": 120,
				"minStackDmg": 20,
				"maxStackDmg": 20
			}			
		}
	]  
}
